"","scenario","natal.basin","spawners","fry.migrants","sub.yr","Pn","Cn"
"1","Current","Upper Chehalis: Above Proposed Dam",163,33486,11644,1.76804423772488,375.227358781887
"2","Current","Upper Chehalis: Proposed Dam to Elk Creek",0,0,0,0,NA
"3","Current","Elk Creek",0,0,0,0,NA
"4","Current","Unnamed: Willapa Hills 3",0,0,0,0,NA
"5","Current","South Fork Chehalis",79,20896,6161,1.83567008389599,173.534914582191
"6","Current","Unnamed: Willapa Hills 2",0,0,0,0,NA
"7","Current","Unnamed: Willapa Hills 1",0,0,0,0,NA
"8","Current","Unnamed: Willapa Hills 4",0,0,0,0,NA
"9","Current","Stearns Creek",0,0,0,0,NA
"10","Current","Bunker Creek",0,0,0,0,NA
"11","Current","Unnamed: Central Lowlands 9",0,0,0,0,NA
"12","Current","Newaukum River",490,163603,36645,2.16101853634713,912.04321865667
"13","Current","Dillenbaugh Creek",0,0,0,0,NA
"14","Current","Unnamed: Central Lowlands 8",0,0,0,0,NA
"15","Current","Salzer Creek",0,0,0,0,NA
"16","Current","Unnamed: Cascade Mountains 1",0,0,0,0,NA
"17","Current","Unnamed: Central Lowlands 7",0,0,0,0,NA
"18","Current","Skookumchuck River",268,102252,21909,2.17934838572597,495.244131796584
"19","Current","Lincoln Creek",0,0,0,0,NA
"20","Current","Unnamed: Central Lowlands 6",0,0,0,0,NA
"21","Current","Unnamed: Black River 1",0,0,0,0,NA
"22","Current","Scatter Creek",0,0,0,0,NA
"23","Current","Black River",0,0,0,0,NA
"24","Current","Unnamed: Central Lowlands 5",0,0,0,0,NA
"25","Current","Garrard Creek",0,0,0,0,NA
"26","Current","Unnamed: Black Hills 5",0,0,0,0,NA
"27","Current","Unnamed: Central Lowlands 4",0,0,0,0,NA
"28","Current","Rock Creek (Lower Chehalis)",0,0,0,0,NA
"29","Current","Cedar Creek",0,0,0,0,NA
"30","Current","Unnamed: Black Hills 4",0,0,0,0,NA
"31","Current","Unnamed: Central Lowlands 3",0,0,0,0,NA
"32","Current","Porter Creek",0,0,0,0,NA
"33","Current","Unnamed: Black Hills 3",0,0,0,0,NA
"34","Current","Mox Chehalis Creek",0,0,0,0,NA
"35","Current","Unnamed: Black Hills 2",0,0,0,0,NA
"36","Current","Unnamed: Central Lowlands 2",0,0,0,0,NA
"37","Current","Cloquallum Creek",0,0,0,0,NA
"38","Current","Unnamed: Black Hills 1",0,0,0,0,NA
"39","Current","Unnamed: Central Lowlands 1",0,0,0,0,NA
"40","Current","Satsop River",0,0,0,0,NA
"41","Current","Unnamed: Olympic Mountains 1",0,0,0,0,NA
"42","Current","Wynoochee River",0,0,0,0,NA
"43","Current","Wishkah River",0,0,0,0,NA
"44","Current","Hoquiam River",0,0,0,0,NA
"45","Current","Humptulips River",0,0,0,0,NA
"46","Current","Johns River",0,0,0,0,NA
"47","Current","Elk River",0,0,0,0,NA
"48","Current","Andrews",0,0,0,0,NA
"49","Current","Upper Chehalis Estuary",0,0,0,0,NA
"50","Current","Lower Chehalis Estuary",0,0,0,0,NA
"51","Current","Upper Skookumchuck",0,0,0,0,NA
"52","Current","Mainstem: Upper Chehalis 1",2,16,182,0.971117466594404,NA
"53","Current","Mainstem: Upper Chehalis 2",14,2054,971,1.41244951734266,47.9435480254635
"54","Current","Mainstem: Middle Chehalis 1",19,1480,1517,1.23831556474751,98.7262235898446
"55","Current","Mainstem: Middle Chehalis 2",0,0,0,0.250090138438861,NA
"56","Current","Mainstem: Middle Chehalis 3",0,0,0,0,NA
"57","Current","Mainstem: Lower Chehalis 1",0,0,0,0,NA
"58","Current","Mainstem: Lower Chehalis 2",0,0,0,0,NA
"59","Current","Mainstem: Lower Chehalis 3",0,0,0,0,NA
"60","Current","Mainstem: Lower Chehalis 4",0,0,0,0,NA
"61","Current","Mainstem: Lower Chehalis 5",0,0,0,0,NA
"62","Current","Mainstem: Lower Chehalis 6",0,0,0,0,NA
"63","Current","Mainstem: Lower Chehalis 7",0,0,0,0,NA
"64","Barriers","Upper Chehalis: Above Proposed Dam",163,33486,11644,1.76804423772488,375.227358781887
"65","Barriers","Upper Chehalis: Proposed Dam to Elk Creek",0,0,0,0,NA
"66","Barriers","Elk Creek",0,0,0,0,NA
"67","Barriers","Unnamed: Willapa Hills 3",0,0,0,0,NA
"68","Barriers","South Fork Chehalis",79,20896,6161,1.83567008389599,173.534914582191
"69","Barriers","Unnamed: Willapa Hills 2",0,0,0,0,NA
"70","Barriers","Unnamed: Willapa Hills 1",0,0,0,0,NA
"71","Barriers","Unnamed: Willapa Hills 4",0,0,0,0,NA
"72","Barriers","Stearns Creek",0,0,0,0,NA
"73","Barriers","Bunker Creek",0,0,0,0,NA
"74","Barriers","Unnamed: Central Lowlands 9",0,0,0,0,NA
"75","Barriers","Newaukum River",490,163603,36645,2.16101853634713,912.04321865667
"76","Barriers","Dillenbaugh Creek",0,0,0,0,NA
"77","Barriers","Unnamed: Central Lowlands 8",0,0,0,0,NA
"78","Barriers","Salzer Creek",0,0,0,0,NA
"79","Barriers","Unnamed: Cascade Mountains 1",0,0,0,0,NA
"80","Barriers","Unnamed: Central Lowlands 7",0,0,0,0,NA
"81","Barriers","Skookumchuck River",268,102252,21909,2.17934838572597,495.244131796584
"82","Barriers","Lincoln Creek",0,0,0,0,NA
"83","Barriers","Unnamed: Central Lowlands 6",0,0,0,0,NA
"84","Barriers","Unnamed: Black River 1",0,0,0,0,NA
"85","Barriers","Scatter Creek",0,0,0,0,NA
"86","Barriers","Black River",0,0,0,0,NA
"87","Barriers","Unnamed: Central Lowlands 5",0,0,0,0,NA
"88","Barriers","Garrard Creek",0,0,0,0,NA
"89","Barriers","Unnamed: Black Hills 5",0,0,0,0,NA
"90","Barriers","Unnamed: Central Lowlands 4",0,0,0,0,NA
"91","Barriers","Rock Creek (Lower Chehalis)",0,0,0,0,NA
"92","Barriers","Cedar Creek",0,0,0,0,NA
"93","Barriers","Unnamed: Black Hills 4",0,0,0,0,NA
"94","Barriers","Unnamed: Central Lowlands 3",0,0,0,0,NA
"95","Barriers","Porter Creek",0,0,0,0,NA
"96","Barriers","Unnamed: Black Hills 3",0,0,0,0,NA
"97","Barriers","Mox Chehalis Creek",0,0,0,0,NA
"98","Barriers","Unnamed: Black Hills 2",0,0,0,0,NA
"99","Barriers","Unnamed: Central Lowlands 2",0,0,0,0,NA
"100","Barriers","Cloquallum Creek",0,0,0,0,NA
"101","Barriers","Unnamed: Black Hills 1",0,0,0,0,NA
"102","Barriers","Unnamed: Central Lowlands 1",0,0,0,0,NA
"103","Barriers","Satsop River",0,0,0,0,NA
"104","Barriers","Unnamed: Olympic Mountains 1",0,0,0,0,NA
"105","Barriers","Wynoochee River",0,0,0,0,NA
"106","Barriers","Wishkah River",0,0,0,0,NA
"107","Barriers","Hoquiam River",0,0,0,0,NA
"108","Barriers","Humptulips River",0,0,0,0,NA
"109","Barriers","Johns River",0,0,0,0,NA
"110","Barriers","Elk River",0,0,0,0,NA
"111","Barriers","Andrews",0,0,0,0,NA
"112","Barriers","Upper Chehalis Estuary",0,0,0,0,NA
"113","Barriers","Lower Chehalis Estuary",0,0,0,0,NA
"114","Barriers","Upper Skookumchuck",0,0,0,0,NA
"115","Barriers","Mainstem: Upper Chehalis 1",2,16,182,0.971117466594404,NA
"116","Barriers","Mainstem: Upper Chehalis 2",14,2054,971,1.41244951734266,47.9435480254635
"117","Barriers","Mainstem: Middle Chehalis 1",19,1480,1517,1.23831556474751,98.7262235898446
"118","Barriers","Mainstem: Middle Chehalis 2",0,0,0,0.250090138438861,NA
"119","Barriers","Mainstem: Middle Chehalis 3",0,0,0,0,NA
"120","Barriers","Mainstem: Lower Chehalis 1",0,0,0,0,NA
"121","Barriers","Mainstem: Lower Chehalis 2",0,0,0,0,NA
"122","Barriers","Mainstem: Lower Chehalis 3",0,0,0,0,NA
"123","Barriers","Mainstem: Lower Chehalis 4",0,0,0,0,NA
"124","Barriers","Mainstem: Lower Chehalis 5",0,0,0,0,NA
"125","Barriers","Mainstem: Lower Chehalis 6",0,0,0,0,NA
"126","Barriers","Mainstem: Lower Chehalis 7",0,0,0,0,NA
"127","Fine.sediment","Upper Chehalis: Above Proposed Dam",340,307751,20419,4.06509956061139,450.926249955868
"128","Fine.sediment","Upper Chehalis: Proposed Dam to Elk Creek",0,0,0,0,NA
"129","Fine.sediment","Elk Creek",0,0,0,0,NA
"130","Fine.sediment","Unnamed: Willapa Hills 3",0,0,0,0,NA
"131","Fine.sediment","South Fork Chehalis",139,116300,9619,3.40658836391897,196.758111891494
"132","Fine.sediment","Unnamed: Willapa Hills 2",0,0,0,0,NA
"133","Fine.sediment","Unnamed: Willapa Hills 1",0,0,0,0,NA
"134","Fine.sediment","Unnamed: Willapa Hills 4",0,0,0,0,NA
"135","Fine.sediment","Stearns Creek",0,0,0,0,NA
"136","Fine.sediment","Bunker Creek",0,0,0,0,NA
"137","Fine.sediment","Unnamed: Central Lowlands 9",0,0,0,0,NA
"138","Fine.sediment","Newaukum River",732,578815,49412,3.6191818078398,1011.47658990642
"139","Fine.sediment","Dillenbaugh Creek",0,0,0,0,NA
"140","Fine.sediment","Unnamed: Central Lowlands 8",0,0,0,0,NA
"141","Fine.sediment","Salzer Creek",0,0,0,0,NA
"142","Fine.sediment","Unnamed: Cascade Mountains 1",0,0,0,0,NA
"143","Fine.sediment","Unnamed: Central Lowlands 7",0,0,0,0,NA
"144","Fine.sediment","Skookumchuck River",299,152776,23890,2.56606492558755,489.924395990685
"145","Fine.sediment","Lincoln Creek",0,0,0,0,NA
"146","Fine.sediment","Unnamed: Central Lowlands 6",0,0,0,0,NA
"147","Fine.sediment","Unnamed: Black River 1",0,0,0,0,NA
"148","Fine.sediment","Scatter Creek",0,0,0,0,NA
"149","Fine.sediment","Black River",0,0,0,0,NA
"150","Fine.sediment","Unnamed: Central Lowlands 5",0,0,0,0,NA
"151","Fine.sediment","Garrard Creek",0,0,0,0,NA
"152","Fine.sediment","Unnamed: Black Hills 5",0,0,0,0,NA
"153","Fine.sediment","Unnamed: Central Lowlands 4",0,0,0,0,NA
"154","Fine.sediment","Rock Creek (Lower Chehalis)",0,0,0,0,NA
"155","Fine.sediment","Cedar Creek",0,0,0,0,NA
"156","Fine.sediment","Unnamed: Black Hills 4",0,0,0,0,NA
"157","Fine.sediment","Unnamed: Central Lowlands 3",0,0,0,0,NA
"158","Fine.sediment","Porter Creek",0,0,0,0,NA
"159","Fine.sediment","Unnamed: Black Hills 3",0,0,0,0,NA
"160","Fine.sediment","Mox Chehalis Creek",0,0,0,0,NA
"161","Fine.sediment","Unnamed: Black Hills 2",0,0,0,0,NA
"162","Fine.sediment","Unnamed: Central Lowlands 2",0,0,0,0,NA
"163","Fine.sediment","Cloquallum Creek",0,0,0,0,NA
"164","Fine.sediment","Unnamed: Black Hills 1",0,0,0,0,NA
"165","Fine.sediment","Unnamed: Central Lowlands 1",0,0,0,0,NA
"166","Fine.sediment","Satsop River",0,0,0,0,NA
"167","Fine.sediment","Unnamed: Olympic Mountains 1",0,0,0,0,NA
"168","Fine.sediment","Wynoochee River",0,0,0,0,NA
"169","Fine.sediment","Wishkah River",0,0,0,0,NA
"170","Fine.sediment","Hoquiam River",0,0,0,0,NA
"171","Fine.sediment","Humptulips River",0,0,0,0,NA
"172","Fine.sediment","Johns River",0,0,0,0,NA
"173","Fine.sediment","Elk River",0,0,0,0,NA
"174","Fine.sediment","Andrews",0,0,0,0,NA
"175","Fine.sediment","Upper Chehalis Estuary",0,0,0,0,NA
"176","Fine.sediment","Lower Chehalis Estuary",0,0,0,0,NA
"177","Fine.sediment","Upper Skookumchuck",0,0,0,0,NA
"178","Fine.sediment","Mainstem: Upper Chehalis 1",34,8381,2754,1.74251449790096,79.7903516983384
"179","Fine.sediment","Mainstem: Upper Chehalis 2",25,13324,1606,2.29828665850096,44.2561479672491
"180","Fine.sediment","Mainstem: Middle Chehalis 1",49,19179,3698,2.13352805728633,92.2278669107725
"181","Fine.sediment","Mainstem: Middle Chehalis 2",0,0,0,0.249569829437847,NA
"182","Fine.sediment","Mainstem: Middle Chehalis 3",0,0,0,0,NA
"183","Fine.sediment","Mainstem: Lower Chehalis 1",0,0,0,0,NA
"184","Fine.sediment","Mainstem: Lower Chehalis 2",0,0,0,0,NA
"185","Fine.sediment","Mainstem: Lower Chehalis 3",0,0,0,0,NA
"186","Fine.sediment","Mainstem: Lower Chehalis 4",0,0,0,0,NA
"187","Fine.sediment","Mainstem: Lower Chehalis 5",0,0,0,0,NA
"188","Fine.sediment","Mainstem: Lower Chehalis 6",0,0,0,0,NA
"189","Fine.sediment","Mainstem: Lower Chehalis 7",0,0,0,0,NA
"190","Wood","Upper Chehalis: Above Proposed Dam",206,46773,14644,1.9375335509448,425.725469869748
"191","Wood","Upper Chehalis: Proposed Dam to Elk Creek",0,0,0,0,NA
"192","Wood","Elk Creek",0,0,0,0,NA
"193","Wood","Unnamed: Willapa Hills 3",0,0,0,0,NA
"194","Wood","South Fork Chehalis",103,29651,8041,2.01481960938206,204.495870840255
"195","Wood","Unnamed: Willapa Hills 2",0,0,0,0,NA
"196","Wood","Unnamed: Willapa Hills 1",0,0,0,0,NA
"197","Wood","Unnamed: Willapa Hills 4",0,0,0,0,NA
"198","Wood","Stearns Creek",0,0,0,0,NA
"199","Wood","Bunker Creek",0,0,0,0,NA
"200","Wood","Unnamed: Central Lowlands 9",0,0,0,0,NA
"201","Wood","Newaukum River",644,238048,47880,2.41490603230899,1099.15390089125
"202","Wood","Dillenbaugh Creek",0,0,0,0,NA
"203","Wood","Unnamed: Central Lowlands 8",0,0,0,0,NA
"204","Wood","Salzer Creek",0,0,0,0,NA
"205","Wood","Unnamed: Cascade Mountains 1",0,0,0,0,NA
"206","Wood","Unnamed: Central Lowlands 7",0,0,0,0,NA
"207","Wood","Skookumchuck River",356,147309,28959,2.41411346054885,607.747833488431
"208","Wood","Lincoln Creek",0,0,0,0,NA
"209","Wood","Unnamed: Central Lowlands 6",0,0,0,0,NA
"210","Wood","Unnamed: Black River 1",0,0,0,0,NA
"211","Wood","Scatter Creek",0,0,0,0,NA
"212","Wood","Black River",0,0,0,0,NA
"213","Wood","Unnamed: Central Lowlands 5",0,0,0,0,NA
"214","Wood","Garrard Creek",0,0,0,0,NA
"215","Wood","Unnamed: Black Hills 5",0,0,0,0,NA
"216","Wood","Unnamed: Central Lowlands 4",0,0,0,0,NA
"217","Wood","Rock Creek (Lower Chehalis)",0,0,0,0,NA
"218","Wood","Cedar Creek",0,0,0,0,NA
"219","Wood","Unnamed: Black Hills 4",0,0,0,0,NA
"220","Wood","Unnamed: Central Lowlands 3",0,0,0,0,NA
"221","Wood","Porter Creek",0,0,0,0,NA
"222","Wood","Unnamed: Black Hills 3",0,0,0,0,NA
"223","Wood","Mox Chehalis Creek",0,0,0,0,NA
"224","Wood","Unnamed: Black Hills 2",0,0,0,0,NA
"225","Wood","Unnamed: Central Lowlands 2",0,0,0,0,NA
"226","Wood","Cloquallum Creek",0,0,0,0,NA
"227","Wood","Unnamed: Black Hills 1",0,0,0,0,NA
"228","Wood","Unnamed: Central Lowlands 1",0,0,0,0,NA
"229","Wood","Satsop River",0,0,0,0,NA
"230","Wood","Unnamed: Olympic Mountains 1",0,0,0,0,NA
"231","Wood","Wynoochee River",0,0,0,0,NA
"232","Wood","Wishkah River",0,0,0,0,NA
"233","Wood","Hoquiam River",0,0,0,0,NA
"234","Wood","Humptulips River",0,0,0,0,NA
"235","Wood","Johns River",0,0,0,0,NA
"236","Wood","Elk River",0,0,0,0,NA
"237","Wood","Andrews",0,0,0,0,NA
"238","Wood","Upper Chehalis Estuary",0,0,0,0,NA
"239","Wood","Lower Chehalis Estuary",0,0,0,0,NA
"240","Wood","Upper Skookumchuck",0,0,0,0,NA
"241","Wood","Mainstem: Upper Chehalis 1",7,150,595,1.06334427991783,117.507215633048
"242","Wood","Mainstem: Upper Chehalis 2",18,3057,1268,1.56779556211844,49.7015510527104
"243","Wood","Mainstem: Middle Chehalis 1",29,3013,2338,1.37668935776649,105.986512631921
"244","Wood","Mainstem: Middle Chehalis 2",0,0,0,0.273453572919895,NA
"245","Wood","Mainstem: Middle Chehalis 3",0,0,0,0,NA
"246","Wood","Mainstem: Lower Chehalis 1",0,0,0,0,NA
"247","Wood","Mainstem: Lower Chehalis 2",0,0,0,0,NA
"248","Wood","Mainstem: Lower Chehalis 3",0,0,0,0,NA
"249","Wood","Mainstem: Lower Chehalis 4",0,0,0,0,NA
"250","Wood","Mainstem: Lower Chehalis 5",0,0,0,0,NA
"251","Wood","Mainstem: Lower Chehalis 6",0,0,0,0,NA
"252","Wood","Mainstem: Lower Chehalis 7",0,0,0,0,NA
"253","Shade","Upper Chehalis: Above Proposed Dam",212,50288,13483,2.00611170035372,422.712190232423
"254","Shade","Upper Chehalis: Proposed Dam to Elk Creek",0,0,0,0,NA
"255","Shade","Elk Creek",0,0,0,0,NA
"256","Shade","Unnamed: Willapa Hills 3",0,0,0,0,NA
"257","Shade","South Fork Chehalis",120,38917,7642,2.25660725492778,215.495230931876
"258","Shade","Unnamed: Willapa Hills 2",0,0,0,0,NA
"259","Shade","Unnamed: Willapa Hills 1",0,0,0,0,NA
"260","Shade","Unnamed: Willapa Hills 4",0,0,0,0,NA
"261","Shade","Stearns Creek",0,0,0,0,NA
"262","Shade","Bunker Creek",0,0,0,0,NA
"263","Shade","Unnamed: Central Lowlands 9",0,0,0,0,NA
"264","Shade","Newaukum River",684,264092,42835,2.59644672748443,1112.45150309387
"265","Shade","Dillenbaugh Creek",0,0,0,0,NA
"266","Shade","Unnamed: Central Lowlands 8",0,0,0,0,NA
"267","Shade","Salzer Creek",0,0,0,0,NA
"268","Shade","Unnamed: Cascade Mountains 1",0,0,0,0,NA
"269","Shade","Unnamed: Central Lowlands 7",0,0,0,0,NA
"270","Shade","Skookumchuck River",381,168665,25698,2.65144406198488,611.707178505383
"271","Shade","Lincoln Creek",0,0,0,0,NA
"272","Shade","Unnamed: Central Lowlands 6",0,0,0,0,NA
"273","Shade","Unnamed: Black River 1",0,0,0,0,NA
"274","Shade","Scatter Creek",0,0,0,0,NA
"275","Shade","Black River",0,0,0,0,NA
"276","Shade","Unnamed: Central Lowlands 5",0,0,0,0,NA
"277","Shade","Garrard Creek",0,0,0,0,NA
"278","Shade","Unnamed: Black Hills 5",0,0,0,0,NA
"279","Shade","Unnamed: Central Lowlands 4",0,0,0,0,NA
"280","Shade","Rock Creek (Lower Chehalis)",0,0,0,0,NA
"281","Shade","Cedar Creek",0,0,0,0,NA
"282","Shade","Unnamed: Black Hills 4",0,0,0,0,NA
"283","Shade","Unnamed: Central Lowlands 3",0,0,0,0,NA
"284","Shade","Porter Creek",0,0,0,0,NA
"285","Shade","Unnamed: Black Hills 3",0,0,0,0,NA
"286","Shade","Mox Chehalis Creek",0,0,0,0,NA
"287","Shade","Unnamed: Black Hills 2",0,0,0,0,NA
"288","Shade","Unnamed: Central Lowlands 2",0,0,0,0,NA
"289","Shade","Cloquallum Creek",0,0,0,0,NA
"290","Shade","Unnamed: Black Hills 1",0,0,0,0,NA
"291","Shade","Unnamed: Central Lowlands 1",0,0,0,0,NA
"292","Shade","Satsop River",0,0,0,0,NA
"293","Shade","Unnamed: Olympic Mountains 1",0,0,0,0,NA
"294","Shade","Wynoochee River",0,0,0,0,NA
"295","Shade","Wishkah River",0,0,0,0,NA
"296","Shade","Hoquiam River",0,0,0,0,NA
"297","Shade","Humptulips River",0,0,0,0,NA
"298","Shade","Johns River",0,0,0,0,NA
"299","Shade","Elk River",0,0,0,0,NA
"300","Shade","Andrews",0,0,0,0,NA
"301","Shade","Upper Chehalis Estuary",0,0,0,0,NA
"302","Shade","Lower Chehalis Estuary",0,0,0,0,NA
"303","Shade","Upper Skookumchuck",0,0,0,0,NA
"304","Shade","Mainstem: Upper Chehalis 1",10,302,728,1.10472313935322,105.489879903913
"305","Shade","Mainstem: Upper Chehalis 2",17,2941,1090,1.55339139473288,47.7196681441096
"306","Shade","Mainstem: Middle Chehalis 1",33,3982,2292,1.45813873479774,105.030582645602
"307","Shade","Mainstem: Middle Chehalis 2",0,0,0,0.329360800460938,NA
"308","Shade","Mainstem: Middle Chehalis 3",0,0,0,0,NA
"309","Shade","Mainstem: Lower Chehalis 1",0,0,0,0,NA
"310","Shade","Mainstem: Lower Chehalis 2",0,0,0,0,NA
"311","Shade","Mainstem: Lower Chehalis 3",0,0,0,0,NA
"312","Shade","Mainstem: Lower Chehalis 4",0,0,0,0,NA
"313","Shade","Mainstem: Lower Chehalis 5",0,0,0,0,NA
"314","Shade","Mainstem: Lower Chehalis 6",0,0,0,0,NA
"315","Shade","Mainstem: Lower Chehalis 7",0,0,0,0,NA
"316","LR.bank","Upper Chehalis: Above Proposed Dam",165,34040,11798,1.77018024051566,379.235566326043
"317","LR.bank","Upper Chehalis: Proposed Dam to Elk Creek",0,0,0,0,NA
"318","LR.bank","Elk Creek",0,0,0,0,NA
"319","LR.bank","Unnamed: Willapa Hills 3",0,0,0,0,NA
"320","LR.bank","South Fork Chehalis",81,21632,6360,1.83933839277814,177.504581104525
"321","LR.bank","Unnamed: Willapa Hills 2",0,0,0,0,NA
"322","LR.bank","Unnamed: Willapa Hills 1",0,0,0,0,NA
"323","LR.bank","Unnamed: Willapa Hills 4",0,0,0,0,NA
"324","LR.bank","Stearns Creek",0,0,0,0,NA
"325","LR.bank","Bunker Creek",0,0,0,0,NA
"326","LR.bank","Unnamed: Central Lowlands 9",0,0,0,0,NA
"327","LR.bank","Newaukum River",496,166205,37139,2.16288057181697,922.527032973827
"328","LR.bank","Dillenbaugh Creek",0,0,0,0,NA
"329","LR.bank","Unnamed: Central Lowlands 8",0,0,0,0,NA
"330","LR.bank","Salzer Creek",0,0,0,0,NA
"331","LR.bank","Unnamed: Cascade Mountains 1",0,0,0,0,NA
"332","LR.bank","Unnamed: Central Lowlands 7",0,0,0,0,NA
"333","LR.bank","Skookumchuck River",282,107795,23059,2.1827072440162,520.436013161121
"334","LR.bank","Lincoln Creek",0,0,0,0,NA
"335","LR.bank","Unnamed: Central Lowlands 6",0,0,0,0,NA
"336","LR.bank","Unnamed: Black River 1",0,0,0,0,NA
"337","LR.bank","Scatter Creek",0,0,0,0,NA
"338","LR.bank","Black River",0,0,0,0,NA
"339","LR.bank","Unnamed: Central Lowlands 5",0,0,0,0,NA
"340","LR.bank","Garrard Creek",0,0,0,0,NA
"341","LR.bank","Unnamed: Black Hills 5",0,0,0,0,NA
"342","LR.bank","Unnamed: Central Lowlands 4",0,0,0,0,NA
"343","LR.bank","Rock Creek (Lower Chehalis)",0,0,0,0,NA
"344","LR.bank","Cedar Creek",0,0,0,0,NA
"345","LR.bank","Unnamed: Black Hills 4",0,0,0,0,NA
"346","LR.bank","Unnamed: Central Lowlands 3",0,0,0,0,NA
"347","LR.bank","Porter Creek",0,0,0,0,NA
"348","LR.bank","Unnamed: Black Hills 3",0,0,0,0,NA
"349","LR.bank","Mox Chehalis Creek",0,0,0,0,NA
"350","LR.bank","Unnamed: Black Hills 2",0,0,0,0,NA
"351","LR.bank","Unnamed: Central Lowlands 2",0,0,0,0,NA
"352","LR.bank","Cloquallum Creek",0,0,0,0,NA
"353","LR.bank","Unnamed: Black Hills 1",0,0,0,0,NA
"354","LR.bank","Unnamed: Central Lowlands 1",0,0,0,0,NA
"355","LR.bank","Satsop River",0,0,0,0,NA
"356","LR.bank","Unnamed: Olympic Mountains 1",0,0,0,0,NA
"357","LR.bank","Wynoochee River",0,0,0,0,NA
"358","LR.bank","Wishkah River",0,0,0,0,NA
"359","LR.bank","Hoquiam River",0,0,0,0,NA
"360","LR.bank","Humptulips River",0,0,0,0,NA
"361","LR.bank","Johns River",0,0,0,0,NA
"362","LR.bank","Elk River",0,0,0,0,NA
"363","LR.bank","Andrews",0,0,0,0,NA
"364","LR.bank","Upper Chehalis Estuary",0,0,0,0,NA
"365","LR.bank","Lower Chehalis Estuary",0,0,0,0,NA
"366","LR.bank","Upper Skookumchuck",0,0,0,0,NA
"367","LR.bank","Mainstem: Upper Chehalis 1",2,17,186,0.972259840238715,NA
"368","LR.bank","Mainstem: Upper Chehalis 2",15,2176,1024,1.42474867968887,50.3150008870835
"369","LR.bank","Mainstem: Middle Chehalis 1",21,1653,1670,1.24841119925778,105.537251391022
"370","LR.bank","Mainstem: Middle Chehalis 2",0,0,0,0.250273508362845,NA
"371","LR.bank","Mainstem: Middle Chehalis 3",0,0,0,0,NA
"372","LR.bank","Mainstem: Lower Chehalis 1",0,0,0,0,NA
"373","LR.bank","Mainstem: Lower Chehalis 2",0,0,0,0,NA
"374","LR.bank","Mainstem: Lower Chehalis 3",0,0,0,0,NA
"375","LR.bank","Mainstem: Lower Chehalis 4",0,0,0,0,NA
"376","LR.bank","Mainstem: Lower Chehalis 5",0,0,0,0,NA
"377","LR.bank","Mainstem: Lower Chehalis 6",0,0,0,0,NA
"378","LR.bank","Mainstem: Lower Chehalis 7",0,0,0,0,NA
"379","LR.length","Upper Chehalis: Above Proposed Dam",163,33323,11609,1.76876498285104,375.028387915769
"380","LR.length","Upper Chehalis: Proposed Dam to Elk Creek",0,0,0,0,NA
"381","LR.length","Elk Creek",0,0,0,0,NA
"382","LR.length","Unnamed: Willapa Hills 3",0,0,0,0,NA
"383","LR.length","South Fork Chehalis",78,20775,6138,1.8366436329632,171.229658276059
"384","LR.length","Unnamed: Willapa Hills 2",0,0,0,0,NA
"385","LR.length","Unnamed: Willapa Hills 1",0,0,0,0,NA
"386","LR.length","Unnamed: Willapa Hills 4",0,0,0,0,NA
"387","LR.length","Stearns Creek",0,0,0,0,NA
"388","LR.length","Bunker Creek",0,0,0,0,NA
"389","LR.length","Unnamed: Central Lowlands 9",0,0,0,0,NA
"390","LR.length","Newaukum River",488,162637,36503,2.16226123329215,907.871183879823
"391","LR.length","Dillenbaugh Creek",0,0,0,0,NA
"392","LR.length","Unnamed: Central Lowlands 8",0,0,0,0,NA
"393","LR.length","Salzer Creek",0,0,0,0,NA
"394","LR.length","Unnamed: Cascade Mountains 1",0,0,0,0,NA
"395","LR.length","Unnamed: Central Lowlands 7",0,0,0,0,NA
"396","LR.length","Skookumchuck River",344,131022,28172,2.19074549651453,632.894647098758
"397","LR.length","Lincoln Creek",0,0,0,0,NA
"398","LR.length","Unnamed: Central Lowlands 6",0,0,0,0,NA
"399","LR.length","Unnamed: Black River 1",0,0,0,0,NA
"400","LR.length","Scatter Creek",0,0,0,0,NA
"401","LR.length","Black River",0,0,0,0,NA
"402","LR.length","Unnamed: Central Lowlands 5",0,0,0,0,NA
"403","LR.length","Garrard Creek",0,0,0,0,NA
"404","LR.length","Unnamed: Black Hills 5",0,0,0,0,NA
"405","LR.length","Unnamed: Central Lowlands 4",0,0,0,0,NA
"406","LR.length","Rock Creek (Lower Chehalis)",0,0,0,0,NA
"407","LR.length","Cedar Creek",0,0,0,0,NA
"408","LR.length","Unnamed: Black Hills 4",0,0,0,0,NA
"409","LR.length","Unnamed: Central Lowlands 3",0,0,0,0,NA
"410","LR.length","Porter Creek",0,0,0,0,NA
"411","LR.length","Unnamed: Black Hills 3",0,0,0,0,NA
"412","LR.length","Mox Chehalis Creek",0,0,0,0,NA
"413","LR.length","Unnamed: Black Hills 2",0,0,0,0,NA
"414","LR.length","Unnamed: Central Lowlands 2",0,0,0,0,NA
"415","LR.length","Cloquallum Creek",0,0,0,0,NA
"416","LR.length","Unnamed: Black Hills 1",0,0,0,0,NA
"417","LR.length","Unnamed: Central Lowlands 1",0,0,0,0,NA
"418","LR.length","Satsop River",0,0,0,0,NA
"419","LR.length","Unnamed: Olympic Mountains 1",0,0,0,0,NA
"420","LR.length","Wynoochee River",0,0,0,0,NA
"421","LR.length","Wishkah River",0,0,0,0,NA
"422","LR.length","Hoquiam River",0,0,0,0,NA
"423","LR.length","Humptulips River",0,0,0,0,NA
"424","LR.length","Johns River",0,0,0,0,NA
"425","LR.length","Elk River",0,0,0,0,NA
"426","LR.length","Andrews",0,0,0,0,NA
"427","LR.length","Upper Chehalis Estuary",0,0,0,0,NA
"428","LR.length","Lower Chehalis Estuary",0,0,0,0,NA
"429","LR.length","Upper Skookumchuck",0,0,0,0,NA
"430","LR.length","Mainstem: Upper Chehalis 1",2,16,182,0.971117466594404,NA
"431","LR.length","Mainstem: Upper Chehalis 2",14,2055,971,1.41244951734266,47.9435480254635
"432","LR.length","Mainstem: Middle Chehalis 1",19,1481,1517,1.23831556474751,98.7262235898446
"433","LR.length","Mainstem: Middle Chehalis 2",0,0,0,0.250229446776896,NA
"434","LR.length","Mainstem: Middle Chehalis 3",0,0,0,0,NA
"435","LR.length","Mainstem: Lower Chehalis 1",0,0,0,0,NA
"436","LR.length","Mainstem: Lower Chehalis 2",0,0,0,0,NA
"437","LR.length","Mainstem: Lower Chehalis 3",0,0,0,0,NA
"438","LR.length","Mainstem: Lower Chehalis 4",0,0,0,0,NA
"439","LR.length","Mainstem: Lower Chehalis 5",0,0,0,0,NA
"440","LR.length","Mainstem: Lower Chehalis 6",0,0,0,0,NA
"441","LR.length","Mainstem: Lower Chehalis 7",0,0,0,0,NA
"442","Beaver","Upper Chehalis: Above Proposed Dam",164,33569,11678,1.76864907109665,377.361345465516
"443","Beaver","Upper Chehalis: Proposed Dam to Elk Creek",0,0,0,0,NA
"444","Beaver","Elk Creek",0,0,0,0,NA
"445","Beaver","Unnamed: Willapa Hills 3",0,0,0,0,NA
"446","Beaver","South Fork Chehalis",81,21308,6344,1.83455498341995,178.057715320407
"447","Beaver","Unnamed: Willapa Hills 2",0,0,0,0,NA
"448","Beaver","Unnamed: Willapa Hills 1",0,0,0,0,NA
"449","Beaver","Unnamed: Willapa Hills 4",0,0,0,0,NA
"450","Beaver","Stearns Creek",0,0,0,0,NA
"451","Beaver","Bunker Creek",0,0,0,0,NA
"452","Beaver","Unnamed: Central Lowlands 9",0,0,0,0,NA
"453","Beaver","Newaukum River",495,165379,37087,2.16251710774949,920.80018539105
"454","Beaver","Dillenbaugh Creek",0,0,0,0,NA
"455","Beaver","Unnamed: Central Lowlands 8",0,0,0,0,NA
"456","Beaver","Salzer Creek",0,0,0,0,NA
"457","Beaver","Unnamed: Cascade Mountains 1",0,0,0,0,NA
"458","Beaver","Unnamed: Central Lowlands 7",0,0,0,0,NA
"459","Beaver","Skookumchuck River",267,101896,21871,2.17826891129219,493.603619463391
"460","Beaver","Lincoln Creek",0,0,0,0,NA
"461","Beaver","Unnamed: Central Lowlands 6",0,0,0,0,NA
"462","Beaver","Unnamed: Black River 1",0,0,0,0,NA
"463","Beaver","Scatter Creek",0,0,0,0,NA
"464","Beaver","Black River",0,0,0,0,NA
"465","Beaver","Unnamed: Central Lowlands 5",0,0,0,0,NA
"466","Beaver","Garrard Creek",0,0,0,0,NA
"467","Beaver","Unnamed: Black Hills 5",0,0,0,0,NA
"468","Beaver","Unnamed: Central Lowlands 4",0,0,0,0,NA
"469","Beaver","Rock Creek (Lower Chehalis)",0,0,0,0,NA
"470","Beaver","Cedar Creek",0,0,0,0,NA
"471","Beaver","Unnamed: Black Hills 4",0,0,0,0,NA
"472","Beaver","Unnamed: Central Lowlands 3",0,0,0,0,NA
"473","Beaver","Porter Creek",0,0,0,0,NA
"474","Beaver","Unnamed: Black Hills 3",0,0,0,0,NA
"475","Beaver","Mox Chehalis Creek",0,0,0,0,NA
"476","Beaver","Unnamed: Black Hills 2",0,0,0,0,NA
"477","Beaver","Unnamed: Central Lowlands 2",0,0,0,0,NA
"478","Beaver","Cloquallum Creek",0,0,0,0,NA
"479","Beaver","Unnamed: Black Hills 1",0,0,0,0,NA
"480","Beaver","Unnamed: Central Lowlands 1",0,0,0,0,NA
"481","Beaver","Satsop River",0,0,0,0,NA
"482","Beaver","Unnamed: Olympic Mountains 1",0,0,0,0,NA
"483","Beaver","Wynoochee River",0,0,0,0,NA
"484","Beaver","Wishkah River",0,0,0,0,NA
"485","Beaver","Hoquiam River",0,0,0,0,NA
"486","Beaver","Humptulips River",0,0,0,0,NA
"487","Beaver","Johns River",0,0,0,0,NA
"488","Beaver","Elk River",0,0,0,0,NA
"489","Beaver","Andrews",0,0,0,0,NA
"490","Beaver","Upper Chehalis Estuary",0,0,0,0,NA
"491","Beaver","Lower Chehalis Estuary",0,0,0,0,NA
"492","Beaver","Upper Skookumchuck",0,0,0,0,NA
"493","Beaver","Mainstem: Upper Chehalis 1",2,16,181,0.971117410400476,NA
"494","Beaver","Mainstem: Upper Chehalis 2",14,2052,971,1.41244933730469,47.9435628421382
"495","Beaver","Mainstem: Middle Chehalis 1",19,1479,1516,1.23831550258322,98.7262443863258
"496","Beaver","Mainstem: Middle Chehalis 2",0,0,0,0.250091204030021,NA
"497","Beaver","Mainstem: Middle Chehalis 3",0,0,0,0,NA
"498","Beaver","Mainstem: Lower Chehalis 1",0,0,0,0,NA
"499","Beaver","Mainstem: Lower Chehalis 2",0,0,0,0,NA
"500","Beaver","Mainstem: Lower Chehalis 3",0,0,0,0,NA
"501","Beaver","Mainstem: Lower Chehalis 4",0,0,0,0,NA
"502","Beaver","Mainstem: Lower Chehalis 5",0,0,0,0,NA
"503","Beaver","Mainstem: Lower Chehalis 6",0,0,0,0,NA
"504","Beaver","Mainstem: Lower Chehalis 7",0,0,0,0,NA
"505","Floodplain","Upper Chehalis: Above Proposed Dam",218,52083,13702,2.02595667451051,430.484606237402
"506","Floodplain","Upper Chehalis: Proposed Dam to Elk Creek",0,0,0,0,NA
"507","Floodplain","Elk Creek",0,0,0,0,NA
"508","Floodplain","Unnamed: Willapa Hills 3",0,0,0,0,NA
"509","Floodplain","South Fork Chehalis",107,33176,7339,2.13520560590115,201.256053215189
"510","Floodplain","Unnamed: Willapa Hills 2",0,0,0,0,NA
"511","Floodplain","Unnamed: Willapa Hills 1",0,0,0,0,NA
"512","Floodplain","Unnamed: Willapa Hills 4",0,0,0,0,NA
"513","Floodplain","Stearns Creek",0,0,0,0,NA
"514","Floodplain","Bunker Creek",0,0,0,0,NA
"515","Floodplain","Unnamed: Central Lowlands 9",0,0,0,0,NA
"516","Floodplain","Newaukum River",611,224875,41339,2.43828304549561,1035.81207152759
"517","Floodplain","Dillenbaugh Creek",0,0,0,0,NA
"518","Floodplain","Unnamed: Central Lowlands 8",0,0,0,0,NA
"519","Floodplain","Salzer Creek",0,0,0,0,NA
"520","Floodplain","Unnamed: Cascade Mountains 1",0,0,0,0,NA
"521","Floodplain","Unnamed: Central Lowlands 7",0,0,0,0,NA
"522","Floodplain","Skookumchuck River",396,183714,26900,2.71119466280029,627.417271575616
"523","Floodplain","Lincoln Creek",0,0,0,0,NA
"524","Floodplain","Unnamed: Central Lowlands 6",0,0,0,0,NA
"525","Floodplain","Unnamed: Black River 1",0,0,0,0,NA
"526","Floodplain","Scatter Creek",0,0,0,0,NA
"527","Floodplain","Black River",0,0,0,0,NA
"528","Floodplain","Unnamed: Central Lowlands 5",0,0,0,0,NA
"529","Floodplain","Garrard Creek",0,0,0,0,NA
"530","Floodplain","Unnamed: Black Hills 5",0,0,0,0,NA
"531","Floodplain","Unnamed: Central Lowlands 4",0,0,0,0,NA
"532","Floodplain","Rock Creek (Lower Chehalis)",0,0,0,0,NA
"533","Floodplain","Cedar Creek",0,0,0,0,NA
"534","Floodplain","Unnamed: Black Hills 4",0,0,0,0,NA
"535","Floodplain","Unnamed: Central Lowlands 3",0,0,0,0,NA
"536","Floodplain","Porter Creek",0,0,0,0,NA
"537","Floodplain","Unnamed: Black Hills 3",0,0,0,0,NA
"538","Floodplain","Mox Chehalis Creek",0,0,0,0,NA
"539","Floodplain","Unnamed: Black Hills 2",0,0,0,0,NA
"540","Floodplain","Unnamed: Central Lowlands 2",0,0,0,0,NA
"541","Floodplain","Cloquallum Creek",0,0,0,0,NA
"542","Floodplain","Unnamed: Black Hills 1",0,0,0,0,NA
"543","Floodplain","Unnamed: Central Lowlands 1",0,0,0,0,NA
"544","Floodplain","Satsop River",0,0,0,0,NA
"545","Floodplain","Unnamed: Olympic Mountains 1",0,0,0,0,NA
"546","Floodplain","Wynoochee River",0,0,0,0,NA
"547","Floodplain","Wishkah River",0,0,0,0,NA
"548","Floodplain","Hoquiam River",0,0,0,0,NA
"549","Floodplain","Humptulips River",0,0,0,0,NA
"550","Floodplain","Johns River",0,0,0,0,NA
"551","Floodplain","Elk River",0,0,0,0,NA
"552","Floodplain","Andrews",0,0,0,0,NA
"553","Floodplain","Upper Chehalis Estuary",0,0,0,0,NA
"554","Floodplain","Lower Chehalis Estuary",0,0,0,0,NA
"555","Floodplain","Upper Skookumchuck",0,0,0,0,NA
"556","Floodplain","Mainstem: Upper Chehalis 1",11,392,821,1.12544056266227,98.6909331921263
"557","Floodplain","Mainstem: Upper Chehalis 2",18,3224,1135,1.5916386671876,48.4239749669581
"558","Floodplain","Mainstem: Middle Chehalis 1",33,4008,2291,1.45934563440653,104.841327158003
"559","Floodplain","Mainstem: Middle Chehalis 2",0,0,0,0.321117025300881,NA
"560","Floodplain","Mainstem: Middle Chehalis 3",0,0,0,0,NA
"561","Floodplain","Mainstem: Lower Chehalis 1",0,0,0,0,NA
"562","Floodplain","Mainstem: Lower Chehalis 2",0,0,0,0,NA
"563","Floodplain","Mainstem: Lower Chehalis 3",0,0,0,0,NA
"564","Floodplain","Mainstem: Lower Chehalis 4",0,0,0,0,NA
"565","Floodplain","Mainstem: Lower Chehalis 5",0,0,0,0,NA
"566","Floodplain","Mainstem: Lower Chehalis 6",0,0,0,0,NA
"567","Floodplain","Mainstem: Lower Chehalis 7",0,0,0,0,NA
"568","FP.wood.comb","Upper Chehalis: Above Proposed Dam",268,69314,16810,2.21873959527294,487.89931322448
"569","FP.wood.comb","Upper Chehalis: Proposed Dam to Elk Creek",0,0,0,0,NA
"570","FP.wood.comb","Elk Creek",0,0,0,0,NA
"571","FP.wood.comb","Unnamed: Willapa Hills 3",0,0,0,0,NA
"572","FP.wood.comb","South Fork Chehalis",138,45042,9359,2.34187276730406,240.841344844678
"573","FP.wood.comb","Unnamed: Willapa Hills 2",0,0,0,0,NA
"574","FP.wood.comb","Unnamed: Willapa Hills 1",0,0,0,0,NA
"575","FP.wood.comb","Unnamed: Willapa Hills 4",0,0,0,0,NA
"576","FP.wood.comb","Stearns Creek",0,0,0,0,NA
"577","FP.wood.comb","Bunker Creek",0,0,0,0,NA
"578","FP.wood.comb","Unnamed: Central Lowlands 9",0,0,0,0,NA
"579","FP.wood.comb","Newaukum River",789,315907,53020,2.7199320457818,1247.73905421732
"580","FP.wood.comb","Dillenbaugh Creek",0,0,0,0,NA
"581","FP.wood.comb","Unnamed: Central Lowlands 8",0,0,0,0,NA
"582","FP.wood.comb","Salzer Creek",0,0,0,0,NA
"583","FP.wood.comb","Unnamed: Cascade Mountains 1",0,0,0,0,NA
"584","FP.wood.comb","Unnamed: Central Lowlands 7",0,0,0,0,NA
"585","FP.wood.comb","Skookumchuck River",513,251255,34693,2.99450270776802,770.206970941685
"586","FP.wood.comb","Lincoln Creek",0,0,0,0,NA
"587","FP.wood.comb","Unnamed: Central Lowlands 6",0,0,0,0,NA
"588","FP.wood.comb","Unnamed: Black River 1",0,0,0,0,NA
"589","FP.wood.comb","Scatter Creek",0,0,0,0,NA
"590","FP.wood.comb","Black River",0,0,0,0,NA
"591","FP.wood.comb","Unnamed: Central Lowlands 5",0,0,0,0,NA
"592","FP.wood.comb","Garrard Creek",0,0,0,0,NA
"593","FP.wood.comb","Unnamed: Black Hills 5",0,0,0,0,NA
"594","FP.wood.comb","Unnamed: Central Lowlands 4",0,0,0,0,NA
"595","FP.wood.comb","Rock Creek (Lower Chehalis)",0,0,0,0,NA
"596","FP.wood.comb","Cedar Creek",0,0,0,0,NA
"597","FP.wood.comb","Unnamed: Black Hills 4",0,0,0,0,NA
"598","FP.wood.comb","Unnamed: Central Lowlands 3",0,0,0,0,NA
"599","FP.wood.comb","Porter Creek",0,0,0,0,NA
"600","FP.wood.comb","Unnamed: Black Hills 3",0,0,0,0,NA
"601","FP.wood.comb","Mox Chehalis Creek",0,0,0,0,NA
"602","FP.wood.comb","Unnamed: Black Hills 2",0,0,0,0,NA
"603","FP.wood.comb","Unnamed: Central Lowlands 2",0,0,0,0,NA
"604","FP.wood.comb","Cloquallum Creek",0,0,0,0,NA
"605","FP.wood.comb","Unnamed: Black Hills 1",0,0,0,0,NA
"606","FP.wood.comb","Unnamed: Central Lowlands 1",0,0,0,0,NA
"607","FP.wood.comb","Satsop River",0,0,0,0,NA
"608","FP.wood.comb","Unnamed: Olympic Mountains 1",0,0,0,0,NA
"609","FP.wood.comb","Wynoochee River",0,0,0,0,NA
"610","FP.wood.comb","Wishkah River",0,0,0,0,NA
"611","FP.wood.comb","Hoquiam River",0,0,0,0,NA
"612","FP.wood.comb","Humptulips River",0,0,0,0,NA
"613","FP.wood.comb","Johns River",0,0,0,0,NA
"614","FP.wood.comb","Elk River",0,0,0,0,NA
"615","FP.wood.comb","Andrews",0,0,0,0,NA
"616","FP.wood.comb","Upper Chehalis Estuary",0,0,0,0,NA
"617","FP.wood.comb","Lower Chehalis Estuary",0,0,0,0,NA
"618","FP.wood.comb","Upper Skookumchuck",0,0,0,0,NA
"619","FP.wood.comb","Mainstem: Upper Chehalis 1",20,1014,1412,1.23210774356078,106.166879627445
"620","FP.wood.comb","Mainstem: Upper Chehalis 2",23,4535,1441,1.76354625723663,53.1226019799243
"621","FP.wood.comb","Mainstem: Middle Chehalis 1",46,6573,3171,1.62095999881546,120.078845799648
"622","FP.wood.comb","Mainstem: Middle Chehalis 2",0,0,0,0.350835621961544,NA
"623","FP.wood.comb","Mainstem: Middle Chehalis 3",0,0,0,0,NA
"624","FP.wood.comb","Mainstem: Lower Chehalis 1",0,0,0,0,NA
"625","FP.wood.comb","Mainstem: Lower Chehalis 2",0,0,0,0,NA
"626","FP.wood.comb","Mainstem: Lower Chehalis 3",0,0,0,0,NA
"627","FP.wood.comb","Mainstem: Lower Chehalis 4",0,0,0,0,NA
"628","FP.wood.comb","Mainstem: Lower Chehalis 5",0,0,0,0,NA
"629","FP.wood.comb","Mainstem: Lower Chehalis 6",0,0,0,0,NA
"630","FP.wood.comb","Mainstem: Lower Chehalis 7",0,0,0,0,NA
"631","Historical","Upper Chehalis: Above Proposed Dam",575,566014,26333,5.61553414772764,699.579297129258
"632","Historical","Upper Chehalis: Proposed Dam to Elk Creek",0,0,0,0,NA
"633","Historical","Elk Creek",0,0,0,0,NA
"634","Historical","Unnamed: Willapa Hills 3",0,0,0,0,NA
"635","Historical","South Fork Chehalis",295,274318,14340,5.11155746955194,366.748966707778
"636","Historical","Unnamed: Willapa Hills 2",0,0,0,0,NA
"637","Historical","Unnamed: Willapa Hills 1",0,0,0,0,NA
"638","Historical","Unnamed: Willapa Hills 4",0,0,0,0,NA
"639","Historical","Stearns Creek",0,0,0,0,NA
"640","Historical","Bunker Creek",0,0,0,0,NA
"641","Historical","Unnamed: Central Lowlands 9",0,0,0,0,NA
"642","Historical","Newaukum River",1417,1269057,71081,5.24076845132114,1751.13755461196
"643","Historical","Dillenbaugh Creek",0,0,0,0,NA
"644","Historical","Unnamed: Central Lowlands 8",0,0,0,0,NA
"645","Historical","Salzer Creek",0,0,0,0,NA
"646","Historical","Unnamed: Cascade Mountains 1",0,0,0,0,NA
"647","Historical","Unnamed: Central Lowlands 7",0,0,0,0,NA
"648","Historical","Skookumchuck River",967,610257,54274,4.09043474195692,1279.90096078446
"649","Historical","Lincoln Creek",0,0,0,0,NA
"650","Historical","Unnamed: Central Lowlands 6",0,0,0,0,NA
"651","Historical","Unnamed: Black River 1",0,0,0,0,NA
"652","Historical","Scatter Creek",0,0,0,0,NA
"653","Historical","Black River",0,0,0,0,NA
"654","Historical","Unnamed: Central Lowlands 5",0,0,0,0,NA
"655","Historical","Garrard Creek",0,0,0,0,NA
"656","Historical","Unnamed: Black Hills 5",0,0,0,0,NA
"657","Historical","Unnamed: Central Lowlands 4",0,0,0,0,NA
"658","Historical","Rock Creek (Lower Chehalis)",0,0,0,0,NA
"659","Historical","Cedar Creek",0,0,0,0,NA
"660","Historical","Unnamed: Black Hills 4",0,0,0,0,NA
"661","Historical","Unnamed: Central Lowlands 3",0,0,0,0,NA
"662","Historical","Porter Creek",0,0,0,0,NA
"663","Historical","Unnamed: Black Hills 3",0,0,0,0,NA
"664","Historical","Mox Chehalis Creek",0,0,0,0,NA
"665","Historical","Unnamed: Black Hills 2",0,0,0,0,NA
"666","Historical","Unnamed: Central Lowlands 2",0,0,0,0,NA
"667","Historical","Cloquallum Creek",0,0,0,0,NA
"668","Historical","Unnamed: Black Hills 1",0,0,0,0,NA
"669","Historical","Unnamed: Central Lowlands 1",0,0,0,0,NA
"670","Historical","Satsop River",0,0,0,0,NA
"671","Historical","Unnamed: Olympic Mountains 1",0,0,0,0,NA
"672","Historical","Wynoochee River",0,0,0,0,NA
"673","Historical","Wishkah River",0,0,0,0,NA
"674","Historical","Hoquiam River",0,0,0,0,NA
"675","Historical","Humptulips River",0,0,0,0,NA
"676","Historical","Johns River",0,0,0,0,NA
"677","Historical","Elk River",0,0,0,0,NA
"678","Historical","Andrews",0,0,0,0,NA
"679","Historical","Upper Chehalis Estuary",0,0,0,0,NA
"680","Historical","Lower Chehalis Estuary",0,0,0,0,NA
"681","Historical","Upper Skookumchuck",0,0,0,0,NA
"682","Historical","Mainstem: Upper Chehalis 1",102,34832,6194,2.53433082615896,168.478492291879
"683","Historical","Mainstem: Upper Chehalis 2",58,35482,2908,3.33980987811643,82.7883388058395
"684","Historical","Mainstem: Middle Chehalis 1",140,70970,7809,3.28594712072543,201.243761384809
"685","Historical","Mainstem: Middle Chehalis 2",0,0,0,0.434005447162123,NA
"686","Historical","Mainstem: Middle Chehalis 3",0,0,0,0,NA
"687","Historical","Mainstem: Lower Chehalis 1",0,0,0,0,NA
"688","Historical","Mainstem: Lower Chehalis 2",0,0,0,0,NA
"689","Historical","Mainstem: Lower Chehalis 3",0,0,0,0,NA
"690","Historical","Mainstem: Lower Chehalis 4",0,0,0,0,NA
"691","Historical","Mainstem: Lower Chehalis 5",0,0,0,0,NA
"692","Historical","Mainstem: Lower Chehalis 6",0,0,0,0,NA
"693","Historical","Mainstem: Lower Chehalis 7",0,0,0,0,NA
"694","ASRP.scenario.1.2040","Upper Chehalis: Above Proposed Dam",173,36595,12218,1.82118642241396,383.670799319172
"695","ASRP.scenario.1.2040","Upper Chehalis: Proposed Dam to Elk Creek",0,0,0,0,NA
"696","ASRP.scenario.1.2040","Elk Creek",0,0,0,0,NA
"697","ASRP.scenario.1.2040","Unnamed: Willapa Hills 3",0,0,0,0,NA
"698","ASRP.scenario.1.2040","South Fork Chehalis",85,23907,6463,1.92879888523057,176.516044379079
"699","ASRP.scenario.1.2040","Unnamed: Willapa Hills 2",0,0,0,0,NA
"700","ASRP.scenario.1.2040","Unnamed: Willapa Hills 1",0,0,0,0,NA
"701","ASRP.scenario.1.2040","Unnamed: Willapa Hills 4",0,0,0,0,NA
"702","ASRP.scenario.1.2040","Stearns Creek",0,0,0,0,NA
"703","ASRP.scenario.1.2040","Bunker Creek",0,0,0,0,NA
"704","ASRP.scenario.1.2040","Unnamed: Central Lowlands 9",0,0,0,0,NA
"705","ASRP.scenario.1.2040","Newaukum River",560,198612,40637,2.29934927271011,990.984964367575
"706","ASRP.scenario.1.2040","Dillenbaugh Creek",0,0,0,0,NA
"707","ASRP.scenario.1.2040","Unnamed: Central Lowlands 8",0,0,0,0,NA
"708","ASRP.scenario.1.2040","Salzer Creek",0,0,0,0,NA
"709","ASRP.scenario.1.2040","Unnamed: Cascade Mountains 1",0,0,0,0,NA
"710","ASRP.scenario.1.2040","Unnamed: Central Lowlands 7",0,0,0,0,NA
"711","ASRP.scenario.1.2040","Skookumchuck River",340,146544,25644,2.45883057263827,573.063390894747
"712","ASRP.scenario.1.2040","Lincoln Creek",0,0,0,0,NA
"713","ASRP.scenario.1.2040","Unnamed: Central Lowlands 6",0,0,0,0,NA
"714","ASRP.scenario.1.2040","Unnamed: Black River 1",0,0,0,0,NA
"715","ASRP.scenario.1.2040","Scatter Creek",0,0,0,0,NA
"716","ASRP.scenario.1.2040","Black River",0,0,0,0,NA
"717","ASRP.scenario.1.2040","Unnamed: Central Lowlands 5",0,0,0,0,NA
"718","ASRP.scenario.1.2040","Garrard Creek",0,0,0,0,NA
"719","ASRP.scenario.1.2040","Unnamed: Black Hills 5",0,0,0,0,NA
"720","ASRP.scenario.1.2040","Unnamed: Central Lowlands 4",0,0,0,0,NA
"721","ASRP.scenario.1.2040","Rock Creek (Lower Chehalis)",0,0,0,0,NA
"722","ASRP.scenario.1.2040","Cedar Creek",0,0,0,0,NA
"723","ASRP.scenario.1.2040","Unnamed: Black Hills 4",0,0,0,0,NA
"724","ASRP.scenario.1.2040","Unnamed: Central Lowlands 3",0,0,0,0,NA
"725","ASRP.scenario.1.2040","Porter Creek",0,0,0,0,NA
"726","ASRP.scenario.1.2040","Unnamed: Black Hills 3",0,0,0,0,NA
"727","ASRP.scenario.1.2040","Mox Chehalis Creek",0,0,0,0,NA
"728","ASRP.scenario.1.2040","Unnamed: Black Hills 2",0,0,0,0,NA
"729","ASRP.scenario.1.2040","Unnamed: Central Lowlands 2",0,0,0,0,NA
"730","ASRP.scenario.1.2040","Cloquallum Creek",0,0,0,0,NA
"731","ASRP.scenario.1.2040","Unnamed: Black Hills 1",0,0,0,0,NA
"732","ASRP.scenario.1.2040","Unnamed: Central Lowlands 1",0,0,0,0,NA
"733","ASRP.scenario.1.2040","Satsop River",0,0,0,0,NA
"734","ASRP.scenario.1.2040","Unnamed: Olympic Mountains 1",0,0,0,0,NA
"735","ASRP.scenario.1.2040","Wynoochee River",0,0,0,0,NA
"736","ASRP.scenario.1.2040","Wishkah River",0,0,0,0,NA
"737","ASRP.scenario.1.2040","Hoquiam River",0,0,0,0,NA
"738","ASRP.scenario.1.2040","Humptulips River",0,0,0,0,NA
"739","ASRP.scenario.1.2040","Johns River",0,0,0,0,NA
"740","ASRP.scenario.1.2040","Elk River",0,0,0,0,NA
"741","ASRP.scenario.1.2040","Andrews",0,0,0,0,NA
"742","ASRP.scenario.1.2040","Upper Chehalis Estuary",0,0,0,0,NA
"743","ASRP.scenario.1.2040","Lower Chehalis Estuary",0,0,0,0,NA
"744","ASRP.scenario.1.2040","Upper Skookumchuck",0,0,0,0,NA
"745","ASRP.scenario.1.2040","Mainstem: Upper Chehalis 1",6,103,464,1.03910366868157,159.438288587695
"746","ASRP.scenario.1.2040","Mainstem: Upper Chehalis 2",16,2652,1120,1.5033543569987,47.7867517734454
"747","ASRP.scenario.1.2040","Mainstem: Middle Chehalis 1",15,1009,1267,1.18761639386182,94.9503694279908
"748","ASRP.scenario.1.2040","Mainstem: Middle Chehalis 2",0,0,0,0.247657339996247,NA
"749","ASRP.scenario.1.2040","Mainstem: Middle Chehalis 3",0,0,0,0,NA
"750","ASRP.scenario.1.2040","Mainstem: Lower Chehalis 1",0,0,0,0,NA
"751","ASRP.scenario.1.2040","Mainstem: Lower Chehalis 2",0,0,0,0,NA
"752","ASRP.scenario.1.2040","Mainstem: Lower Chehalis 3",0,0,0,0,NA
"753","ASRP.scenario.1.2040","Mainstem: Lower Chehalis 4",0,0,0,0,NA
"754","ASRP.scenario.1.2040","Mainstem: Lower Chehalis 5",0,0,0,0,NA
"755","ASRP.scenario.1.2040","Mainstem: Lower Chehalis 6",0,0,0,0,NA
"756","ASRP.scenario.1.2040","Mainstem: Lower Chehalis 7",0,0,0,0,NA
"757","ASRP.scenario.1.2080","Upper Chehalis: Above Proposed Dam",120,20342,9773,1.56844547099382,331.102042541043
"758","ASRP.scenario.1.2080","Upper Chehalis: Proposed Dam to Elk Creek",0,0,0,0,NA
"759","ASRP.scenario.1.2080","Elk Creek",0,0,0,0,NA
"760","ASRP.scenario.1.2080","Unnamed: Willapa Hills 3",0,0,0,0,NA
"761","ASRP.scenario.1.2080","South Fork Chehalis",58,12950,5138,1.62649977956675,150.577845821605
"762","ASRP.scenario.1.2080","Unnamed: Willapa Hills 2",0,0,0,0,NA
"763","ASRP.scenario.1.2080","Unnamed: Willapa Hills 1",0,0,0,0,NA
"764","ASRP.scenario.1.2080","Unnamed: Willapa Hills 4",0,0,0,0,NA
"765","ASRP.scenario.1.2080","Stearns Creek",0,0,0,0,NA
"766","ASRP.scenario.1.2080","Bunker Creek",0,0,0,0,NA
"767","ASRP.scenario.1.2080","Unnamed: Central Lowlands 9",0,0,0,0,NA
"768","ASRP.scenario.1.2080","Newaukum River",412,125816,34760,1.96295780650004,839.848444884051
"769","ASRP.scenario.1.2080","Dillenbaugh Creek",0,0,0,0,NA
"770","ASRP.scenario.1.2080","Unnamed: Central Lowlands 8",0,0,0,0,NA
"771","ASRP.scenario.1.2080","Salzer Creek",0,0,0,0,NA
"772","ASRP.scenario.1.2080","Unnamed: Cascade Mountains 1",0,0,0,0,NA
"773","ASRP.scenario.1.2080","Unnamed: Central Lowlands 7",0,0,0,0,NA
"774","ASRP.scenario.1.2080","Skookumchuck River",242,89547,21853,2.05043517533786,472.38070856887
"775","ASRP.scenario.1.2080","Lincoln Creek",0,0,0,0,NA
"776","ASRP.scenario.1.2080","Unnamed: Central Lowlands 6",0,0,0,0,NA
"777","ASRP.scenario.1.2080","Unnamed: Black River 1",0,0,0,0,NA
"778","ASRP.scenario.1.2080","Scatter Creek",0,0,0,0,NA
"779","ASRP.scenario.1.2080","Black River",0,0,0,0,NA
"780","ASRP.scenario.1.2080","Unnamed: Central Lowlands 5",0,0,0,0,NA
"781","ASRP.scenario.1.2080","Garrard Creek",0,0,0,0,NA
"782","ASRP.scenario.1.2080","Unnamed: Black Hills 5",0,0,0,0,NA
"783","ASRP.scenario.1.2080","Unnamed: Central Lowlands 4",0,0,0,0,NA
"784","ASRP.scenario.1.2080","Rock Creek (Lower Chehalis)",0,0,0,0,NA
"785","ASRP.scenario.1.2080","Cedar Creek",0,0,0,0,NA
"786","ASRP.scenario.1.2080","Unnamed: Black Hills 4",0,0,0,0,NA
"787","ASRP.scenario.1.2080","Unnamed: Central Lowlands 3",0,0,0,0,NA
"788","ASRP.scenario.1.2080","Porter Creek",0,0,0,0,NA
"789","ASRP.scenario.1.2080","Unnamed: Black Hills 3",0,0,0,0,NA
"790","ASRP.scenario.1.2080","Mox Chehalis Creek",0,0,0,0,NA
"791","ASRP.scenario.1.2080","Unnamed: Black Hills 2",0,0,0,0,NA
"792","ASRP.scenario.1.2080","Unnamed: Central Lowlands 2",0,0,0,0,NA
"793","ASRP.scenario.1.2080","Cloquallum Creek",0,0,0,0,NA
"794","ASRP.scenario.1.2080","Unnamed: Black Hills 1",0,0,0,0,NA
"795","ASRP.scenario.1.2080","Unnamed: Central Lowlands 1",0,0,0,0,NA
"796","ASRP.scenario.1.2080","Satsop River",0,0,0,0,NA
"797","ASRP.scenario.1.2080","Unnamed: Olympic Mountains 1",0,0,0,0,NA
"798","ASRP.scenario.1.2080","Wynoochee River",0,0,0,0,NA
"799","ASRP.scenario.1.2080","Wishkah River",0,0,0,0,NA
"800","ASRP.scenario.1.2080","Hoquiam River",0,0,0,0,NA
"801","ASRP.scenario.1.2080","Humptulips River",0,0,0,0,NA
"802","ASRP.scenario.1.2080","Johns River",0,0,0,0,NA
"803","ASRP.scenario.1.2080","Elk River",0,0,0,0,NA
"804","ASRP.scenario.1.2080","Andrews",0,0,0,0,NA
"805","ASRP.scenario.1.2080","Upper Chehalis Estuary",0,0,0,0,NA
"806","ASRP.scenario.1.2080","Lower Chehalis Estuary",0,0,0,0,NA
"807","ASRP.scenario.1.2080","Upper Skookumchuck",0,0,0,0,NA
"808","ASRP.scenario.1.2080","Mainstem: Upper Chehalis 1",0,0,19,0.868795021414299,NA
"809","ASRP.scenario.1.2080","Mainstem: Upper Chehalis 2",12,1642,956,1.33284891470238,48.0523933530925
"810","ASRP.scenario.1.2080","Mainstem: Middle Chehalis 1",4,85,401,1.00131575546569,3044.07857409613
"811","ASRP.scenario.1.2080","Mainstem: Middle Chehalis 2",0,0,0,0.199360513183511,NA
"812","ASRP.scenario.1.2080","Mainstem: Middle Chehalis 3",0,0,0,0,NA
"813","ASRP.scenario.1.2080","Mainstem: Lower Chehalis 1",0,0,0,0,NA
"814","ASRP.scenario.1.2080","Mainstem: Lower Chehalis 2",0,0,0,0,NA
"815","ASRP.scenario.1.2080","Mainstem: Lower Chehalis 3",0,0,0,0,NA
"816","ASRP.scenario.1.2080","Mainstem: Lower Chehalis 4",0,0,0,0,NA
"817","ASRP.scenario.1.2080","Mainstem: Lower Chehalis 5",0,0,0,0,NA
"818","ASRP.scenario.1.2080","Mainstem: Lower Chehalis 6",0,0,0,0,NA
"819","ASRP.scenario.1.2080","Mainstem: Lower Chehalis 7",0,0,0,0,NA
"820","ASRP.scenario.2.2040","Upper Chehalis: Above Proposed Dam",178,38184,12448,1.8393492817804,390.069044274908
"821","ASRP.scenario.2.2040","Upper Chehalis: Proposed Dam to Elk Creek",0,0,0,0,NA
"822","ASRP.scenario.2.2040","Elk Creek",0,0,0,0,NA
"823","ASRP.scenario.2.2040","Unnamed: Willapa Hills 3",0,0,0,0,NA
"824","ASRP.scenario.2.2040","South Fork Chehalis",88,25293,6629,1.95682079870116,179.971244897117
"825","ASRP.scenario.2.2040","Unnamed: Willapa Hills 2",0,0,0,0,NA
"826","ASRP.scenario.2.2040","Unnamed: Willapa Hills 1",0,0,0,0,NA
"827","ASRP.scenario.2.2040","Unnamed: Willapa Hills 4",0,0,0,0,NA
"828","ASRP.scenario.2.2040","Stearns Creek",0,0,0,0,NA
"829","ASRP.scenario.2.2040","Bunker Creek",0,0,0,0,NA
"830","ASRP.scenario.2.2040","Unnamed: Central Lowlands 9",0,0,0,0,NA
"831","ASRP.scenario.2.2040","Newaukum River",560,198481,40619,2.29968393926059,990.873986423647
"832","ASRP.scenario.2.2040","Dillenbaugh Creek",0,0,0,0,NA
"833","ASRP.scenario.2.2040","Unnamed: Central Lowlands 8",0,0,0,0,NA
"834","ASRP.scenario.2.2040","Salzer Creek",0,0,0,0,NA
"835","ASRP.scenario.2.2040","Unnamed: Cascade Mountains 1",0,0,0,0,NA
"836","ASRP.scenario.2.2040","Unnamed: Central Lowlands 7",0,0,0,0,NA
"837","ASRP.scenario.2.2040","Skookumchuck River",340,146476,25636,2.45923538665204,572.99873557759
"838","ASRP.scenario.2.2040","Lincoln Creek",0,0,0,0,NA
"839","ASRP.scenario.2.2040","Unnamed: Central Lowlands 6",0,0,0,0,NA
"840","ASRP.scenario.2.2040","Unnamed: Black River 1",0,0,0,0,NA
"841","ASRP.scenario.2.2040","Scatter Creek",0,0,0,0,NA
"842","ASRP.scenario.2.2040","Black River",0,0,0,0,NA
"843","ASRP.scenario.2.2040","Unnamed: Central Lowlands 5",0,0,0,0,NA
"844","ASRP.scenario.2.2040","Garrard Creek",0,0,0,0,NA
"845","ASRP.scenario.2.2040","Unnamed: Black Hills 5",0,0,0,0,NA
"846","ASRP.scenario.2.2040","Unnamed: Central Lowlands 4",0,0,0,0,NA
"847","ASRP.scenario.2.2040","Rock Creek (Lower Chehalis)",0,0,0,0,NA
"848","ASRP.scenario.2.2040","Cedar Creek",0,0,0,0,NA
"849","ASRP.scenario.2.2040","Unnamed: Black Hills 4",0,0,0,0,NA
"850","ASRP.scenario.2.2040","Unnamed: Central Lowlands 3",0,0,0,0,NA
"851","ASRP.scenario.2.2040","Porter Creek",0,0,0,0,NA
"852","ASRP.scenario.2.2040","Unnamed: Black Hills 3",0,0,0,0,NA
"853","ASRP.scenario.2.2040","Mox Chehalis Creek",0,0,0,0,NA
"854","ASRP.scenario.2.2040","Unnamed: Black Hills 2",0,0,0,0,NA
"855","ASRP.scenario.2.2040","Unnamed: Central Lowlands 2",0,0,0,0,NA
"856","ASRP.scenario.2.2040","Cloquallum Creek",0,0,0,0,NA
"857","ASRP.scenario.2.2040","Unnamed: Black Hills 1",0,0,0,0,NA
"858","ASRP.scenario.2.2040","Unnamed: Central Lowlands 1",0,0,0,0,NA
"859","ASRP.scenario.2.2040","Satsop River",0,0,0,0,NA
"860","ASRP.scenario.2.2040","Unnamed: Olympic Mountains 1",0,0,0,0,NA
"861","ASRP.scenario.2.2040","Wynoochee River",0,0,0,0,NA
"862","ASRP.scenario.2.2040","Wishkah River",0,0,0,0,NA
"863","ASRP.scenario.2.2040","Hoquiam River",0,0,0,0,NA
"864","ASRP.scenario.2.2040","Humptulips River",0,0,0,0,NA
"865","ASRP.scenario.2.2040","Johns River",0,0,0,0,NA
"866","ASRP.scenario.2.2040","Elk River",0,0,0,0,NA
"867","ASRP.scenario.2.2040","Andrews",0,0,0,0,NA
"868","ASRP.scenario.2.2040","Upper Chehalis Estuary",0,0,0,0,NA
"869","ASRP.scenario.2.2040","Lower Chehalis Estuary",0,0,0,0,NA
"870","ASRP.scenario.2.2040","Upper Skookumchuck",0,0,0,0,NA
"871","ASRP.scenario.2.2040","Mainstem: Upper Chehalis 1",6,101,460,1.03910055866166,159.450492917974
"872","ASRP.scenario.2.2040","Mainstem: Upper Chehalis 2",16,2637,1117,1.50334445919595,47.7873768304886
"873","ASRP.scenario.2.2040","Mainstem: Middle Chehalis 1",15,1003,1263,1.18761330439843,94.9516859856847
"874","ASRP.scenario.2.2040","Mainstem: Middle Chehalis 2",0,0,0,0.247655811234324,NA
"875","ASRP.scenario.2.2040","Mainstem: Middle Chehalis 3",0,0,0,0,NA
"876","ASRP.scenario.2.2040","Mainstem: Lower Chehalis 1",0,0,0,0,NA
"877","ASRP.scenario.2.2040","Mainstem: Lower Chehalis 2",0,0,0,0,NA
"878","ASRP.scenario.2.2040","Mainstem: Lower Chehalis 3",0,0,0,0,NA
"879","ASRP.scenario.2.2040","Mainstem: Lower Chehalis 4",0,0,0,0,NA
"880","ASRP.scenario.2.2040","Mainstem: Lower Chehalis 5",0,0,0,0,NA
"881","ASRP.scenario.2.2040","Mainstem: Lower Chehalis 6",0,0,0,0,NA
"882","ASRP.scenario.2.2040","Mainstem: Lower Chehalis 7",0,0,0,0,NA
"883","ASRP.scenario.2.2080","Upper Chehalis: Above Proposed Dam",125,21652,10047,1.58703712788111,337.933720991691
"884","ASRP.scenario.2.2080","Upper Chehalis: Proposed Dam to Elk Creek",0,0,0,0,NA
"885","ASRP.scenario.2.2080","Elk Creek",0,0,0,0,NA
"886","ASRP.scenario.2.2080","Unnamed: Willapa Hills 3",0,0,0,0,NA
"887","ASRP.scenario.2.2080","South Fork Chehalis",61,14024,5327,1.65354296336759,154.337398486671
"888","ASRP.scenario.2.2080","Unnamed: Willapa Hills 2",0,0,0,0,NA
"889","ASRP.scenario.2.2080","Unnamed: Willapa Hills 1",0,0,0,0,NA
"890","ASRP.scenario.2.2080","Unnamed: Willapa Hills 4",0,0,0,0,NA
"891","ASRP.scenario.2.2080","Stearns Creek",0,0,0,0,NA
"892","ASRP.scenario.2.2080","Bunker Creek",0,0,0,0,NA
"893","ASRP.scenario.2.2080","Unnamed: Central Lowlands 9",0,0,0,0,NA
"894","ASRP.scenario.2.2080","Newaukum River",412,125693,34739,1.96327354876954,839.708204513949
"895","ASRP.scenario.2.2080","Dillenbaugh Creek",0,0,0,0,NA
"896","ASRP.scenario.2.2080","Unnamed: Central Lowlands 8",0,0,0,0,NA
"897","ASRP.scenario.2.2080","Salzer Creek",0,0,0,0,NA
"898","ASRP.scenario.2.2080","Unnamed: Cascade Mountains 1",0,0,0,0,NA
"899","ASRP.scenario.2.2080","Unnamed: Central Lowlands 7",0,0,0,0,NA
"900","ASRP.scenario.2.2080","Skookumchuck River",242,89485,21843,2.05080792084552,472.298987283306
"901","ASRP.scenario.2.2080","Lincoln Creek",0,0,0,0,NA
"902","ASRP.scenario.2.2080","Unnamed: Central Lowlands 6",0,0,0,0,NA
"903","ASRP.scenario.2.2080","Unnamed: Black River 1",0,0,0,0,NA
"904","ASRP.scenario.2.2080","Scatter Creek",0,0,0,0,NA
"905","ASRP.scenario.2.2080","Black River",0,0,0,0,NA
"906","ASRP.scenario.2.2080","Unnamed: Central Lowlands 5",0,0,0,0,NA
"907","ASRP.scenario.2.2080","Garrard Creek",0,0,0,0,NA
"908","ASRP.scenario.2.2080","Unnamed: Black Hills 5",0,0,0,0,NA
"909","ASRP.scenario.2.2080","Unnamed: Central Lowlands 4",0,0,0,0,NA
"910","ASRP.scenario.2.2080","Rock Creek (Lower Chehalis)",0,0,0,0,NA
"911","ASRP.scenario.2.2080","Cedar Creek",0,0,0,0,NA
"912","ASRP.scenario.2.2080","Unnamed: Black Hills 4",0,0,0,0,NA
"913","ASRP.scenario.2.2080","Unnamed: Central Lowlands 3",0,0,0,0,NA
"914","ASRP.scenario.2.2080","Porter Creek",0,0,0,0,NA
"915","ASRP.scenario.2.2080","Unnamed: Black Hills 3",0,0,0,0,NA
"916","ASRP.scenario.2.2080","Mox Chehalis Creek",0,0,0,0,NA
"917","ASRP.scenario.2.2080","Unnamed: Black Hills 2",0,0,0,0,NA
"918","ASRP.scenario.2.2080","Unnamed: Central Lowlands 2",0,0,0,0,NA
"919","ASRP.scenario.2.2080","Cloquallum Creek",0,0,0,0,NA
"920","ASRP.scenario.2.2080","Unnamed: Black Hills 1",0,0,0,0,NA
"921","ASRP.scenario.2.2080","Unnamed: Central Lowlands 1",0,0,0,0,NA
"922","ASRP.scenario.2.2080","Satsop River",0,0,0,0,NA
"923","ASRP.scenario.2.2080","Unnamed: Olympic Mountains 1",0,0,0,0,NA
"924","ASRP.scenario.2.2080","Wynoochee River",0,0,0,0,NA
"925","ASRP.scenario.2.2080","Wishkah River",0,0,0,0,NA
"926","ASRP.scenario.2.2080","Hoquiam River",0,0,0,0,NA
"927","ASRP.scenario.2.2080","Humptulips River",0,0,0,0,NA
"928","ASRP.scenario.2.2080","Johns River",0,0,0,0,NA
"929","ASRP.scenario.2.2080","Elk River",0,0,0,0,NA
"930","ASRP.scenario.2.2080","Andrews",0,0,0,0,NA
"931","ASRP.scenario.2.2080","Upper Chehalis Estuary",0,0,0,0,NA
"932","ASRP.scenario.2.2080","Lower Chehalis Estuary",0,0,0,0,NA
"933","ASRP.scenario.2.2080","Upper Skookumchuck",0,0,0,0,NA
"934","ASRP.scenario.2.2080","Mainstem: Upper Chehalis 1",0,0,18,0.868792452794843,NA
"935","ASRP.scenario.2.2080","Mainstem: Upper Chehalis 2",12,1627,951,1.33284013958464,48.0533438514206
"936","ASRP.scenario.2.2080","Mainstem: Middle Chehalis 1",4,84,397,1.00131320068154,3049.9929363714
"937","ASRP.scenario.2.2080","Mainstem: Middle Chehalis 2",0,0,0,0.199359318250223,NA
"938","ASRP.scenario.2.2080","Mainstem: Middle Chehalis 3",0,0,0,0,NA
"939","ASRP.scenario.2.2080","Mainstem: Lower Chehalis 1",0,0,0,0,NA
"940","ASRP.scenario.2.2080","Mainstem: Lower Chehalis 2",0,0,0,0,NA
"941","ASRP.scenario.2.2080","Mainstem: Lower Chehalis 3",0,0,0,0,NA
"942","ASRP.scenario.2.2080","Mainstem: Lower Chehalis 4",0,0,0,0,NA
"943","ASRP.scenario.2.2080","Mainstem: Lower Chehalis 5",0,0,0,0,NA
"944","ASRP.scenario.2.2080","Mainstem: Lower Chehalis 6",0,0,0,0,NA
"945","ASRP.scenario.2.2080","Mainstem: Lower Chehalis 7",0,0,0,0,NA
"946","ASRP.scenario.3.2040","Upper Chehalis: Above Proposed Dam",201,45577,13564,1.9271907368941,417.783874128542
"947","ASRP.scenario.3.2040","Upper Chehalis: Proposed Dam to Elk Creek",0,0,0,0,NA
"948","ASRP.scenario.3.2040","Elk Creek",0,0,0,0,NA
"949","ASRP.scenario.3.2040","Unnamed: Willapa Hills 3",0,0,0,0,NA
"950","ASRP.scenario.3.2040","South Fork Chehalis",96,28132,7025,2.01940363794392,190.172706891282
"951","ASRP.scenario.3.2040","Unnamed: Willapa Hills 2",0,0,0,0,NA
"952","ASRP.scenario.3.2040","Unnamed: Willapa Hills 1",0,0,0,0,NA
"953","ASRP.scenario.3.2040","Unnamed: Willapa Hills 4",0,0,0,0,NA
"954","ASRP.scenario.3.2040","Stearns Creek",0,0,0,0,NA
"955","ASRP.scenario.3.2040","Bunker Creek",0,0,0,0,NA
"956","ASRP.scenario.3.2040","Unnamed: Central Lowlands 9",0,0,0,0,NA
"957","ASRP.scenario.3.2040","Newaukum River",570,203676,41326,2.3271455900235,999.493195234071
"958","ASRP.scenario.3.2040","Dillenbaugh Creek",0,0,0,0,NA
"959","ASRP.scenario.3.2040","Unnamed: Central Lowlands 8",0,0,0,0,NA
"960","ASRP.scenario.3.2040","Salzer Creek",0,0,0,0,NA
"961","ASRP.scenario.3.2040","Unnamed: Cascade Mountains 1",0,0,0,0,NA
"962","ASRP.scenario.3.2040","Unnamed: Central Lowlands 7",0,0,0,0,NA
"963","ASRP.scenario.3.2040","Skookumchuck River",343,148139,25835,2.47581229101388,575.414380940248
"964","ASRP.scenario.3.2040","Lincoln Creek",0,0,0,0,NA
"965","ASRP.scenario.3.2040","Unnamed: Central Lowlands 6",0,0,0,0,NA
"966","ASRP.scenario.3.2040","Unnamed: Black River 1",0,0,0,0,NA
"967","ASRP.scenario.3.2040","Scatter Creek",0,0,0,0,NA
"968","ASRP.scenario.3.2040","Black River",0,0,0,0,NA
"969","ASRP.scenario.3.2040","Unnamed: Central Lowlands 5",0,0,0,0,NA
"970","ASRP.scenario.3.2040","Garrard Creek",0,0,0,0,NA
"971","ASRP.scenario.3.2040","Unnamed: Black Hills 5",0,0,0,0,NA
"972","ASRP.scenario.3.2040","Unnamed: Central Lowlands 4",0,0,0,0,NA
"973","ASRP.scenario.3.2040","Rock Creek (Lower Chehalis)",0,0,0,0,NA
"974","ASRP.scenario.3.2040","Cedar Creek",0,0,0,0,NA
"975","ASRP.scenario.3.2040","Unnamed: Black Hills 4",0,0,0,0,NA
"976","ASRP.scenario.3.2040","Unnamed: Central Lowlands 3",0,0,0,0,NA
"977","ASRP.scenario.3.2040","Porter Creek",0,0,0,0,NA
"978","ASRP.scenario.3.2040","Unnamed: Black Hills 3",0,0,0,0,NA
"979","ASRP.scenario.3.2040","Mox Chehalis Creek",0,0,0,0,NA
"980","ASRP.scenario.3.2040","Unnamed: Black Hills 2",0,0,0,0,NA
"981","ASRP.scenario.3.2040","Unnamed: Central Lowlands 2",0,0,0,0,NA
"982","ASRP.scenario.3.2040","Cloquallum Creek",0,0,0,0,NA
"983","ASRP.scenario.3.2040","Unnamed: Black Hills 1",0,0,0,0,NA
"984","ASRP.scenario.3.2040","Unnamed: Central Lowlands 1",0,0,0,0,NA
"985","ASRP.scenario.3.2040","Satsop River",0,0,0,0,NA
"986","ASRP.scenario.3.2040","Unnamed: Olympic Mountains 1",0,0,0,0,NA
"987","ASRP.scenario.3.2040","Wynoochee River",0,0,0,0,NA
"988","ASRP.scenario.3.2040","Wishkah River",0,0,0,0,NA
"989","ASRP.scenario.3.2040","Hoquiam River",0,0,0,0,NA
"990","ASRP.scenario.3.2040","Humptulips River",0,0,0,0,NA
"991","ASRP.scenario.3.2040","Johns River",0,0,0,0,NA
"992","ASRP.scenario.3.2040","Elk River",0,0,0,0,NA
"993","ASRP.scenario.3.2040","Andrews",0,0,0,0,NA
"994","ASRP.scenario.3.2040","Upper Chehalis Estuary",0,0,0,0,NA
"995","ASRP.scenario.3.2040","Lower Chehalis Estuary",0,0,0,0,NA
"996","ASRP.scenario.3.2040","Upper Skookumchuck",0,0,0,0,NA
"997","ASRP.scenario.3.2040","Mainstem: Upper Chehalis 1",5,95,444,1.03909732238306,132.885995644707
"998","ASRP.scenario.3.2040","Mainstem: Upper Chehalis 2",16,2597,1107,1.50746636302915,47.5291833423072
"999","ASRP.scenario.3.2040","Mainstem: Middle Chehalis 1",23,2121,1828,1.30796903872953,97.6828320628659
"1000","ASRP.scenario.3.2040","Mainstem: Middle Chehalis 2",0,0,0,0.278627647166805,NA
"1001","ASRP.scenario.3.2040","Mainstem: Middle Chehalis 3",0,0,0,0,NA
"1002","ASRP.scenario.3.2040","Mainstem: Lower Chehalis 1",0,0,0,0,NA
"1003","ASRP.scenario.3.2040","Mainstem: Lower Chehalis 2",0,0,0,0,NA
"1004","ASRP.scenario.3.2040","Mainstem: Lower Chehalis 3",0,0,0,0,NA
"1005","ASRP.scenario.3.2040","Mainstem: Lower Chehalis 4",0,0,0,0,NA
"1006","ASRP.scenario.3.2040","Mainstem: Lower Chehalis 5",0,0,0,0,NA
"1007","ASRP.scenario.3.2040","Mainstem: Lower Chehalis 6",0,0,0,0,NA
"1008","ASRP.scenario.3.2040","Mainstem: Lower Chehalis 7",0,0,0,0,NA
"1009","ASRP.scenario.3.2080","Upper Chehalis: Above Proposed Dam",147,27939,11345,1.67651734189954,364.289330066915
"1010","ASRP.scenario.3.2080","Upper Chehalis: Proposed Dam to Elk Creek",0,0,0,0,NA
"1011","ASRP.scenario.3.2080","Elk Creek",0,0,0,0,NA
"1012","ASRP.scenario.3.2080","Unnamed: Willapa Hills 3",0,0,0,0,NA
"1013","ASRP.scenario.3.2080","South Fork Chehalis",67,16410,5778,1.71711120486001,160.430418526342
"1014","ASRP.scenario.3.2080","Unnamed: Willapa Hills 2",0,0,0,0,NA
"1015","ASRP.scenario.3.2080","Unnamed: Willapa Hills 1",0,0,0,0,NA
"1016","ASRP.scenario.3.2080","Unnamed: Willapa Hills 4",0,0,0,0,NA
"1017","ASRP.scenario.3.2080","Stearns Creek",0,0,0,0,NA
"1018","ASRP.scenario.3.2080","Bunker Creek",0,0,0,0,NA
"1019","ASRP.scenario.3.2080","Unnamed: Central Lowlands 9",0,0,0,0,NA
"1020","ASRP.scenario.3.2080","Newaukum River",421,130030,35499,1.98921123708788,846.591606944713
"1021","ASRP.scenario.3.2080","Dillenbaugh Creek",0,0,0,0,NA
"1022","ASRP.scenario.3.2080","Unnamed: Central Lowlands 8",0,0,0,0,NA
"1023","ASRP.scenario.3.2080","Salzer Creek",0,0,0,0,NA
"1024","ASRP.scenario.3.2080","Unnamed: Cascade Mountains 1",0,0,0,0,NA
"1025","ASRP.scenario.3.2080","Unnamed: Central Lowlands 7",0,0,0,0,NA
"1026","ASRP.scenario.3.2080","Skookumchuck River",244,90552,22012,2.06391584569413,473.341447434507
"1027","ASRP.scenario.3.2080","Lincoln Creek",0,0,0,0,NA
"1028","ASRP.scenario.3.2080","Unnamed: Central Lowlands 6",0,0,0,0,NA
"1029","ASRP.scenario.3.2080","Unnamed: Black River 1",0,0,0,0,NA
"1030","ASRP.scenario.3.2080","Scatter Creek",0,0,0,0,NA
"1031","ASRP.scenario.3.2080","Black River",0,0,0,0,NA
"1032","ASRP.scenario.3.2080","Unnamed: Central Lowlands 5",0,0,0,0,NA
"1033","ASRP.scenario.3.2080","Garrard Creek",0,0,0,0,NA
"1034","ASRP.scenario.3.2080","Unnamed: Black Hills 5",0,0,0,0,NA
"1035","ASRP.scenario.3.2080","Unnamed: Central Lowlands 4",0,0,0,0,NA
"1036","ASRP.scenario.3.2080","Rock Creek (Lower Chehalis)",0,0,0,0,NA
"1037","ASRP.scenario.3.2080","Cedar Creek",0,0,0,0,NA
"1038","ASRP.scenario.3.2080","Unnamed: Black Hills 4",0,0,0,0,NA
"1039","ASRP.scenario.3.2080","Unnamed: Central Lowlands 3",0,0,0,0,NA
"1040","ASRP.scenario.3.2080","Porter Creek",0,0,0,0,NA
"1041","ASRP.scenario.3.2080","Unnamed: Black Hills 3",0,0,0,0,NA
"1042","ASRP.scenario.3.2080","Mox Chehalis Creek",0,0,0,0,NA
"1043","ASRP.scenario.3.2080","Unnamed: Black Hills 2",0,0,0,0,NA
"1044","ASRP.scenario.3.2080","Unnamed: Central Lowlands 2",0,0,0,0,NA
"1045","ASRP.scenario.3.2080","Cloquallum Creek",0,0,0,0,NA
"1046","ASRP.scenario.3.2080","Unnamed: Black Hills 1",0,0,0,0,NA
"1047","ASRP.scenario.3.2080","Unnamed: Central Lowlands 1",0,0,0,0,NA
"1048","ASRP.scenario.3.2080","Satsop River",0,0,0,0,NA
"1049","ASRP.scenario.3.2080","Unnamed: Olympic Mountains 1",0,0,0,0,NA
"1050","ASRP.scenario.3.2080","Wynoochee River",0,0,0,0,NA
"1051","ASRP.scenario.3.2080","Wishkah River",0,0,0,0,NA
"1052","ASRP.scenario.3.2080","Hoquiam River",0,0,0,0,NA
"1053","ASRP.scenario.3.2080","Humptulips River",0,0,0,0,NA
"1054","ASRP.scenario.3.2080","Johns River",0,0,0,0,NA
"1055","ASRP.scenario.3.2080","Elk River",0,0,0,0,NA
"1056","ASRP.scenario.3.2080","Andrews",0,0,0,0,NA
"1057","ASRP.scenario.3.2080","Upper Chehalis Estuary",0,0,0,0,NA
"1058","ASRP.scenario.3.2080","Lower Chehalis Estuary",0,0,0,0,NA
"1059","ASRP.scenario.3.2080","Upper Skookumchuck",0,0,0,0,NA
"1060","ASRP.scenario.3.2080","Mainstem: Upper Chehalis 1",0,0,17,0.868789779895943,NA
"1061","ASRP.scenario.3.2080","Mainstem: Upper Chehalis 2",12,1592,939,1.3376998524475,47.5345136014406
"1062","ASRP.scenario.3.2080","Mainstem: Middle Chehalis 1",11,528,992,1.1152231815938,106.466900391437
"1063","ASRP.scenario.3.2080","Mainstem: Middle Chehalis 2",0,0,0,0.226966201224533,NA
"1064","ASRP.scenario.3.2080","Mainstem: Middle Chehalis 3",0,0,0,0,NA
"1065","ASRP.scenario.3.2080","Mainstem: Lower Chehalis 1",0,0,0,0,NA
"1066","ASRP.scenario.3.2080","Mainstem: Lower Chehalis 2",0,0,0,0,NA
"1067","ASRP.scenario.3.2080","Mainstem: Lower Chehalis 3",0,0,0,0,NA
"1068","ASRP.scenario.3.2080","Mainstem: Lower Chehalis 4",0,0,0,0,NA
"1069","ASRP.scenario.3.2080","Mainstem: Lower Chehalis 5",0,0,0,0,NA
"1070","ASRP.scenario.3.2080","Mainstem: Lower Chehalis 6",0,0,0,0,NA
"1071","ASRP.scenario.3.2080","Mainstem: Lower Chehalis 7",0,0,0,0,NA
"1072","ASRP.dev.and.climate.2040","Upper Chehalis: Above Proposed Dam",141,26787,10581,1.67868240493376,348.755496495834
"1073","ASRP.dev.and.climate.2040","Upper Chehalis: Proposed Dam to Elk Creek",0,0,0,0,NA
"1074","ASRP.dev.and.climate.2040","Elk Creek",0,0,0,0,NA
"1075","ASRP.dev.and.climate.2040","Unnamed: Willapa Hills 3",0,0,0,0,NA
"1076","ASRP.dev.and.climate.2040","South Fork Chehalis",76,20234,5974,1.82527604570371,168.090398595291
"1077","ASRP.dev.and.climate.2040","Unnamed: Willapa Hills 2",0,0,0,0,NA
"1078","ASRP.dev.and.climate.2040","Unnamed: Willapa Hills 1",0,0,0,0,NA
"1079","ASRP.dev.and.climate.2040","Unnamed: Willapa Hills 4",0,0,0,0,NA
"1080","ASRP.dev.and.climate.2040","Stearns Creek",0,0,0,0,NA
"1081","ASRP.dev.and.climate.2040","Bunker Creek",0,0,0,0,NA
"1082","ASRP.dev.and.climate.2040","Unnamed: Central Lowlands 9",0,0,0,0,NA
"1083","ASRP.dev.and.climate.2040","Newaukum River",454,148369,34786,2.10746933851534,863.943629327587
"1084","ASRP.dev.and.climate.2040","Dillenbaugh Creek",0,0,0,0,NA
"1085","ASRP.dev.and.climate.2040","Unnamed: Central Lowlands 8",0,0,0,0,NA
"1086","ASRP.dev.and.climate.2040","Salzer Creek",0,0,0,0,NA
"1087","ASRP.dev.and.climate.2040","Unnamed: Cascade Mountains 1",0,0,0,0,NA
"1088","ASRP.dev.and.climate.2040","Unnamed: Central Lowlands 7",0,0,0,0,NA
"1089","ASRP.dev.and.climate.2040","Skookumchuck River",248,93102,20660,2.13321276736857,466.846810714885
"1090","ASRP.dev.and.climate.2040","Lincoln Creek",0,0,0,0,NA
"1091","ASRP.dev.and.climate.2040","Unnamed: Central Lowlands 6",0,0,0,0,NA
"1092","ASRP.dev.and.climate.2040","Unnamed: Black River 1",0,0,0,0,NA
"1093","ASRP.dev.and.climate.2040","Scatter Creek",0,0,0,0,NA
"1094","ASRP.dev.and.climate.2040","Black River",0,0,0,0,NA
"1095","ASRP.dev.and.climate.2040","Unnamed: Central Lowlands 5",0,0,0,0,NA
"1096","ASRP.dev.and.climate.2040","Garrard Creek",0,0,0,0,NA
"1097","ASRP.dev.and.climate.2040","Unnamed: Black Hills 5",0,0,0,0,NA
"1098","ASRP.dev.and.climate.2040","Unnamed: Central Lowlands 4",0,0,0,0,NA
"1099","ASRP.dev.and.climate.2040","Rock Creek (Lower Chehalis)",0,0,0,0,NA
"1100","ASRP.dev.and.climate.2040","Cedar Creek",0,0,0,0,NA
"1101","ASRP.dev.and.climate.2040","Unnamed: Black Hills 4",0,0,0,0,NA
"1102","ASRP.dev.and.climate.2040","Unnamed: Central Lowlands 3",0,0,0,0,NA
"1103","ASRP.dev.and.climate.2040","Porter Creek",0,0,0,0,NA
"1104","ASRP.dev.and.climate.2040","Unnamed: Black Hills 3",0,0,0,0,NA
"1105","ASRP.dev.and.climate.2040","Mox Chehalis Creek",0,0,0,0,NA
"1106","ASRP.dev.and.climate.2040","Unnamed: Black Hills 2",0,0,0,0,NA
"1107","ASRP.dev.and.climate.2040","Unnamed: Central Lowlands 2",0,0,0,0,NA
"1108","ASRP.dev.and.climate.2040","Cloquallum Creek",0,0,0,0,NA
"1109","ASRP.dev.and.climate.2040","Unnamed: Black Hills 1",0,0,0,0,NA
"1110","ASRP.dev.and.climate.2040","Unnamed: Central Lowlands 1",0,0,0,0,NA
"1111","ASRP.dev.and.climate.2040","Satsop River",0,0,0,0,NA
"1112","ASRP.dev.and.climate.2040","Unnamed: Olympic Mountains 1",0,0,0,0,NA
"1113","ASRP.dev.and.climate.2040","Wynoochee River",0,0,0,0,NA
"1114","ASRP.dev.and.climate.2040","Wishkah River",0,0,0,0,NA
"1115","ASRP.dev.and.climate.2040","Hoquiam River",0,0,0,0,NA
"1116","ASRP.dev.and.climate.2040","Humptulips River",0,0,0,0,NA
"1117","ASRP.dev.and.climate.2040","Johns River",0,0,0,0,NA
"1118","ASRP.dev.and.climate.2040","Elk River",0,0,0,0,NA
"1119","ASRP.dev.and.climate.2040","Andrews",0,0,0,0,NA
"1120","ASRP.dev.and.climate.2040","Upper Chehalis Estuary",0,0,0,0,NA
"1121","ASRP.dev.and.climate.2040","Lower Chehalis Estuary",0,0,0,0,NA
"1122","ASRP.dev.and.climate.2040","Upper Skookumchuck",0,0,0,0,NA
"1123","ASRP.dev.and.climate.2040","Mainstem: Upper Chehalis 1",1,2,60,0.915262046053055,NA
"1124","ASRP.dev.and.climate.2040","Mainstem: Upper Chehalis 2",12,1630,885,1.33946446593719,47.3497971190311
"1125","ASRP.dev.and.climate.2040","Mainstem: Middle Chehalis 1",15,1048,1293,1.18761974798955,94.9489401341464
"1126","ASRP.dev.and.climate.2040","Mainstem: Middle Chehalis 2",0,0,0,0.247659279070649,NA
"1127","ASRP.dev.and.climate.2040","Mainstem: Middle Chehalis 3",0,0,0,0,NA
"1128","ASRP.dev.and.climate.2040","Mainstem: Lower Chehalis 1",0,0,0,0,NA
"1129","ASRP.dev.and.climate.2040","Mainstem: Lower Chehalis 2",0,0,0,0,NA
"1130","ASRP.dev.and.climate.2040","Mainstem: Lower Chehalis 3",0,0,0,0,NA
"1131","ASRP.dev.and.climate.2040","Mainstem: Lower Chehalis 4",0,0,0,0,NA
"1132","ASRP.dev.and.climate.2040","Mainstem: Lower Chehalis 5",0,0,0,0,NA
"1133","ASRP.dev.and.climate.2040","Mainstem: Lower Chehalis 6",0,0,0,0,NA
"1134","ASRP.dev.and.climate.2040","Mainstem: Lower Chehalis 7",0,0,0,0,NA
"1135","ASRP.dev.and.climate.2080","Upper Chehalis: Above Proposed Dam",89,12395,7766,1.42431757199908,298.748560684619
"1136","ASRP.dev.and.climate.2080","Upper Chehalis: Proposed Dam to Elk Creek",0,0,0,0,NA
"1137","ASRP.dev.and.climate.2080","Elk Creek",0,0,0,0,NA
"1138","ASRP.dev.and.climate.2080","Unnamed: Willapa Hills 3",0,0,0,0,NA
"1139","ASRP.dev.and.climate.2080","South Fork Chehalis",49,10084,4569,1.52564771921251,142.218325142566
"1140","ASRP.dev.and.climate.2080","Unnamed: Willapa Hills 2",0,0,0,0,NA
"1141","ASRP.dev.and.climate.2080","Unnamed: Willapa Hills 1",0,0,0,0,NA
"1142","ASRP.dev.and.climate.2080","Unnamed: Willapa Hills 4",0,0,0,0,NA
"1143","ASRP.dev.and.climate.2080","Stearns Creek",0,0,0,0,NA
"1144","ASRP.dev.and.climate.2080","Bunker Creek",0,0,0,0,NA
"1145","ASRP.dev.and.climate.2080","Unnamed: Central Lowlands 9",0,0,0,0,NA
"1146","ASRP.dev.and.climate.2080","Newaukum River",317,85924,28571,1.77780466389737,724.557340183074
"1147","ASRP.dev.and.climate.2080","Dillenbaugh Creek",0,0,0,0,NA
"1148","ASRP.dev.and.climate.2080","Unnamed: Central Lowlands 8",0,0,0,0,NA
"1149","ASRP.dev.and.climate.2080","Salzer Creek",0,0,0,0,NA
"1150","ASRP.dev.and.climate.2080","Unnamed: Cascade Mountains 1",0,0,0,0,NA
"1151","ASRP.dev.and.climate.2080","Unnamed: Central Lowlands 7",0,0,0,0,NA
"1152","ASRP.dev.and.climate.2080","Skookumchuck River",161,48424,16363,1.74423093901363,377.330700002048
"1153","ASRP.dev.and.climate.2080","Lincoln Creek",0,0,0,0,NA
"1154","ASRP.dev.and.climate.2080","Unnamed: Central Lowlands 6",0,0,0,0,NA
"1155","ASRP.dev.and.climate.2080","Unnamed: Black River 1",0,0,0,0,NA
"1156","ASRP.dev.and.climate.2080","Scatter Creek",0,0,0,0,NA
"1157","ASRP.dev.and.climate.2080","Black River",0,0,0,0,NA
"1158","ASRP.dev.and.climate.2080","Unnamed: Central Lowlands 5",0,0,0,0,NA
"1159","ASRP.dev.and.climate.2080","Garrard Creek",0,0,0,0,NA
"1160","ASRP.dev.and.climate.2080","Unnamed: Black Hills 5",0,0,0,0,NA
"1161","ASRP.dev.and.climate.2080","Unnamed: Central Lowlands 4",0,0,0,0,NA
"1162","ASRP.dev.and.climate.2080","Rock Creek (Lower Chehalis)",0,0,0,0,NA
"1163","ASRP.dev.and.climate.2080","Cedar Creek",0,0,0,0,NA
"1164","ASRP.dev.and.climate.2080","Unnamed: Black Hills 4",0,0,0,0,NA
"1165","ASRP.dev.and.climate.2080","Unnamed: Central Lowlands 3",0,0,0,0,NA
"1166","ASRP.dev.and.climate.2080","Porter Creek",0,0,0,0,NA
"1167","ASRP.dev.and.climate.2080","Unnamed: Black Hills 3",0,0,0,0,NA
"1168","ASRP.dev.and.climate.2080","Mox Chehalis Creek",0,0,0,0,NA
"1169","ASRP.dev.and.climate.2080","Unnamed: Black Hills 2",0,0,0,0,NA
"1170","ASRP.dev.and.climate.2080","Unnamed: Central Lowlands 2",0,0,0,0,NA
"1171","ASRP.dev.and.climate.2080","Cloquallum Creek",0,0,0,0,NA
"1172","ASRP.dev.and.climate.2080","Unnamed: Black Hills 1",0,0,0,0,NA
"1173","ASRP.dev.and.climate.2080","Unnamed: Central Lowlands 1",0,0,0,0,NA
"1174","ASRP.dev.and.climate.2080","Satsop River",0,0,0,0,NA
"1175","ASRP.dev.and.climate.2080","Unnamed: Olympic Mountains 1",0,0,0,0,NA
"1176","ASRP.dev.and.climate.2080","Wynoochee River",0,0,0,0,NA
"1177","ASRP.dev.and.climate.2080","Wishkah River",0,0,0,0,NA
"1178","ASRP.dev.and.climate.2080","Hoquiam River",0,0,0,0,NA
"1179","ASRP.dev.and.climate.2080","Humptulips River",0,0,0,0,NA
"1180","ASRP.dev.and.climate.2080","Johns River",0,0,0,0,NA
"1181","ASRP.dev.and.climate.2080","Elk River",0,0,0,0,NA
"1182","ASRP.dev.and.climate.2080","Andrews",0,0,0,0,NA
"1183","ASRP.dev.and.climate.2080","Upper Chehalis Estuary",0,0,0,0,NA
"1184","ASRP.dev.and.climate.2080","Lower Chehalis Estuary",0,0,0,0,NA
"1185","ASRP.dev.and.climate.2080","Upper Skookumchuck",0,0,0,0,NA
"1186","ASRP.dev.and.climate.2080","Mainstem: Upper Chehalis 1",0,0,0,0.747745726346518,NA
"1187","ASRP.dev.and.climate.2080","Mainstem: Upper Chehalis 2",8,839,695,1.17182486164866,54.5590364702765
"1188","ASRP.dev.and.climate.2080","Mainstem: Middle Chehalis 1",4,96,428,1.00131852910965,3037.68349679408
"1189","ASRP.dev.and.climate.2080","Mainstem: Middle Chehalis 2",0,0,0,0.199362028830635,NA
"1190","ASRP.dev.and.climate.2080","Mainstem: Middle Chehalis 3",0,0,0,0,NA
"1191","ASRP.dev.and.climate.2080","Mainstem: Lower Chehalis 1",0,0,0,0,NA
"1192","ASRP.dev.and.climate.2080","Mainstem: Lower Chehalis 2",0,0,0,0,NA
"1193","ASRP.dev.and.climate.2080","Mainstem: Lower Chehalis 3",0,0,0,0,NA
"1194","ASRP.dev.and.climate.2080","Mainstem: Lower Chehalis 4",0,0,0,0,NA
"1195","ASRP.dev.and.climate.2080","Mainstem: Lower Chehalis 5",0,0,0,0,NA
"1196","ASRP.dev.and.climate.2080","Mainstem: Lower Chehalis 6",0,0,0,0,NA
"1197","ASRP.dev.and.climate.2080","Mainstem: Lower Chehalis 7",0,0,0,0,NA
