"","natal.basin","scenario","spawners","natal.smolts","non.natal.smolts"
"1","Upper Chehalis: Above Proposed Dam","Current",596,14210,1826
"2","Upper Chehalis: Proposed Dam to Elk Creek","Current",503,12922,1485
"3","Elk Creek","Current",2145,49886,7182
"4","Unnamed: Willapa Hills 3","Current",206,5032,474
"5","South Fork Chehalis","Current",3266,82728,7119
"6","Unnamed: Willapa Hills 2","Current",343,10247,1184
"7","Unnamed: Willapa Hills 1","Current",0,0,0
"8","Unnamed: Willapa Hills 4","Current",4,206,15
"9","Stearns Creek","Current",790,20794,2064
"10","Bunker Creek","Current",0,0,0
"11","Unnamed: Central Lowlands 9","Current",5,149,12
"12","Newaukum River","Current",4302,105374,12581
"13","Dillenbaugh Creek","Current",108,4151,287
"14","Unnamed: Central Lowlands 8","Current",41,1000,115
"15","Salzer Creek","Current",151,4305,462
"16","Unnamed: Cascade Mountains 1","Current",0,0,0
"17","Unnamed: Central Lowlands 7","Current",0,0,0
"18","Skookumchuck River","Current",7182,181034,18770
"19","Lincoln Creek","Current",1292,30715,5288
"20","Unnamed: Central Lowlands 6","Current",1403,35368,4197
"21","Unnamed: Black River 1","Current",426,13379,1603
"22","Scatter Creek","Current",300,7585,729
"23","Black River","Current",5338,144032,9343
"24","Unnamed: Central Lowlands 5","Current",0,46,3
"25","Garrard Creek","Current",676,17660,1731
"26","Unnamed: Black Hills 5","Current",251,6171,639
"27","Unnamed: Central Lowlands 4","Current",148,3688,238
"28","Rock Creek (Lower Chehalis)","Current",964,22984,2666
"29","Cedar Creek","Current",1204,28001,3952
"30","Unnamed: Black Hills 4","Current",63,1461,214
"31","Unnamed: Central Lowlands 3","Current",14,645,51
"32","Porter Creek","Current",661,14832,2745
"33","Unnamed: Black Hills 3","Current",0,0,0
"34","Mox Chehalis Creek","Current",2841,69560,7318
"35","Unnamed: Black Hills 2","Current",0,0,0
"36","Unnamed: Central Lowlands 2","Current",595,15164,2044
"37","Cloquallum Creek","Current",5702,148412,14490
"38","Unnamed: Black Hills 1","Current",1907,54671,3673
"39","Unnamed: Central Lowlands 1","Current",95,2848,272
"40","Satsop River","Current",20635,557117,34410
"41","Unnamed: Olympic Mountains 1","Current",74,2906,229
"42","Wynoochee River","Current",4709,134962,0
"43","Wishkah River","Current",3353,93507,0
"44","Hoquiam River","Current",5132,145245,0
"45","Humptulips River","Current",14013,386622,0
"46","Johns River","Current",999,26747,0
"47","Elk River","Current",868,24131,0
"48","Andrews","Current",149,3969,0
"49","Upper Chehalis Estuary","Current",119,3771,0
"50","Lower Chehalis Estuary","Current",0,0,0
"51","Upper Skookumchuck","Current",0,0,0
"52","Mainstem: Upper Chehalis 1","Current",0,0,0
"53","Mainstem: Upper Chehalis 2","Current",0,0,0
"54","Mainstem: Middle Chehalis 1","Current",0,0,0
"55","Mainstem: Middle Chehalis 2","Current",0,0,0
"56","Mainstem: Middle Chehalis 3","Current",0,0,0
"57","Mainstem: Lower Chehalis 1","Current",0,0,0
"58","Mainstem: Lower Chehalis 2","Current",54,1613,0
"59","Mainstem: Lower Chehalis 3","Current",0,0,0
"60","Mainstem: Lower Chehalis 4","Current",0,0,0
"61","Mainstem: Lower Chehalis 5","Current",0,0,0
"62","Mainstem: Lower Chehalis 6","Current",0,1,0
"63","Mainstem: Lower Chehalis 7","Current",0,0,0
"64","Upper Chehalis: Above Proposed Dam","Barriers",593,14177,1785
"65","Upper Chehalis: Proposed Dam to Elk Creek","Barriers",564,13495,1554
"66","Elk Creek","Barriers",2138,49855,7046
"67","Unnamed: Willapa Hills 3","Barriers",206,5026,461
"68","South Fork Chehalis","Barriers",3485,85727,7259
"69","Unnamed: Willapa Hills 2","Barriers",478,11408,1348
"70","Unnamed: Willapa Hills 1","Barriers",0,0,0
"71","Unnamed: Willapa Hills 4","Barriers",60,1485,128
"72","Stearns Creek","Barriers",874,21657,2128
"73","Bunker Creek","Barriers",0,0,0
"74","Unnamed: Central Lowlands 9","Barriers",71,1790,167
"75","Newaukum River","Barriers",4604,110637,12808
"76","Dillenbaugh Creek","Barriers",544,13739,1074
"77","Unnamed: Central Lowlands 8","Barriers",41,996,110
"78","Salzer Creek","Barriers",195,4724,508
"79","Unnamed: Cascade Mountains 1","Barriers",309,7832,722
"80","Unnamed: Central Lowlands 7","Barriers",83,1971,237
"81","Skookumchuck River","Barriers",7685,186813,18697
"82","Lincoln Creek","Barriers",1410,31979,5542
"83","Unnamed: Central Lowlands 6","Barriers",1561,37203,4385
"84","Unnamed: Black River 1","Barriers",616,15108,1902
"85","Scatter Creek","Barriers",315,7787,726
"86","Black River","Barriers",5665,146423,9246
"87","Unnamed: Central Lowlands 5","Barriers",56,1359,121
"88","Garrard Creek","Barriers",782,18974,1854
"89","Unnamed: Black Hills 5","Barriers",251,6172,621
"90","Unnamed: Central Lowlands 4","Barriers",1178,28820,2375
"91","Rock Creek (Lower Chehalis)","Barriers",960,22962,2579
"92","Cedar Creek","Barriers",1198,27958,3819
"93","Unnamed: Black Hills 4","Barriers",63,1459,207
"94","Unnamed: Central Lowlands 3","Barriers",58,1398,140
"95","Porter Creek","Barriers",661,14935,2624
"96","Unnamed: Black Hills 3","Barriers",12,291,38
"97","Mox Chehalis Creek","Barriers",3091,76549,7624
"98","Unnamed: Black Hills 2","Barriers",0,0,0
"99","Unnamed: Central Lowlands 2","Barriers",680,15956,2166
"100","Cloquallum Creek","Barriers",6182,151657,14449
"101","Unnamed: Black Hills 1","Barriers",2195,58974,3935
"102","Unnamed: Central Lowlands 1","Barriers",135,3260,338
"103","Satsop River","Barriers",22780,574039,34301
"104","Unnamed: Olympic Mountains 1","Barriers",238,5731,633
"105","Wynoochee River","Barriers",5229,139646,0
"106","Wishkah River","Barriers",3677,97839,0
"107","Hoquiam River","Barriers",5697,151576,0
"108","Humptulips River","Barriers",14342,387684,0
"109","Johns River","Barriers",1067,28588,0
"110","Elk River","Barriers",915,24365,0
"111","Andrews","Barriers",149,3969,0
"112","Upper Chehalis Estuary","Barriers",179,4827,0
"113","Lower Chehalis Estuary","Barriers",0,0,0
"114","Upper Skookumchuck","Barriers",0,0,0
"115","Mainstem: Upper Chehalis 1","Barriers",0,0,0
"116","Mainstem: Upper Chehalis 2","Barriers",0,0,0
"117","Mainstem: Middle Chehalis 1","Barriers",0,0,0
"118","Mainstem: Middle Chehalis 2","Barriers",0,0,0
"119","Mainstem: Middle Chehalis 3","Barriers",0,0,0
"120","Mainstem: Lower Chehalis 1","Barriers",0,0,0
"121","Mainstem: Lower Chehalis 2","Barriers",53,1580,0
"122","Mainstem: Lower Chehalis 3","Barriers",0,0,0
"123","Mainstem: Lower Chehalis 4","Barriers",0,0,0
"124","Mainstem: Lower Chehalis 5","Barriers",0,0,0
"125","Mainstem: Lower Chehalis 6","Barriers",0,0,0
"126","Mainstem: Lower Chehalis 7","Barriers",0,0,0
"127","Upper Chehalis: Above Proposed Dam","Fine.sediment",970,22662,3458
"128","Upper Chehalis: Proposed Dam to Elk Creek","Fine.sediment",683,17494,2079
"129","Elk Creek","Fine.sediment",2437,56340,8512
"130","Unnamed: Willapa Hills 3","Fine.sediment",237,5778,546
"131","South Fork Chehalis","Fine.sediment",4164,105625,8954
"132","Unnamed: Willapa Hills 2","Fine.sediment",439,12949,1655
"133","Unnamed: Willapa Hills 1","Fine.sediment",0,0,0
"134","Unnamed: Willapa Hills 4","Fine.sediment",8,397,27
"135","Stearns Creek","Fine.sediment",841,22280,2042
"136","Bunker Creek","Fine.sediment",120,3258,257
"137","Unnamed: Central Lowlands 9","Fine.sediment",13,443,34
"138","Newaukum River","Fine.sediment",5155,126200,15165
"139","Dillenbaugh Creek","Fine.sediment",148,5712,365
"140","Unnamed: Central Lowlands 8","Fine.sediment",62,1486,180
"141","Salzer Creek","Fine.sediment",179,5118,529
"142","Unnamed: Cascade Mountains 1","Fine.sediment",0,0,0
"143","Unnamed: Central Lowlands 7","Fine.sediment",0,0,0
"144","Skookumchuck River","Fine.sediment",8179,206769,20789
"145","Lincoln Creek","Fine.sediment",1660,38444,7838
"146","Unnamed: Central Lowlands 6","Fine.sediment",1551,39085,4667
"147","Unnamed: Black River 1","Fine.sediment",520,16234,2020
"148","Scatter Creek","Fine.sediment",395,10032,899
"149","Black River","Fine.sediment",5812,157510,9483
"150","Unnamed: Central Lowlands 5","Fine.sediment",6,673,48
"151","Garrard Creek","Fine.sediment",852,22218,2220
"152","Unnamed: Black Hills 5","Fine.sediment",271,6668,665
"153","Unnamed: Central Lowlands 4","Fine.sediment",167,4195,252
"154","Rock Creek (Lower Chehalis)","Fine.sediment",1046,25007,2805
"155","Cedar Creek","Fine.sediment",1332,30907,4452
"156","Unnamed: Black Hills 4","Fine.sediment",69,1598,231
"157","Unnamed: Central Lowlands 3","Fine.sediment",26,1208,102
"158","Porter Creek","Fine.sediment",725,16364,2900
"159","Unnamed: Black Hills 3","Fine.sediment",0,0,0
"160","Mox Chehalis Creek","Fine.sediment",3053,75313,7324
"161","Unnamed: Black Hills 2","Fine.sediment",0,0,0
"162","Unnamed: Central Lowlands 2","Fine.sediment",743,18812,2686
"163","Cloquallum Creek","Fine.sediment",6456,168072,16392
"164","Unnamed: Black Hills 1","Fine.sediment",2458,70614,4566
"165","Unnamed: Central Lowlands 1","Fine.sediment",123,3686,374
"166","Satsop River","Fine.sediment",22971,622243,36233
"167","Unnamed: Olympic Mountains 1","Fine.sediment",109,4318,326
"168","Wynoochee River","Fine.sediment",5363,153713,0
"169","Wishkah River","Fine.sediment",4093,114153,0
"170","Hoquiam River","Fine.sediment",5646,159786,0
"171","Humptulips River","Fine.sediment",14941,412253,0
"172","Johns River","Fine.sediment",1136,30398,0
"173","Elk River","Fine.sediment",948,26340,0
"174","Andrews","Fine.sediment",171,4548,0
"175","Upper Chehalis Estuary","Fine.sediment",157,4982,0
"176","Lower Chehalis Estuary","Fine.sediment",0,0,0
"177","Upper Skookumchuck","Fine.sediment",0,0,0
"178","Mainstem: Upper Chehalis 1","Fine.sediment",0,0,0
"179","Mainstem: Upper Chehalis 2","Fine.sediment",0,0,0
"180","Mainstem: Middle Chehalis 1","Fine.sediment",0,0,0
"181","Mainstem: Middle Chehalis 2","Fine.sediment",0,0,0
"182","Mainstem: Middle Chehalis 3","Fine.sediment",0,0,0
"183","Mainstem: Lower Chehalis 1","Fine.sediment",0,0,0
"184","Mainstem: Lower Chehalis 2","Fine.sediment",55,1656,0
"185","Mainstem: Lower Chehalis 3","Fine.sediment",0,0,0
"186","Mainstem: Lower Chehalis 4","Fine.sediment",0,0,0
"187","Mainstem: Lower Chehalis 5","Fine.sediment",0,0,0
"188","Mainstem: Lower Chehalis 6","Fine.sediment",0,0,0
"189","Mainstem: Lower Chehalis 7","Fine.sediment",0,0,0
"190","Upper Chehalis: Above Proposed Dam","Wood",896,22203,1878
"191","Upper Chehalis: Proposed Dam to Elk Creek","Wood",728,19220,1541
"192","Elk Creek","Wood",2652,64110,6468
"193","Unnamed: Willapa Hills 3","Wood",234,5831,427
"194","South Fork Chehalis","Wood",4030,104354,6092
"195","Unnamed: Willapa Hills 2","Wood",411,12909,1108
"196","Unnamed: Willapa Hills 1","Wood",0,0,0
"197","Unnamed: Willapa Hills 4","Wood",21,990,51
"198","Stearns Creek","Wood",936,25450,1732
"199","Bunker Creek","Wood",1,24,1
"200","Unnamed: Central Lowlands 9","Wood",20,672,37
"201","Newaukum River","Wood",5424,137815,11320
"202","Dillenbaugh Creek","Wood",161,6844,342
"203","Unnamed: Central Lowlands 8","Wood",68,1707,134
"204","Salzer Creek","Wood",208,6155,435
"205","Unnamed: Cascade Mountains 1","Wood",3,163,12
"206","Unnamed: Central Lowlands 7","Wood",0,0,0
"207","Skookumchuck River","Wood",8763,228381,16472
"208","Lincoln Creek","Wood",1694,41722,5807
"209","Unnamed: Central Lowlands 6","Wood",1541,39895,3542
"210","Unnamed: Black River 1","Wood",613,19021,2000
"211","Scatter Creek","Wood",410,10591,738
"212","Black River","Wood",6469,178226,7607
"213","Unnamed: Central Lowlands 5","Wood",16,994,51
"214","Garrard Creek","Wood",893,23812,1551
"215","Unnamed: Black Hills 5","Wood",276,7261,499
"216","Unnamed: Central Lowlands 4","Wood",677,17054,935
"217","Rock Creek (Lower Chehalis)","Wood",1145,28035,2419
"218","Cedar Creek","Wood",1547,37262,3781
"219","Unnamed: Black Hills 4","Wood",86,2074,215
"220","Unnamed: Central Lowlands 3","Wood",26,1224,70
"221","Porter Creek","Wood",945,22166,2942
"222","Unnamed: Black Hills 3","Wood",0,0,0
"223","Mox Chehalis Creek","Wood",3125,78228,6765
"224","Unnamed: Black Hills 2","Wood",0,0,0
"225","Unnamed: Central Lowlands 2","Wood",876,22740,2328
"226","Cloquallum Creek","Wood",6765,180209,14260
"227","Unnamed: Black Hills 1","Wood",2580,74844,4597
"228","Unnamed: Central Lowlands 1","Wood",155,4604,352
"229","Satsop River","Wood",24328,662292,35955
"230","Unnamed: Olympic Mountains 1","Wood",139,6225,361
"231","Wynoochee River","Wood",5825,168668,0
"232","Wishkah River","Wood",4726,131837,0
"233","Hoquiam River","Wood",6068,171714,0
"234","Humptulips River","Wood",15940,439173,0
"235","Johns River","Wood",1367,36586,0
"236","Elk River","Wood",1078,30103,0
"237","Andrews","Wood",203,5417,0
"238","Upper Chehalis Estuary","Wood",175,5575,0
"239","Lower Chehalis Estuary","Wood",0,0,0
"240","Upper Skookumchuck","Wood",0,0,0
"241","Mainstem: Upper Chehalis 1","Wood",0,0,0
"242","Mainstem: Upper Chehalis 2","Wood",0,0,0
"243","Mainstem: Middle Chehalis 1","Wood",0,0,0
"244","Mainstem: Middle Chehalis 2","Wood",0,0,0
"245","Mainstem: Middle Chehalis 3","Wood",0,0,0
"246","Mainstem: Lower Chehalis 1","Wood",0,0,0
"247","Mainstem: Lower Chehalis 2","Wood",68,2037,0
"248","Mainstem: Lower Chehalis 3","Wood",0,0,0
"249","Mainstem: Lower Chehalis 4","Wood",0,0,0
"250","Mainstem: Lower Chehalis 5","Wood",0,0,0
"251","Mainstem: Lower Chehalis 6","Wood",0,1,0
"252","Mainstem: Lower Chehalis 7","Wood",0,0,0
"253","Upper Chehalis: Above Proposed Dam","Shade",690,16453,2124
"254","Upper Chehalis: Proposed Dam to Elk Creek","Shade",603,15462,1821
"255","Elk Creek","Shade",2119,49788,6589
"256","Unnamed: Willapa Hills 3","Shade",230,5596,552
"257","South Fork Chehalis","Shade",3947,99549,9045
"258","Unnamed: Willapa Hills 2","Shade",380,11312,1333
"259","Unnamed: Willapa Hills 1","Shade",0,0,0
"260","Unnamed: Willapa Hills 4","Shade",38,1790,151
"261","Stearns Creek","Shade",1048,27204,3129
"262","Bunker Creek","Shade",312,8340,774
"263","Unnamed: Central Lowlands 9","Shade",35,1130,105
"264","Newaukum River","Shade",5158,126190,15245
"265","Dillenbaugh Creek","Shade",297,11436,779
"266","Unnamed: Central Lowlands 8","Shade",69,1642,209
"267","Salzer Creek","Shade",185,5269,557
"268","Unnamed: Cascade Mountains 1","Shade",0,0,0
"269","Unnamed: Central Lowlands 7","Shade",0,0,0
"270","Skookumchuck River","Shade",9420,236989,25087
"271","Lincoln Creek","Shade",1760,41526,7528
"272","Unnamed: Central Lowlands 6","Shade",1544,38717,4835
"273","Unnamed: Black River 1","Shade",442,13900,1613
"274","Scatter Creek","Shade",846,21179,2238
"275","Black River","Shade",6479,174224,11951
"276","Unnamed: Central Lowlands 5","Shade",1,97,6
"277","Garrard Creek","Shade",822,21353,2237
"278","Unnamed: Black Hills 5","Shade",253,6195,647
"279","Unnamed: Central Lowlands 4","Shade",149,3734,227
"280","Rock Creek (Lower Chehalis)","Shade",1052,24723,3246
"281","Cedar Creek","Shade",1294,29627,4701
"282","Unnamed: Black Hills 4","Shade",65,1496,241
"283","Unnamed: Central Lowlands 3","Shade",15,687,54
"284","Porter Creek","Shade",680,15213,2850
"285","Unnamed: Black Hills 3","Shade",0,0,0
"286","Mox Chehalis Creek","Shade",2866,70083,7489
"287","Unnamed: Black Hills 2","Shade",0,0,0
"288","Unnamed: Central Lowlands 2","Shade",595,15198,2004
"289","Cloquallum Creek","Shade",5709,148485,14622
"290","Unnamed: Black Hills 1","Shade",1942,55706,3704
"291","Unnamed: Central Lowlands 1","Shade",94,2845,266
"292","Satsop River","Shade",20689,557744,35336
"293","Unnamed: Olympic Mountains 1","Shade",76,3001,231
"294","Wynoochee River","Shade",4711,135043,0
"295","Wishkah River","Shade",3353,93507,0
"296","Hoquiam River","Shade",5132,145245,0
"297","Humptulips River","Shade",14206,391965,0
"298","Johns River","Shade",999,26747,0
"299","Elk River","Shade",868,24131,0
"300","Andrews","Shade",149,3969,0
"301","Upper Chehalis Estuary","Shade",119,3771,0
"302","Lower Chehalis Estuary","Shade",0,0,0
"303","Upper Skookumchuck","Shade",0,0,0
"304","Mainstem: Upper Chehalis 1","Shade",0,0,0
"305","Mainstem: Upper Chehalis 2","Shade",0,0,0
"306","Mainstem: Middle Chehalis 1","Shade",0,0,0
"307","Mainstem: Middle Chehalis 2","Shade",0,0,0
"308","Mainstem: Middle Chehalis 3","Shade",0,0,0
"309","Mainstem: Lower Chehalis 1","Shade",0,0,0
"310","Mainstem: Lower Chehalis 2","Shade",58,1735,0
"311","Mainstem: Lower Chehalis 3","Shade",0,0,0
"312","Mainstem: Lower Chehalis 4","Shade",0,0,0
"313","Mainstem: Lower Chehalis 5","Shade",8,217,0
"314","Mainstem: Lower Chehalis 6","Shade",28,760,0
"315","Mainstem: Lower Chehalis 7","Shade",0,0,0
"316","Upper Chehalis: Above Proposed Dam","LR.bank",596,14213,1823
"317","Upper Chehalis: Proposed Dam to Elk Creek","LR.bank",503,12922,1483
"318","Elk Creek","LR.bank",2144,49887,7179
"319","Unnamed: Willapa Hills 3","LR.bank",207,5034,480
"320","South Fork Chehalis","LR.bank",3268,82784,7141
"321","Unnamed: Willapa Hills 2","LR.bank",344,10251,1192
"322","Unnamed: Willapa Hills 1","LR.bank",0,0,0
"323","Unnamed: Willapa Hills 4","LR.bank",4,206,15
"324","Stearns Creek","LR.bank",790,20796,2073
"325","Bunker Creek","LR.bank",0,0,0
"326","Unnamed: Central Lowlands 9","LR.bank",5,149,12
"327","Newaukum River","LR.bank",4305,105427,12614
"328","Dillenbaugh Creek","LR.bank",108,4152,288
"329","Unnamed: Central Lowlands 8","LR.bank",41,1000,115
"330","Salzer Creek","LR.bank",151,4306,462
"331","Unnamed: Cascade Mountains 1","LR.bank",0,0,0
"332","Unnamed: Central Lowlands 7","LR.bank",0,0,0
"333","Skookumchuck River","LR.bank",7204,181607,18817
"334","Lincoln Creek","LR.bank",1293,30724,5307
"335","Unnamed: Central Lowlands 6","LR.bank",1403,35369,4204
"336","Unnamed: Black River 1","LR.bank",427,13381,1606
"337","Scatter Creek","LR.bank",301,7587,730
"338","Black River","LR.bank",5347,144293,9342
"339","Unnamed: Central Lowlands 5","LR.bank",0,46,3
"340","Garrard Creek","LR.bank",676,17662,1728
"341","Unnamed: Black Hills 5","LR.bank",251,6171,637
"342","Unnamed: Central Lowlands 4","LR.bank",148,3688,237
"343","Rock Creek (Lower Chehalis)","LR.bank",965,22984,2666
"344","Cedar Creek","LR.bank",1204,28001,3953
"345","Unnamed: Black Hills 4","LR.bank",63,1461,214
"346","Unnamed: Central Lowlands 3","LR.bank",14,645,51
"347","Porter Creek","LR.bank",662,14838,2769
"348","Unnamed: Black Hills 3","LR.bank",0,0,0
"349","Mox Chehalis Creek","LR.bank",2847,69637,7402
"350","Unnamed: Black Hills 2","LR.bank",0,0,0
"351","Unnamed: Central Lowlands 2","LR.bank",595,15169,2053
"352","Cloquallum Creek","LR.bank",5708,148460,14630
"353","Unnamed: Black Hills 1","LR.bank",1908,54685,3695
"354","Unnamed: Central Lowlands 1","LR.bank",95,2848,272
"355","Satsop River","LR.bank",20657,557595,34550
"356","Unnamed: Olympic Mountains 1","LR.bank",74,2906,229
"357","Wynoochee River","LR.bank",5224,149732,0
"358","Wishkah River","LR.bank",3353,93507,0
"359","Hoquiam River","LR.bank",5132,145251,0
"360","Humptulips River","LR.bank",14014,386672,0
"361","Johns River","LR.bank",999,26747,0
"362","Elk River","LR.bank",868,24131,0
"363","Andrews","LR.bank",149,3969,0
"364","Upper Chehalis Estuary","LR.bank",119,3771,0
"365","Lower Chehalis Estuary","LR.bank",0,0,0
"366","Upper Skookumchuck","LR.bank",0,0,0
"367","Mainstem: Upper Chehalis 1","LR.bank",0,0,0
"368","Mainstem: Upper Chehalis 2","LR.bank",0,0,0
"369","Mainstem: Middle Chehalis 1","LR.bank",0,0,0
"370","Mainstem: Middle Chehalis 2","LR.bank",0,0,0
"371","Mainstem: Middle Chehalis 3","LR.bank",0,0,0
"372","Mainstem: Lower Chehalis 1","LR.bank",0,0,0
"373","Mainstem: Lower Chehalis 2","LR.bank",54,1631,0
"374","Mainstem: Lower Chehalis 3","LR.bank",0,0,0
"375","Mainstem: Lower Chehalis 4","LR.bank",0,0,0
"376","Mainstem: Lower Chehalis 5","LR.bank",0,0,0
"377","Mainstem: Lower Chehalis 6","LR.bank",0,3,0
"378","Mainstem: Lower Chehalis 7","LR.bank",0,0,0
"379","Upper Chehalis: Above Proposed Dam","LR.length",596,14208,1823
"380","Upper Chehalis: Proposed Dam to Elk Creek","LR.length",503,12921,1483
"381","Elk Creek","LR.length",2144,49884,7172
"382","Unnamed: Willapa Hills 3","LR.length",206,5032,474
"383","South Fork Chehalis","LR.length",3266,82732,7128
"384","Unnamed: Willapa Hills 2","LR.length",343,10247,1182
"385","Unnamed: Willapa Hills 1","LR.length",0,0,0
"386","Unnamed: Willapa Hills 4","LR.length",4,206,15
"387","Stearns Creek","LR.length",790,20795,2069
"388","Bunker Creek","LR.length",0,0,0
"389","Unnamed: Central Lowlands 9","LR.length",5,149,12
"390","Newaukum River","LR.length",4306,105410,12671
"391","Dillenbaugh Creek","LR.length",108,4154,289
"392","Unnamed: Central Lowlands 8","LR.length",41,1001,115
"393","Salzer Creek","LR.length",151,4307,464
"394","Unnamed: Cascade Mountains 1","LR.length",0,0,0
"395","Unnamed: Central Lowlands 7","LR.length",0,0,0
"396","Skookumchuck River","LR.length",7297,183796,19229
"397","Lincoln Creek","LR.length",1292,30716,5291
"398","Unnamed: Central Lowlands 6","LR.length",1403,35367,4193
"399","Unnamed: Black River 1","LR.length",426,13378,1601
"400","Scatter Creek","LR.length",300,7584,728
"401","Black River","LR.length",5337,144029,9333
"402","Unnamed: Central Lowlands 5","LR.length",0,46,3
"403","Garrard Creek","LR.length",676,17659,1729
"404","Unnamed: Black Hills 5","LR.length",251,6171,638
"405","Unnamed: Central Lowlands 4","LR.length",148,3688,237
"406","Rock Creek (Lower Chehalis)","LR.length",964,22983,2662
"407","Cedar Creek","LR.length",1204,28000,3947
"408","Unnamed: Black Hills 4","LR.length",63,1461,214
"409","Unnamed: Central Lowlands 3","LR.length",14,645,51
"410","Porter Creek","LR.length",661,14831,2743
"411","Unnamed: Black Hills 3","LR.length",0,0,0
"412","Mox Chehalis Creek","LR.length",2840,69559,7312
"413","Unnamed: Black Hills 2","LR.length",0,0,0
"414","Unnamed: Central Lowlands 2","LR.length",595,15163,2042
"415","Cloquallum Creek","LR.length",5701,148409,14478
"416","Unnamed: Black Hills 1","LR.length",1907,54669,3670
"417","Unnamed: Central Lowlands 1","LR.length",95,2848,271
"418","Satsop River","LR.length",20696,558822,34454
"419","Unnamed: Olympic Mountains 1","LR.length",74,2905,229
"420","Wynoochee River","LR.length",4742,135926,0
"421","Wishkah River","LR.length",3363,93783,0
"422","Hoquiam River","LR.length",5132,145245,0
"423","Humptulips River","LR.length",14053,387746,0
"424","Johns River","LR.length",999,26747,0
"425","Elk River","LR.length",868,24131,0
"426","Andrews","LR.length",149,3969,0
"427","Upper Chehalis Estuary","LR.length",119,3771,0
"428","Lower Chehalis Estuary","LR.length",0,0,0
"429","Upper Skookumchuck","LR.length",0,0,0
"430","Mainstem: Upper Chehalis 1","LR.length",0,0,0
"431","Mainstem: Upper Chehalis 2","LR.length",0,0,0
"432","Mainstem: Middle Chehalis 1","LR.length",0,0,0
"433","Mainstem: Middle Chehalis 2","LR.length",0,0,0
"434","Mainstem: Middle Chehalis 3","LR.length",0,0,0
"435","Mainstem: Lower Chehalis 1","LR.length",0,0,0
"436","Mainstem: Lower Chehalis 2","LR.length",54,1626,0
"437","Mainstem: Lower Chehalis 3","LR.length",0,0,0
"438","Mainstem: Lower Chehalis 4","LR.length",0,0,0
"439","Mainstem: Lower Chehalis 5","LR.length",0,0,0
"440","Mainstem: Lower Chehalis 6","LR.length",0,1,0
"441","Mainstem: Lower Chehalis 7","LR.length",0,0,0
"442","Upper Chehalis: Above Proposed Dam","Beaver",2607,68351,1794
"443","Upper Chehalis: Proposed Dam to Elk Creek","Beaver",1999,55841,1433
"444","Elk Creek","Beaver",5813,150209,4494
"445","Unnamed: Willapa Hills 3","Beaver",447,11536,389
"446","South Fork Chehalis","Beaver",7168,192113,4657
"447","Unnamed: Willapa Hills 2","Beaver",1194,38543,1228
"448","Unnamed: Willapa Hills 1","Beaver",0,0,0
"449","Unnamed: Willapa Hills 4","Beaver",36,1798,37
"450","Stearns Creek","Beaver",2266,63833,1736
"451","Bunker Creek","Beaver",3,85,2
"452","Unnamed: Central Lowlands 9","Beaver",44,1523,31
"453","Newaukum River","Beaver",11059,294232,8586
"454","Dillenbaugh Creek","Beaver",249,10046,207
"455","Unnamed: Central Lowlands 8","Beaver",200,5258,133
"456","Salzer Creek","Beaver",1087,33426,882
"457","Unnamed: Cascade Mountains 1","Beaver",0,0,0
"458","Unnamed: Central Lowlands 7","Beaver",0,0,0
"459","Skookumchuck River","Beaver",12336,331462,10805
"460","Lincoln Creek","Beaver",3328,86113,6648
"461","Unnamed: Central Lowlands 6","Beaver",2313,62597,2624
"462","Unnamed: Black River 1","Beaver",698,23349,1172
"463","Scatter Creek","Beaver",947,25291,921
"464","Black River","Beaver",9340,262698,5048
"465","Unnamed: Central Lowlands 5","Beaver",0,1,0
"466","Garrard Creek","Beaver",2170,60805,1448
"467","Unnamed: Black Hills 5","Beaver",472,12454,335
"468","Unnamed: Central Lowlands 4","Beaver",135,3520,65
"469","Rock Creek (Lower Chehalis)","Beaver",2462,63146,2332
"470","Cedar Creek","Beaver",3215,81887,3435
"471","Unnamed: Black Hills 4","Beaver",282,7200,288
"472","Unnamed: Central Lowlands 3","Beaver",100,4877,111
"473","Porter Creek","Beaver",2229,55794,3457
"474","Unnamed: Black Hills 3","Beaver",0,0,0
"475","Mox Chehalis Creek","Beaver",4091,105708,4989
"476","Unnamed: Black Hills 2","Beaver",0,0,0
"477","Unnamed: Central Lowlands 2","Beaver",2268,62961,2636
"478","Cloquallum Creek","Beaver",10470,286612,12276
"479","Unnamed: Black Hills 1","Beaver",3044,90550,2550
"480","Unnamed: Central Lowlands 1","Beaver",370,11801,396
"481","Satsop River","Beaver",34390,950629,32350
"482","Unnamed: Olympic Mountains 1","Beaver",226,9450,191
"483","Wynoochee River","Beaver",14052,404204,0
"484","Wishkah River","Beaver",10795,300624,0
"485","Hoquiam River","Beaver",10512,297089,0
"486","Humptulips River","Beaver",25103,691294,0
"487","Johns River","Beaver",4812,128794,0
"488","Elk River","Beaver",3432,95389,0
"489","Andrews","Beaver",729,19435,0
"490","Upper Chehalis Estuary","Beaver",462,14665,0
"491","Lower Chehalis Estuary","Beaver",0,0,0
"492","Upper Skookumchuck","Beaver",0,0,0
"493","Mainstem: Upper Chehalis 1","Beaver",0,0,0
"494","Mainstem: Upper Chehalis 2","Beaver",0,0,0
"495","Mainstem: Middle Chehalis 1","Beaver",0,0,0
"496","Mainstem: Middle Chehalis 2","Beaver",0,0,0
"497","Mainstem: Middle Chehalis 3","Beaver",0,0,0
"498","Mainstem: Lower Chehalis 1","Beaver",0,0,0
"499","Mainstem: Lower Chehalis 2","Beaver",49,1459,0
"500","Mainstem: Lower Chehalis 3","Beaver",0,0,0
"501","Mainstem: Lower Chehalis 4","Beaver",0,0,0
"502","Mainstem: Lower Chehalis 5","Beaver",0,0,0
"503","Mainstem: Lower Chehalis 6","Beaver",0,0,0
"504","Mainstem: Lower Chehalis 7","Beaver",0,0,0
"505","Upper Chehalis: Above Proposed Dam","Floodplain",721,16026,3378
"506","Upper Chehalis: Proposed Dam to Elk Creek","Floodplain",747,18235,3169
"507","Elk Creek","Floodplain",3322,72560,15835
"508","Unnamed: Willapa Hills 3","Floodplain",254,5893,890
"509","South Fork Chehalis","Floodplain",4995,121305,16129
"510","Unnamed: Willapa Hills 2","Floodplain",381,10601,2077
"511","Unnamed: Willapa Hills 1","Floodplain",0,0,0
"512","Unnamed: Willapa Hills 4","Floodplain",28,1280,142
"513","Stearns Creek","Floodplain",1303,33525,4185
"514","Bunker Creek","Floodplain",0,10,1
"515","Unnamed: Central Lowlands 9","Floodplain",681,21720,2565
"516","Newaukum River","Floodplain",7876,184417,31555
"517","Dillenbaugh Creek","Floodplain",121,4465,524
"518","Unnamed: Central Lowlands 8","Floodplain",186,4479,544
"519","Salzer Creek","Floodplain",328,9211,1143
"520","Unnamed: Cascade Mountains 1","Floodplain",0,0,0
"521","Unnamed: Central Lowlands 7","Floodplain",0,0,0
"522","Skookumchuck River","Floodplain",14564,358777,44337
"523","Lincoln Creek","Floodplain",2259,53777,9207
"524","Unnamed: Central Lowlands 6","Floodplain",1559,38968,5009
"525","Unnamed: Black River 1","Floodplain",670,20318,2705
"526","Scatter Creek","Floodplain",943,23395,2699
"527","Black River","Floodplain",9451,251420,20135
"528","Unnamed: Central Lowlands 5","Floodplain",1,66,6
"529","Garrard Creek","Floodplain",1105,28565,3151
"530","Unnamed: Black Hills 5","Floodplain",283,6825,850
"531","Unnamed: Central Lowlands 4","Floodplain",164,4026,323
"532","Rock Creek (Lower Chehalis)","Floodplain",1146,26371,4100
"533","Cedar Creek","Floodplain",1687,38146,6617
"534","Unnamed: Black Hills 4","Floodplain",68,1483,311
"535","Unnamed: Central Lowlands 3","Floodplain",26,1174,117
"536","Porter Creek","Floodplain",718,15316,3762
"537","Unnamed: Black Hills 3","Floodplain",0,0,0
"538","Mox Chehalis Creek","Floodplain",3978,95445,12209
"539","Unnamed: Black Hills 2","Floodplain",0,0,0
"540","Unnamed: Central Lowlands 2","Floodplain",699,17229,2994
"541","Cloquallum Creek","Floodplain",7197,183436,22186
"542","Unnamed: Black Hills 1","Floodplain",1612,44956,4343
"543","Unnamed: Central Lowlands 1","Floodplain",95,2851,277
"544","Satsop River","Floodplain",27469,741239,41892
"545","Unnamed: Olympic Mountains 1","Floodplain",175,7016,445
"546","Wynoochee River","Floodplain",8202,231799,0
"547","Wishkah River","Floodplain",5655,157166,0
"548","Hoquiam River","Floodplain",5283,149522,0
"549","Humptulips River","Floodplain",20121,553906,0
"550","Johns River","Floodplain",1483,39704,0
"551","Elk River","Floodplain",953,26487,0
"552","Andrews","Floodplain",149,3969,0
"553","Upper Chehalis Estuary","Floodplain",163,5160,0
"554","Lower Chehalis Estuary","Floodplain",0,0,0
"555","Upper Skookumchuck","Floodplain",0,0,0
"556","Mainstem: Upper Chehalis 1","Floodplain",0,0,0
"557","Mainstem: Upper Chehalis 2","Floodplain",0,0,0
"558","Mainstem: Middle Chehalis 1","Floodplain",48,1291,0
"559","Mainstem: Middle Chehalis 2","Floodplain",0,0,0
"560","Mainstem: Middle Chehalis 3","Floodplain",0,0,0
"561","Mainstem: Lower Chehalis 1","Floodplain",0,0,0
"562","Mainstem: Lower Chehalis 2","Floodplain",0,0,0
"563","Mainstem: Lower Chehalis 3","Floodplain",0,0,0
"564","Mainstem: Lower Chehalis 4","Floodplain",0,0,0
"565","Mainstem: Lower Chehalis 5","Floodplain",0,0,0
"566","Mainstem: Lower Chehalis 6","Floodplain",251,6797,0
"567","Mainstem: Lower Chehalis 7","Floodplain",0,0,0
"568","Upper Chehalis: Above Proposed Dam","FP.wood.comb",1033,23309,4457
"569","Upper Chehalis: Proposed Dam to Elk Creek","FP.wood.comb",962,23549,3887
"570","Elk Creek","FP.wood.comb",3958,86518,18802
"571","Unnamed: Willapa Hills 3","FP.wood.comb",278,6503,938
"572","South Fork Chehalis","FP.wood.comb",5767,139832,18211
"573","Unnamed: Willapa Hills 2","FP.wood.comb",450,12884,2454
"574","Unnamed: Willapa Hills 1","FP.wood.comb",0,0,0
"575","Unnamed: Willapa Hills 4","FP.wood.comb",45,1971,220
"576","Stearns Creek","FP.wood.comb",1496,38677,4748
"577","Bunker Creek","FP.wood.comb",23,584,70
"578","Unnamed: Central Lowlands 9","FP.wood.comb",748,23350,2759
"579","Newaukum River","FP.wood.comb",9138,215095,36192
"580","Dillenbaugh Creek","FP.wood.comb",169,6725,816
"581","Unnamed: Central Lowlands 8","FP.wood.comb",219,5242,644
"582","Salzer Creek","FP.wood.comb",384,10845,1341
"583","Unnamed: Cascade Mountains 1","FP.wood.comb",3,165,29
"584","Unnamed: Central Lowlands 7","FP.wood.comb",0,0,0
"585","Skookumchuck River","FP.wood.comb",17315,429928,51613
"586","Lincoln Creek","FP.wood.comb",2697,64235,11424
"587","Unnamed: Central Lowlands 6","FP.wood.comb",1700,42492,5433
"588","Unnamed: Black River 1","FP.wood.comb",878,25856,3785
"589","Scatter Creek","FP.wood.comb",1019,25308,2828
"590","Black River","FP.wood.comb",10462,278979,21575
"591","Unnamed: Central Lowlands 5","FP.wood.comb",16,965,94
"592","Garrard Creek","FP.wood.comb",1337,34283,3695
"593","Unnamed: Black Hills 5","FP.wood.comb",309,7748,936
"594","Unnamed: Central Lowlands 4","FP.wood.comb",1035,25148,2370
"595","Rock Creek (Lower Chehalis)","FP.wood.comb",1326,30640,4633
"596","Cedar Creek","FP.wood.comb",2051,46621,7795
"597","Unnamed: Black Hills 4","FP.wood.comb",92,2048,397
"598","Unnamed: Central Lowlands 3","FP.wood.comb",37,1715,171
"599","Porter Creek","FP.wood.comb",1009,22127,4695
"600","Unnamed: Black Hills 3","FP.wood.comb",0,0,0
"601","Mox Chehalis Creek","FP.wood.comb",4247,102820,12711
"602","Unnamed: Black Hills 2","FP.wood.comb",0,0,0
"603","Unnamed: Central Lowlands 2","FP.wood.comb",985,24174,4010
"604","Cloquallum Creek","FP.wood.comb",8249,212346,24767
"605","Unnamed: Black Hills 1","FP.wood.comb",2132,59292,6343
"606","Unnamed: Central Lowlands 1","FP.wood.comb",153,4490,401
"607","Satsop River","FP.wood.comb",31045,841665,45193
"608","Unnamed: Olympic Mountains 1","FP.wood.comb",206,9242,529
"609","Wynoochee River","FP.wood.comb",9488,270790,0
"610","Wishkah River","FP.wood.comb",7136,198466,0
"611","Hoquiam River","FP.wood.comb",6245,176730,0
"612","Humptulips River","FP.wood.comb",22482,618233,0
"613","Johns River","FP.wood.comb",1859,49759,0
"614","Elk River","FP.wood.comb",1164,32494,0
"615","Andrews","FP.wood.comb",203,5417,0
"616","Upper Chehalis Estuary","FP.wood.comb",221,7014,0
"617","Lower Chehalis Estuary","FP.wood.comb",0,0,0
"618","Upper Skookumchuck","FP.wood.comb",0,0,0
"619","Mainstem: Upper Chehalis 1","FP.wood.comb",0,0,0
"620","Mainstem: Upper Chehalis 2","FP.wood.comb",0,0,0
"621","Mainstem: Middle Chehalis 1","FP.wood.comb",59,1582,0
"622","Mainstem: Middle Chehalis 2","FP.wood.comb",0,0,0
"623","Mainstem: Middle Chehalis 3","FP.wood.comb",0,0,0
"624","Mainstem: Lower Chehalis 1","FP.wood.comb",0,0,0
"625","Mainstem: Lower Chehalis 2","FP.wood.comb",0,0,0
"626","Mainstem: Lower Chehalis 3","FP.wood.comb",0,0,0
"627","Mainstem: Lower Chehalis 4","FP.wood.comb",0,0,0
"628","Mainstem: Lower Chehalis 5","FP.wood.comb",0,0,0
"629","Mainstem: Lower Chehalis 6","FP.wood.comb",253,6849,0
"630","Mainstem: Lower Chehalis 7","FP.wood.comb",0,0,0
"631","Upper Chehalis: Above Proposed Dam","Historical",4516,115118,5080
"632","Upper Chehalis: Proposed Dam to Elk Creek","Historical",3698,93905,4015
"633","Elk Creek","Historical",8874,223372,11596
"634","Unnamed: Willapa Hills 3","Historical",839,20598,1615
"635","South Fork Chehalis","Historical",15275,380660,23901
"636","Unnamed: Willapa Hills 2","Historical",2810,67674,6719
"637","Unnamed: Willapa Hills 1","Historical",0,0,0
"638","Unnamed: Willapa Hills 4","Historical",662,16441,1075
"639","Stearns Creek","Historical",6218,154874,9782
"640","Bunker Creek","Historical",2032,50558,3252
"641","Unnamed: Central Lowlands 9","Historical",1989,50304,3183
"642","Newaukum River","Historical",22866,568420,37047
"643","Dillenbaugh Creek","Historical",2394,59580,3820
"644","Unnamed: Central Lowlands 8","Historical",749,18903,930
"645","Salzer Creek","Historical",3501,87925,4773
"646","Unnamed: Cascade Mountains 1","Historical",619,15472,906
"647","Unnamed: Central Lowlands 7","Historical",960,23778,1636
"648","Skookumchuck River","Historical",40052,1004833,55673
"649","Lincoln Creek","Historical",7907,182469,26904
"650","Unnamed: Central Lowlands 6","Historical",4138,101388,8184
"651","Unnamed: Black River 1","Historical",2055,49347,5067
"652","Scatter Creek","Historical",3660,91369,5539
"653","Black River","Historical",22210,569557,18516
"654","Unnamed: Central Lowlands 5","Historical",191,4843,220
"655","Garrard Creek","Historical",4424,111968,5172
"656","Unnamed: Black Hills 5","Historical",645,16310,757
"657","Unnamed: Central Lowlands 4","Historical",2504,64070,2235
"658","Rock Creek (Lower Chehalis)","Historical",3392,84419,5398
"659","Cedar Creek","Historical",4823,118263,9453
"660","Unnamed: Black Hills 4","Historical",385,9504,701
"661","Unnamed: Central Lowlands 3","Historical",473,11921,606
"662","Porter Creek","Historical",3067,74716,6487
"663","Unnamed: Black Hills 3","Historical",116,2818,252
"664","Mox Chehalis Creek","Historical",7059,175181,11729
"665","Unnamed: Black Hills 2","Historical",0,0,0
"666","Unnamed: Central Lowlands 2","Historical",3633,90103,6083
"667","Cloquallum Creek","Historical",17772,440273,31235
"668","Unnamed: Black Hills 1","Historical",5042,126202,7304
"669","Unnamed: Central Lowlands 1","Historical",667,16982,680
"670","Satsop River","Historical",57420,1470483,49909
"671","Unnamed: Olympic Mountains 1","Historical",1199,30577,1160
"672","Wynoochee River","Historical",25795,683017,0
"673","Wishkah River","Historical",18247,483147,0
"674","Hoquiam River","Historical",15557,411935,0
"675","Humptulips River","Historical",38742,1037210,0
"676","Johns River","Historical",7311,193576,0
"677","Elk River","Historical",4664,123504,0
"678","Andrews","Historical",975,25806,0
"679","Upper Chehalis Estuary","Historical",995,26347,0
"680","Lower Chehalis Estuary","Historical",0,0,0
"681","Upper Skookumchuck","Historical",0,0,0
"682","Mainstem: Upper Chehalis 1","Historical",0,0,0
"683","Mainstem: Upper Chehalis 2","Historical",0,0,0
"684","Mainstem: Middle Chehalis 1","Historical",72,1911,0
"685","Mainstem: Middle Chehalis 2","Historical",0,0,0
"686","Mainstem: Middle Chehalis 3","Historical",0,0,0
"687","Mainstem: Lower Chehalis 1","Historical",0,0,0
"688","Mainstem: Lower Chehalis 2","Historical",54,1411,0
"689","Mainstem: Lower Chehalis 3","Historical",0,0,0
"690","Mainstem: Lower Chehalis 4","Historical",0,0,0
"691","Mainstem: Lower Chehalis 5","Historical",121,3215,0
"692","Mainstem: Lower Chehalis 6","Historical",133,3517,0
"693","Mainstem: Lower Chehalis 7","Historical",0,0,0
"694","Upper Chehalis: Above Proposed Dam","ASRP.Current.asrp.2040",220,5403,531
"695","Upper Chehalis: Proposed Dam to Elk Creek","ASRP.Current.asrp.2040",262,6762,737
"696","Elk Creek","ASRP.Current.asrp.2040",1926,44805,6449
"697","Unnamed: Willapa Hills 3","ASRP.Current.asrp.2040",104,2558,226
"698","South Fork Chehalis","ASRP.Current.asrp.2040",2000,50669,4401
"699","Unnamed: Willapa Hills 2","ASRP.Current.asrp.2040",232,7071,661
"700","Unnamed: Willapa Hills 1","ASRP.Current.asrp.2040",0,0,0
"701","Unnamed: Willapa Hills 4","ASRP.Current.asrp.2040",0,0,0
"702","Stearns Creek","ASRP.Current.asrp.2040",531,14115,1371
"703","Bunker Creek","ASRP.Current.asrp.2040",0,0,0
"704","Unnamed: Central Lowlands 9","ASRP.Current.asrp.2040",6,185,16
"705","Newaukum River","ASRP.Current.asrp.2040",2868,70873,8133
"706","Dillenbaugh Creek","ASRP.Current.asrp.2040",101,3877,290
"707","Unnamed: Central Lowlands 8","ASRP.Current.asrp.2040",16,398,43
"708","Salzer Creek","ASRP.Current.asrp.2040",101,2976,216
"709","Unnamed: Cascade Mountains 1","ASRP.Current.asrp.2040",0,0,0
"710","Unnamed: Central Lowlands 7","ASRP.Current.asrp.2040",0,0,0
"711","Skookumchuck River","ASRP.Current.asrp.2040",5375,140081,14383
"712","Lincoln Creek","ASRP.Current.asrp.2040",801,19738,2755
"713","Unnamed: Central Lowlands 6","ASRP.Current.asrp.2040",1257,32751,2699
"714","Unnamed: Black River 1","ASRP.Current.asrp.2040",336,10652,1160
"715","Scatter Creek","ASRP.Current.asrp.2040",133,3455,313
"716","Black River","ASRP.Current.asrp.2040",3869,104454,7405
"717","Unnamed: Central Lowlands 5","ASRP.Current.asrp.2040",1,137,11
"718","Garrard Creek","ASRP.Current.asrp.2040",466,12190,1193
"719","Unnamed: Black Hills 5","ASRP.Current.asrp.2040",185,4540,460
"720","Unnamed: Central Lowlands 4","ASRP.Current.asrp.2040",149,3782,184
"721","Rock Creek (Lower Chehalis)","ASRP.Current.asrp.2040",642,15558,1529
"722","Cedar Creek","ASRP.Current.asrp.2040",881,20842,2533
"723","Unnamed: Black Hills 4","ASRP.Current.asrp.2040",41,982,119
"724","Unnamed: Central Lowlands 3","ASRP.Current.asrp.2040",1,30,2
"725","Porter Creek","ASRP.Current.asrp.2040",552,12457,2216
"726","Unnamed: Black Hills 3","ASRP.Current.asrp.2040",0,0,0
"727","Mox Chehalis Creek","ASRP.Current.asrp.2040",2660,65082,6913
"728","Unnamed: Black Hills 2","ASRP.Current.asrp.2040",0,0,0
"729","Unnamed: Central Lowlands 2","ASRP.Current.asrp.2040",423,10862,1361
"730","Cloquallum Creek","ASRP.Current.asrp.2040",5024,132336,12960
"731","Unnamed: Black Hills 1","ASRP.Current.asrp.2040",1694,48410,3397
"732","Unnamed: Central Lowlands 1","ASRP.Current.asrp.2040",71,2140,194
"733","Satsop River","ASRP.Current.asrp.2040",20155,543371,34556
"734","Unnamed: Olympic Mountains 1","ASRP.Current.asrp.2040",11,589,5
"735","Wynoochee River","ASRP.Current.asrp.2040",4461,128059,0
"736","Wishkah River","ASRP.Current.asrp.2040",3216,90105,0
"737","Hoquiam River","ASRP.Current.asrp.2040",4787,136166,0
"738","Humptulips River","ASRP.Current.asrp.2040",13141,363174,0
"739","Johns River","ASRP.Current.asrp.2040",898,24029,0
"740","Elk River","ASRP.Current.asrp.2040",787,21884,0
"741","Andrews","ASRP.Current.asrp.2040",132,3507,0
"742","Upper Chehalis Estuary","ASRP.Current.asrp.2040",32,1242,0
"743","Lower Chehalis Estuary","ASRP.Current.asrp.2040",0,0,0
"744","Upper Skookumchuck","ASRP.Current.asrp.2040",0,0,0
"745","Mainstem: Upper Chehalis 1","ASRP.Current.asrp.2040",0,0,0
"746","Mainstem: Upper Chehalis 2","ASRP.Current.asrp.2040",0,0,0
"747","Mainstem: Middle Chehalis 1","ASRP.Current.asrp.2040",0,0,0
"748","Mainstem: Middle Chehalis 2","ASRP.Current.asrp.2040",0,0,0
"749","Mainstem: Middle Chehalis 3","ASRP.Current.asrp.2040",0,0,0
"750","Mainstem: Lower Chehalis 1","ASRP.Current.asrp.2040",0,0,0
"751","Mainstem: Lower Chehalis 2","ASRP.Current.asrp.2040",28,828,0
"752","Mainstem: Lower Chehalis 3","ASRP.Current.asrp.2040",0,0,0
"753","Mainstem: Lower Chehalis 4","ASRP.Current.asrp.2040",0,0,0
"754","Mainstem: Lower Chehalis 5","ASRP.Current.asrp.2040",0,0,0
"755","Mainstem: Lower Chehalis 6","ASRP.Current.asrp.2040",0,0,0
"756","Mainstem: Lower Chehalis 7","ASRP.Current.asrp.2040",0,0,0
"757","Upper Chehalis: Above Proposed Dam","ASRP.Current.asrp.2080",2,44,4
"758","Upper Chehalis: Proposed Dam to Elk Creek","ASRP.Current.asrp.2080",103,2668,279
"759","Elk Creek","ASRP.Current.asrp.2080",1617,37867,5159
"760","Unnamed: Willapa Hills 3","ASRP.Current.asrp.2080",44,1081,91
"761","South Fork Chehalis","ASRP.Current.asrp.2080",1344,34055,2981
"762","Unnamed: Willapa Hills 2","ASRP.Current.asrp.2080",157,4799,422
"763","Unnamed: Willapa Hills 1","ASRP.Current.asrp.2080",0,0,0
"764","Unnamed: Willapa Hills 4","ASRP.Current.asrp.2080",0,0,0
"765","Stearns Creek","ASRP.Current.asrp.2080",332,8910,833
"766","Bunker Creek","ASRP.Current.asrp.2080",0,0,0
"767","Unnamed: Central Lowlands 9","ASRP.Current.asrp.2080",2,61,6
"768","Newaukum River","ASRP.Current.asrp.2080",1877,46679,5246
"769","Dillenbaugh Creek","ASRP.Current.asrp.2080",63,2408,189
"770","Unnamed: Central Lowlands 8","ASRP.Current.asrp.2080",11,268,30
"771","Salzer Creek","ASRP.Current.asrp.2080",65,1915,141
"772","Unnamed: Cascade Mountains 1","ASRP.Current.asrp.2080",0,0,0
"773","Unnamed: Central Lowlands 7","ASRP.Current.asrp.2080",0,0,0
"774","Skookumchuck River","ASRP.Current.asrp.2080",3833,100240,10064
"775","Lincoln Creek","ASRP.Current.asrp.2080",470,11899,1416
"776","Unnamed: Central Lowlands 6","ASRP.Current.asrp.2080",1143,29905,2323
"777","Unnamed: Black River 1","ASRP.Current.asrp.2080",289,9214,948
"778","Scatter Creek","ASRP.Current.asrp.2080",63,1643,147
"779","Black River","ASRP.Current.asrp.2080",2778,74934,5705
"780","Unnamed: Central Lowlands 5","ASRP.Current.asrp.2080",3,283,24
"781","Garrard Creek","ASRP.Current.asrp.2080",270,7050,685
"782","Unnamed: Black Hills 5","ASRP.Current.asrp.2080",135,3319,335
"783","Unnamed: Central Lowlands 4","ASRP.Current.asrp.2080",150,3780,200
"784","Rock Creek (Lower Chehalis)","ASRP.Current.asrp.2080",375,9158,823
"785","Cedar Creek","ASRP.Current.asrp.2080",595,14199,1585
"786","Unnamed: Black Hills 4","ASRP.Current.asrp.2080",22,527,57
"787","Unnamed: Central Lowlands 3","ASRP.Current.asrp.2080",0,0,0
"788","Porter Creek","ASRP.Current.asrp.2080",424,9641,1619
"789","Unnamed: Black Hills 3","ASRP.Current.asrp.2080",0,0,0
"790","Mox Chehalis Creek","ASRP.Current.asrp.2080",2491,60905,6503
"791","Unnamed: Black Hills 2","ASRP.Current.asrp.2080",0,0,0
"792","Unnamed: Central Lowlands 2","ASRP.Current.asrp.2080",264,6829,807
"793","Cloquallum Creek","ASRP.Current.asrp.2080",4124,109087,10543
"794","Unnamed: Black Hills 1","ASRP.Current.asrp.2080",1553,44266,3246
"795","Unnamed: Central Lowlands 1","ASRP.Current.asrp.2080",46,1403,124
"796","Satsop River","ASRP.Current.asrp.2080",18666,502182,33201
"797","Unnamed: Olympic Mountains 1","ASRP.Current.asrp.2080",0,0,0
"798","Wynoochee River","ASRP.Current.asrp.2080",4095,117721,0
"799","Wishkah River","ASRP.Current.asrp.2080",2707,75968,0
"800","Hoquiam River","ASRP.Current.asrp.2080",3996,113666,0
"801","Humptulips River","ASRP.Current.asrp.2080",11545,319556,0
"802","Johns River","ASRP.Current.asrp.2080",734,19649,0
"803","Elk River","ASRP.Current.asrp.2080",653,18148,0
"804","Andrews","ASRP.Current.asrp.2080",103,2741,0
"805","Upper Chehalis Estuary","ASRP.Current.asrp.2080",0,7,0
"806","Lower Chehalis Estuary","ASRP.Current.asrp.2080",0,0,0
"807","Upper Skookumchuck","ASRP.Current.asrp.2080",0,0,0
"808","Mainstem: Upper Chehalis 1","ASRP.Current.asrp.2080",0,0,0
"809","Mainstem: Upper Chehalis 2","ASRP.Current.asrp.2080",0,0,0
"810","Mainstem: Middle Chehalis 1","ASRP.Current.asrp.2080",0,0,0
"811","Mainstem: Middle Chehalis 2","ASRP.Current.asrp.2080",0,0,0
"812","Mainstem: Middle Chehalis 3","ASRP.Current.asrp.2080",0,0,0
"813","Mainstem: Lower Chehalis 1","ASRP.Current.asrp.2080",0,0,0
"814","Mainstem: Lower Chehalis 2","ASRP.Current.asrp.2080",0,0,0
"815","Mainstem: Lower Chehalis 3","ASRP.Current.asrp.2080",0,0,0
"816","Mainstem: Lower Chehalis 4","ASRP.Current.asrp.2080",0,0,0
"817","Mainstem: Lower Chehalis 5","ASRP.Current.asrp.2080",0,0,0
"818","Mainstem: Lower Chehalis 6","ASRP.Current.asrp.2080",0,0,0
"819","Mainstem: Lower Chehalis 7","ASRP.Current.asrp.2080",0,0,0
"820","Upper Chehalis: Above Proposed Dam","ASRP.scenario.1.2040",368,8994,897
"821","Upper Chehalis: Proposed Dam to Elk Creek","ASRP.scenario.1.2040",268,6866,818
"822","Elk Creek","ASRP.scenario.1.2040",1921,45378,5739
"823","Unnamed: Willapa Hills 3","ASRP.scenario.1.2040",108,2643,233
"824","South Fork Chehalis","ASRP.scenario.1.2040",2060,52307,4401
"825","Unnamed: Willapa Hills 2","ASRP.scenario.1.2040",234,7115,665
"826","Unnamed: Willapa Hills 1","ASRP.scenario.1.2040",0,0,0
"827","Unnamed: Willapa Hills 4","ASRP.scenario.1.2040",0,0,0
"828","Stearns Creek","ASRP.scenario.1.2040",535,14185,1420
"829","Bunker Creek","ASRP.scenario.1.2040",0,0,0
"830","Unnamed: Central Lowlands 9","ASRP.scenario.1.2040",6,191,16
"831","Newaukum River","ASRP.scenario.1.2040",3613,89384,10048
"832","Dillenbaugh Creek","ASRP.scenario.1.2040",103,3927,305
"833","Unnamed: Central Lowlands 8","ASRP.scenario.1.2040",17,424,45
"834","Salzer Creek","ASRP.scenario.1.2040",102,3008,218
"835","Unnamed: Cascade Mountains 1","ASRP.scenario.1.2040",0,0,0
"836","Unnamed: Central Lowlands 7","ASRP.scenario.1.2040",0,0,0
"837","Skookumchuck River","ASRP.scenario.1.2040",5942,153100,17294
"838","Lincoln Creek","ASRP.scenario.1.2040",806,20152,2500
"839","Unnamed: Central Lowlands 6","ASRP.scenario.1.2040",1261,32786,2773
"840","Unnamed: Black River 1","ASRP.scenario.1.2040",344,10907,1173
"841","Scatter Creek","ASRP.scenario.1.2040",136,3508,326
"842","Black River","ASRP.scenario.1.2040",4073,109758,7939
"843","Unnamed: Central Lowlands 5","ASRP.scenario.1.2040",2,167,5
"844","Garrard Creek","ASRP.scenario.1.2040",471,12248,1254
"845","Unnamed: Black Hills 5","ASRP.scenario.1.2040",185,4587,419
"846","Unnamed: Central Lowlands 4","ASRP.scenario.1.2040",150,3782,192
"847","Rock Creek (Lower Chehalis)","ASRP.scenario.1.2040",649,15611,1654
"848","Cedar Creek","ASRP.scenario.1.2040",901,21576,2338
"849","Unnamed: Black Hills 4","ASRP.scenario.1.2040",42,988,124
"850","Unnamed: Central Lowlands 3","ASRP.scenario.1.2040",1,44,3
"851","Porter Creek","ASRP.scenario.1.2040",561,12529,2380
"852","Unnamed: Black Hills 3","ASRP.scenario.1.2040",0,0,0
"853","Mox Chehalis Creek","ASRP.scenario.1.2040",2683,65615,7006
"854","Unnamed: Black Hills 2","ASRP.scenario.1.2040",0,0,0
"855","Unnamed: Central Lowlands 2","ASRP.scenario.1.2040",422,11022,1192
"856","Cloquallum Creek","ASRP.scenario.1.2040",5083,132971,14027
"857","Unnamed: Black Hills 1","ASRP.scenario.1.2040",1709,48605,3687
"858","Unnamed: Central Lowlands 1","ASRP.scenario.1.2040",71,2142,197
"859","Satsop River","ASRP.scenario.1.2040",20753,558119,36382
"860","Unnamed: Olympic Mountains 1","ASRP.scenario.1.2040",167,5345,96
"861","Wynoochee River","ASRP.scenario.1.2040",4718,135229,0
"862","Wishkah River","ASRP.scenario.1.2040",3676,102209,0
"863","Hoquiam River","ASRP.scenario.1.2040",4856,138063,0
"864","Humptulips River","ASRP.scenario.1.2040",13751,379661,0
"865","Johns River","ASRP.scenario.1.2040",898,24029,0
"866","Elk River","ASRP.scenario.1.2040",787,21884,0
"867","Andrews","ASRP.scenario.1.2040",132,3507,0
"868","Upper Chehalis Estuary","ASRP.scenario.1.2040",92,3018,0
"869","Lower Chehalis Estuary","ASRP.scenario.1.2040",0,0,0
"870","Upper Skookumchuck","ASRP.scenario.1.2040",0,0,0
"871","Mainstem: Upper Chehalis 1","ASRP.scenario.1.2040",0,0,0
"872","Mainstem: Upper Chehalis 2","ASRP.scenario.1.2040",0,0,0
"873","Mainstem: Middle Chehalis 1","ASRP.scenario.1.2040",0,0,0
"874","Mainstem: Middle Chehalis 2","ASRP.scenario.1.2040",0,0,0
"875","Mainstem: Middle Chehalis 3","ASRP.scenario.1.2040",0,0,0
"876","Mainstem: Lower Chehalis 1","ASRP.scenario.1.2040",0,0,0
"877","Mainstem: Lower Chehalis 2","ASRP.scenario.1.2040",0,0,0
"878","Mainstem: Lower Chehalis 3","ASRP.scenario.1.2040",0,0,0
"879","Mainstem: Lower Chehalis 4","ASRP.scenario.1.2040",0,0,0
"880","Mainstem: Lower Chehalis 5","ASRP.scenario.1.2040",0,0,0
"881","Mainstem: Lower Chehalis 6","ASRP.scenario.1.2040",0,0,0
"882","Mainstem: Lower Chehalis 7","ASRP.scenario.1.2040",0,0,0
"883","Upper Chehalis: Above Proposed Dam","ASRP.scenario.1.2080",43,1047,97
"884","Upper Chehalis: Proposed Dam to Elk Creek","ASRP.scenario.1.2080",107,2749,314
"885","Elk Creek","ASRP.scenario.1.2080",1612,38406,4495
"886","Unnamed: Willapa Hills 3","ASRP.scenario.1.2080",45,1107,94
"887","South Fork Chehalis","ASRP.scenario.1.2080",1388,35266,2969
"888","Unnamed: Willapa Hills 2","ASRP.scenario.1.2080",158,4836,423
"889","Unnamed: Willapa Hills 1","ASRP.scenario.1.2080",0,0,0
"890","Unnamed: Willapa Hills 4","ASRP.scenario.1.2080",0,0,0
"891","Stearns Creek","ASRP.scenario.1.2080",334,8959,859
"892","Bunker Creek","ASRP.scenario.1.2080",0,0,0
"893","Unnamed: Central Lowlands 9","ASRP.scenario.1.2080",2,65,6
"894","Newaukum River","ASRP.scenario.1.2080",2437,60724,6660
"895","Dillenbaugh Creek","ASRP.scenario.1.2080",64,2444,198
"896","Unnamed: Central Lowlands 8","ASRP.scenario.1.2080",12,284,31
"897","Salzer Creek","ASRP.scenario.1.2080",66,1940,141
"898","Unnamed: Cascade Mountains 1","ASRP.scenario.1.2080",0,0,0
"899","Unnamed: Central Lowlands 7","ASRP.scenario.1.2080",0,0,0
"900","Skookumchuck River","ASRP.scenario.1.2080",4404,114164,12265
"901","Lincoln Creek","ASRP.scenario.1.2080",472,12149,1222
"902","Unnamed: Central Lowlands 6","ASRP.scenario.1.2080",1145,29932,2370
"903","Unnamed: Black River 1","ASRP.scenario.1.2080",296,9439,935
"904","Scatter Creek","ASRP.scenario.1.2080",64,1668,152
"905","Black River","ASRP.scenario.1.2080",2949,79443,6119
"906","Unnamed: Central Lowlands 5","ASRP.scenario.1.2080",3,310,11
"907","Garrard Creek","ASRP.scenario.1.2080",272,7093,714
"908","Unnamed: Black Hills 5","ASRP.scenario.1.2080",135,3357,304
"909","Unnamed: Central Lowlands 4","ASRP.scenario.1.2080",150,3780,206
"910","Rock Creek (Lower Chehalis)","ASRP.scenario.1.2080",379,9200,879
"911","Cedar Creek","ASRP.scenario.1.2080",612,14829,1423
"912","Unnamed: Black Hills 4","ASRP.scenario.1.2080",22,532,58
"913","Unnamed: Central Lowlands 3","ASRP.scenario.1.2080",0,0,0
"914","Porter Creek","ASRP.scenario.1.2080",430,9707,1721
"915","Unnamed: Black Hills 3","ASRP.scenario.1.2080",0,0,0
"916","Mox Chehalis Creek","ASRP.scenario.1.2080",2508,61398,6478
"917","Unnamed: Black Hills 2","ASRP.scenario.1.2080",0,0,0
"918","Unnamed: Central Lowlands 2","ASRP.scenario.1.2080",265,6960,699
"919","Cloquallum Creek","ASRP.scenario.1.2080",4169,109657,11280
"920","Unnamed: Black Hills 1","ASRP.scenario.1.2080",1566,44432,3482
"921","Unnamed: Central Lowlands 1","ASRP.scenario.1.2080",46,1406,126
"922","Satsop River","ASRP.scenario.1.2080",19264,516887,35105
"923","Unnamed: Olympic Mountains 1","ASRP.scenario.1.2080",123,3940,65
"924","Wynoochee River","ASRP.scenario.1.2080",4347,124754,0
"925","Wishkah River","ASRP.scenario.1.2080",3125,87064,0
"926","Hoquiam River","ASRP.scenario.1.2080",4058,115380,0
"927","Humptulips River","ASRP.scenario.1.2080",12123,335264,0
"928","Johns River","ASRP.scenario.1.2080",734,19649,0
"929","Elk River","ASRP.scenario.1.2080",653,18148,0
"930","Andrews","ASRP.scenario.1.2080",103,2741,0
"931","Upper Chehalis Estuary","ASRP.scenario.1.2080",46,1506,0
"932","Lower Chehalis Estuary","ASRP.scenario.1.2080",0,0,0
"933","Upper Skookumchuck","ASRP.scenario.1.2080",0,0,0
"934","Mainstem: Upper Chehalis 1","ASRP.scenario.1.2080",0,0,0
"935","Mainstem: Upper Chehalis 2","ASRP.scenario.1.2080",0,0,0
"936","Mainstem: Middle Chehalis 1","ASRP.scenario.1.2080",0,0,0
"937","Mainstem: Middle Chehalis 2","ASRP.scenario.1.2080",0,0,0
"938","Mainstem: Middle Chehalis 3","ASRP.scenario.1.2080",0,0,0
"939","Mainstem: Lower Chehalis 1","ASRP.scenario.1.2080",0,0,0
"940","Mainstem: Lower Chehalis 2","ASRP.scenario.1.2080",0,0,0
"941","Mainstem: Lower Chehalis 3","ASRP.scenario.1.2080",0,0,0
"942","Mainstem: Lower Chehalis 4","ASRP.scenario.1.2080",0,0,0
"943","Mainstem: Lower Chehalis 5","ASRP.scenario.1.2080",0,0,0
"944","Mainstem: Lower Chehalis 6","ASRP.scenario.1.2080",0,0,0
"945","Mainstem: Lower Chehalis 7","ASRP.scenario.1.2080",0,0,0
"946","Upper Chehalis: Above Proposed Dam","ASRP.scenario.2.2040",437,10722,1025
"947","Upper Chehalis: Proposed Dam to Elk Creek","ASRP.scenario.2.2040",267,6871,773
"948","Elk Creek","ASRP.scenario.2.2040",1917,45407,5617
"949","Unnamed: Willapa Hills 3","ASRP.scenario.2.2040",108,2655,225
"950","South Fork Chehalis","ASRP.scenario.2.2040",2078,52840,4355
"951","Unnamed: Willapa Hills 2","ASRP.scenario.2.2040",234,7130,646
"952","Unnamed: Willapa Hills 1","ASRP.scenario.2.2040",0,0,0
"953","Unnamed: Willapa Hills 4","ASRP.scenario.2.2040",0,0,0
"954","Stearns Creek","ASRP.scenario.2.2040",535,14221,1388
"955","Bunker Creek","ASRP.scenario.2.2040",0,0,0
"956","Unnamed: Central Lowlands 9","ASRP.scenario.2.2040",6,192,16
"957","Newaukum River","ASRP.scenario.2.2040",3615,89399,10077
"958","Dillenbaugh Creek","ASRP.scenario.2.2040",103,3927,306
"959","Unnamed: Central Lowlands 8","ASRP.scenario.2.2040",17,424,44
"960","Salzer Creek","ASRP.scenario.2.2040",102,3009,219
"961","Unnamed: Cascade Mountains 1","ASRP.scenario.2.2040",0,0,0
"962","Unnamed: Central Lowlands 7","ASRP.scenario.2.2040",0,0,0
"963","Skookumchuck River","ASRP.scenario.2.2040",5937,153325,16925
"964","Lincoln Creek","ASRP.scenario.2.2040",806,20199,2451
"965","Unnamed: Central Lowlands 6","ASRP.scenario.2.2040",1261,32789,2784
"966","Unnamed: Black River 1","ASRP.scenario.2.2040",345,10948,1142
"967","Scatter Creek","ASRP.scenario.2.2040",136,3510,328
"968","Black River","ASRP.scenario.2.2040",4120,111178,7790
"969","Unnamed: Central Lowlands 5","ASRP.scenario.2.2040",2,167,5
"970","Garrard Creek","ASRP.scenario.2.2040",469,12320,1142
"971","Unnamed: Black Hills 5","ASRP.scenario.2.2040",185,4607,398
"972","Unnamed: Central Lowlands 4","ASRP.scenario.2.2040",150,3782,192
"973","Rock Creek (Lower Chehalis)","ASRP.scenario.2.2040",646,15727,1446
"974","Cedar Creek","ASRP.scenario.2.2040",899,21662,2193
"975","Unnamed: Black Hills 4","ASRP.scenario.2.2040",42,989,125
"976","Unnamed: Central Lowlands 3","ASRP.scenario.2.2040",1,44,3
"977","Porter Creek","ASRP.scenario.2.2040",561,12530,2383
"978","Unnamed: Black Hills 3","ASRP.scenario.2.2040",0,0,0
"979","Mox Chehalis Creek","ASRP.scenario.2.2040",2684,65633,6994
"980","Unnamed: Black Hills 2","ASRP.scenario.2.2040",0,0,0
"981","Unnamed: Central Lowlands 2","ASRP.scenario.2.2040",422,11024,1195
"982","Cloquallum Creek","ASRP.scenario.2.2040",5112,134355,13506
"983","Unnamed: Black Hills 1","ASRP.scenario.2.2040",1710,48609,3693
"984","Unnamed: Central Lowlands 1","ASRP.scenario.2.2040",71,2142,197
"985","Satsop River","ASRP.scenario.2.2040",21221,565575,36875
"986","Unnamed: Olympic Mountains 1","ASRP.scenario.2.2040",167,5345,96
"987","Wynoochee River","ASRP.scenario.2.2040",4794,137343,0
"988","Wishkah River","ASRP.scenario.2.2040",3676,102209,0
"989","Hoquiam River","ASRP.scenario.2.2040",4856,138063,0
"990","Humptulips River","ASRP.scenario.2.2040",13906,383412,0
"991","Johns River","ASRP.scenario.2.2040",898,24029,0
"992","Elk River","ASRP.scenario.2.2040",787,21884,0
"993","Andrews","ASRP.scenario.2.2040",132,3507,0
"994","Upper Chehalis Estuary","ASRP.scenario.2.2040",92,3018,0
"995","Lower Chehalis Estuary","ASRP.scenario.2.2040",0,0,0
"996","Upper Skookumchuck","ASRP.scenario.2.2040",0,0,0
"997","Mainstem: Upper Chehalis 1","ASRP.scenario.2.2040",0,0,0
"998","Mainstem: Upper Chehalis 2","ASRP.scenario.2.2040",0,0,0
"999","Mainstem: Middle Chehalis 1","ASRP.scenario.2.2040",0,0,0
"1000","Mainstem: Middle Chehalis 2","ASRP.scenario.2.2040",0,0,0
"1001","Mainstem: Middle Chehalis 3","ASRP.scenario.2.2040",0,0,0
"1002","Mainstem: Lower Chehalis 1","ASRP.scenario.2.2040",0,0,0
"1003","Mainstem: Lower Chehalis 2","ASRP.scenario.2.2040",0,0,0
"1004","Mainstem: Lower Chehalis 3","ASRP.scenario.2.2040",0,0,0
"1005","Mainstem: Lower Chehalis 4","ASRP.scenario.2.2040",0,0,0
"1006","Mainstem: Lower Chehalis 5","ASRP.scenario.2.2040",0,0,0
"1007","Mainstem: Lower Chehalis 6","ASRP.scenario.2.2040",0,0,0
"1008","Mainstem: Lower Chehalis 7","ASRP.scenario.2.2040",0,0,0
"1009","Upper Chehalis: Above Proposed Dam","ASRP.scenario.2.2080",82,2021,178
"1010","Upper Chehalis: Proposed Dam to Elk Creek","ASRP.scenario.2.2080",106,2746,296
"1011","Elk Creek","ASRP.scenario.2.2080",1609,38433,4395
"1012","Unnamed: Willapa Hills 3","ASRP.scenario.2.2080",45,1113,91
"1013","South Fork Chehalis","ASRP.scenario.2.2080",1402,35683,2936
"1014","Unnamed: Willapa Hills 2","ASRP.scenario.2.2080",158,4847,410
"1015","Unnamed: Willapa Hills 1","ASRP.scenario.2.2080",0,0,0
"1016","Unnamed: Willapa Hills 4","ASRP.scenario.2.2080",0,0,0
"1017","Stearns Creek","ASRP.scenario.2.2080",334,8984,839
"1018","Bunker Creek","ASRP.scenario.2.2080",0,0,0
"1019","Unnamed: Central Lowlands 9","ASRP.scenario.2.2080",2,65,6
"1020","Newaukum River","ASRP.scenario.2.2080",2438,60732,6673
"1021","Dillenbaugh Creek","ASRP.scenario.2.2080",64,2443,198
"1022","Unnamed: Central Lowlands 8","ASRP.scenario.2.2080",12,284,30
"1023","Salzer Creek","ASRP.scenario.2.2080",66,1941,141
"1024","Unnamed: Cascade Mountains 1","ASRP.scenario.2.2080",0,0,0
"1025","Unnamed: Central Lowlands 7","ASRP.scenario.2.2080",0,0,0
"1026","Skookumchuck River","ASRP.scenario.2.2080",4400,114340,11987
"1027","Lincoln Creek","ASRP.scenario.2.2080",472,12179,1189
"1028","Unnamed: Central Lowlands 6","ASRP.scenario.2.2080",1146,29933,2377
"1029","Unnamed: Black River 1","ASRP.scenario.2.2080",296,9475,905
"1030","Scatter Creek","ASRP.scenario.2.2080",64,1669,153
"1031","Black River","ASRP.scenario.2.2080",3009,81212,6040
"1032","Unnamed: Central Lowlands 5","ASRP.scenario.2.2080",3,310,11
"1033","Garrard Creek","ASRP.scenario.2.2080",272,7140,650
"1034","Unnamed: Black Hills 5","ASRP.scenario.2.2080",135,3373,288
"1035","Unnamed: Central Lowlands 4","ASRP.scenario.2.2080",150,3780,207
"1036","Rock Creek (Lower Chehalis)","ASRP.scenario.2.2080",378,9279,761
"1037","Cedar Creek","ASRP.scenario.2.2080",611,14896,1322
"1038","Unnamed: Black Hills 4","ASRP.scenario.2.2080",22,533,58
"1039","Unnamed: Central Lowlands 3","ASRP.scenario.2.2080",0,0,0
"1040","Porter Creek","ASRP.scenario.2.2080",430,9707,1722
"1041","Unnamed: Black Hills 3","ASRP.scenario.2.2080",0,0,0
"1042","Mox Chehalis Creek","ASRP.scenario.2.2080",2508,61414,6461
"1043","Unnamed: Black Hills 2","ASRP.scenario.2.2080",0,0,0
"1044","Unnamed: Central Lowlands 2","ASRP.scenario.2.2080",265,6961,700
"1045","Cloquallum Creek","ASRP.scenario.2.2080",4196,110908,10813
"1046","Unnamed: Black Hills 1","ASRP.scenario.2.2080",1567,44434,3486
"1047","Unnamed: Central Lowlands 1","ASRP.scenario.2.2080",46,1406,126
"1048","Satsop River","ASRP.scenario.2.2080",19698,523817,35552
"1049","Unnamed: Olympic Mountains 1","ASRP.scenario.2.2080",123,3940,64
"1050","Wynoochee River","ASRP.scenario.2.2080",4420,126815,0
"1051","Wishkah River","ASRP.scenario.2.2080",3125,87064,0
"1052","Hoquiam River","ASRP.scenario.2.2080",4058,115380,0
"1053","Humptulips River","ASRP.scenario.2.2080",12261,338595,0
"1054","Johns River","ASRP.scenario.2.2080",734,19649,0
"1055","Elk River","ASRP.scenario.2.2080",653,18148,0
"1056","Andrews","ASRP.scenario.2.2080",103,2741,0
"1057","Upper Chehalis Estuary","ASRP.scenario.2.2080",46,1506,0
"1058","Lower Chehalis Estuary","ASRP.scenario.2.2080",0,0,0
"1059","Upper Skookumchuck","ASRP.scenario.2.2080",0,0,0
"1060","Mainstem: Upper Chehalis 1","ASRP.scenario.2.2080",0,0,0
"1061","Mainstem: Upper Chehalis 2","ASRP.scenario.2.2080",0,0,0
"1062","Mainstem: Middle Chehalis 1","ASRP.scenario.2.2080",0,0,0
"1063","Mainstem: Middle Chehalis 2","ASRP.scenario.2.2080",0,0,0
"1064","Mainstem: Middle Chehalis 3","ASRP.scenario.2.2080",0,0,0
"1065","Mainstem: Lower Chehalis 1","ASRP.scenario.2.2080",0,0,0
"1066","Mainstem: Lower Chehalis 2","ASRP.scenario.2.2080",0,0,0
"1067","Mainstem: Lower Chehalis 3","ASRP.scenario.2.2080",0,0,0
"1068","Mainstem: Lower Chehalis 4","ASRP.scenario.2.2080",0,0,0
"1069","Mainstem: Lower Chehalis 5","ASRP.scenario.2.2080",0,0,0
"1070","Mainstem: Lower Chehalis 6","ASRP.scenario.2.2080",0,0,0
"1071","Mainstem: Lower Chehalis 7","ASRP.scenario.2.2080",0,0,0
"1072","Upper Chehalis: Above Proposed Dam","ASRP.scenario.3.2040",549,13481,1293
"1073","Upper Chehalis: Proposed Dam to Elk Creek","ASRP.scenario.3.2040",277,7047,879
"1074","Elk Creek","ASRP.scenario.3.2040",1978,45746,6887
"1075","Unnamed: Willapa Hills 3","ASRP.scenario.3.2040",114,2711,315
"1076","South Fork Chehalis","ASRP.scenario.3.2040",2361,59623,4593
"1077","Unnamed: Willapa Hills 2","ASRP.scenario.3.2040",247,7358,865
"1078","Unnamed: Willapa Hills 1","ASRP.scenario.3.2040",0,0,0
"1079","Unnamed: Willapa Hills 4","ASRP.scenario.3.2040",1,32,3
"1080","Stearns Creek","ASRP.scenario.3.2040",551,14352,1725
"1081","Bunker Creek","ASRP.scenario.3.2040",0,0,0
"1082","Unnamed: Central Lowlands 9","ASRP.scenario.3.2040",80,2567,259
"1083","Newaukum River","ASRP.scenario.3.2040",3827,92250,13068
"1084","Dillenbaugh Creek","ASRP.scenario.3.2040",112,4181,398
"1085","Unnamed: Central Lowlands 8","ASRP.scenario.3.2040",19,451,57
"1086","Salzer Creek","ASRP.scenario.3.2040",109,3114,319
"1087","Unnamed: Cascade Mountains 1","ASRP.scenario.3.2040",1,47,6
"1088","Unnamed: Central Lowlands 7","ASRP.scenario.3.2040",0,0,0
"1089","Skookumchuck River","ASRP.scenario.3.2040",5968,154399,16718
"1090","Lincoln Creek","ASRP.scenario.3.2040",809,20230,2492
"1091","Unnamed: Central Lowlands 6","ASRP.scenario.3.2040",1264,32791,2869
"1092","Unnamed: Black River 1","ASRP.scenario.3.2040",349,11077,1145
"1093","Scatter Creek","ASRP.scenario.3.2040",138,3628,276
"1094","Black River","ASRP.scenario.3.2040",4187,113071,7872
"1095","Unnamed: Central Lowlands 5","ASRP.scenario.3.2040",2,169,6
"1096","Garrard Creek","ASRP.scenario.3.2040",471,12364,1138
"1097","Unnamed: Black Hills 5","ASRP.scenario.3.2040",185,4622,395
"1098","Unnamed: Central Lowlands 4","ASRP.scenario.3.2040",151,3839,180
"1099","Rock Creek (Lower Chehalis)","ASRP.scenario.3.2040",649,15752,1508
"1100","Cedar Creek","ASRP.scenario.3.2040",905,21700,2308
"1101","Unnamed: Black Hills 4","ASRP.scenario.3.2040",42,992,130
"1102","Unnamed: Central Lowlands 3","ASRP.scenario.3.2040",1,58,2
"1103","Porter Creek","ASRP.scenario.3.2040",562,12584,2354
"1104","Unnamed: Black Hills 3","ASRP.scenario.3.2040",0,0,0
"1105","Mox Chehalis Creek","ASRP.scenario.3.2040",2697,65698,7288
"1106","Unnamed: Black Hills 2","ASRP.scenario.3.2040",0,0,0
"1107","Unnamed: Central Lowlands 2","ASRP.scenario.3.2040",429,11318,1088
"1108","Cloquallum Creek","ASRP.scenario.3.2040",5138,134599,14013
"1109","Unnamed: Black Hills 1","ASRP.scenario.3.2040",1718,48705,3840
"1110","Unnamed: Central Lowlands 1","ASRP.scenario.3.2040",71,2138,192
"1111","Satsop River","ASRP.scenario.3.2040",21304,568607,35869
"1112","Unnamed: Olympic Mountains 1","ASRP.scenario.3.2040",11,587,5
"1113","Wynoochee River","ASRP.scenario.3.2040",4794,137343,0
"1114","Wishkah River","ASRP.scenario.3.2040",3676,102209,0
"1115","Hoquiam River","ASRP.scenario.3.2040",4856,138063,0
"1116","Humptulips River","ASRP.scenario.3.2040",14087,388383,0
"1117","Johns River","ASRP.scenario.3.2040",898,24029,0
"1118","Elk River","ASRP.scenario.3.2040",787,21884,0
"1119","Andrews","ASRP.scenario.3.2040",132,3507,0
"1120","Upper Chehalis Estuary","ASRP.scenario.3.2040",32,1242,0
"1121","Lower Chehalis Estuary","ASRP.scenario.3.2040",0,0,0
"1122","Upper Skookumchuck","ASRP.scenario.3.2040",0,0,0
"1123","Mainstem: Upper Chehalis 1","ASRP.scenario.3.2040",0,0,0
"1124","Mainstem: Upper Chehalis 2","ASRP.scenario.3.2040",0,0,0
"1125","Mainstem: Middle Chehalis 1","ASRP.scenario.3.2040",0,0,0
"1126","Mainstem: Middle Chehalis 2","ASRP.scenario.3.2040",0,0,0
"1127","Mainstem: Middle Chehalis 3","ASRP.scenario.3.2040",0,0,0
"1128","Mainstem: Lower Chehalis 1","ASRP.scenario.3.2040",0,0,0
"1129","Mainstem: Lower Chehalis 2","ASRP.scenario.3.2040",0,0,0
"1130","Mainstem: Lower Chehalis 3","ASRP.scenario.3.2040",0,0,0
"1131","Mainstem: Lower Chehalis 4","ASRP.scenario.3.2040",0,0,0
"1132","Mainstem: Lower Chehalis 5","ASRP.scenario.3.2040",0,0,0
"1133","Mainstem: Lower Chehalis 6","ASRP.scenario.3.2040",0,4,0
"1134","Mainstem: Lower Chehalis 7","ASRP.scenario.3.2040",0,0,0
"1135","Upper Chehalis: Above Proposed Dam","ASRP.scenario.3.2080",151,3729,327
"1136","Upper Chehalis: Proposed Dam to Elk Creek","ASRP.scenario.3.2080",112,2872,339
"1137","Elk Creek","ASRP.scenario.3.2080",1659,38776,5370
"1138","Unnamed: Willapa Hills 3","ASRP.scenario.3.2080",47,1141,119
"1139","South Fork Chehalis","ASRP.scenario.3.2080",1575,39923,2957
"1140","Unnamed: Willapa Hills 2","ASRP.scenario.3.2080",166,5020,523
"1141","Unnamed: Willapa Hills 1","ASRP.scenario.3.2080",0,0,0
"1142","Unnamed: Willapa Hills 4","ASRP.scenario.3.2080",0,19,2
"1143","Stearns Creek","ASRP.scenario.3.2080",343,9065,1014
"1144","Bunker Creek","ASRP.scenario.3.2080",0,0,0
"1145","Unnamed: Central Lowlands 9","ASRP.scenario.3.2080",76,2440,249
"1146","Newaukum River","ASRP.scenario.3.2080",2587,62935,8586
"1147","Dillenbaugh Creek","ASRP.scenario.3.2080",71,2639,258
"1148","Unnamed: Central Lowlands 8","ASRP.scenario.3.2080",13,300,38
"1149","Salzer Creek","ASRP.scenario.3.2080",71,2033,205
"1150","Unnamed: Cascade Mountains 1","ASRP.scenario.3.2080",1,24,3
"1151","Unnamed: Central Lowlands 7","ASRP.scenario.3.2080",0,0,0
"1152","Skookumchuck River","ASRP.scenario.3.2080",4414,115116,11604
"1153","Lincoln Creek","ASRP.scenario.3.2080",474,12199,1209
"1154","Unnamed: Central Lowlands 6","ASRP.scenario.3.2080",1148,29930,2441
"1155","Unnamed: Black River 1","ASRP.scenario.3.2080",300,9598,904
"1156","Scatter Creek","ASRP.scenario.3.2080",65,1724,126
"1157","Black River","ASRP.scenario.3.2080",3050,82388,6070
"1158","Unnamed: Central Lowlands 5","ASRP.scenario.3.2080",3,311,12
"1159","Garrard Creek","ASRP.scenario.3.2080",272,7172,645
"1160","Unnamed: Black Hills 5","ASRP.scenario.3.2080",135,3385,285
"1161","Unnamed: Central Lowlands 4","ASRP.scenario.3.2080",152,3837,192
"1162","Rock Creek (Lower Chehalis)","ASRP.scenario.3.2080",379,9299,788
"1163","Cedar Creek","ASRP.scenario.3.2080",614,14927,1379
"1164","Unnamed: Black Hills 4","ASRP.scenario.3.2080",22,535,60
"1165","Unnamed: Central Lowlands 3","ASRP.scenario.3.2080",0,0,0
"1166","Porter Creek","ASRP.scenario.3.2080",430,9753,1688
"1167","Unnamed: Black Hills 3","ASRP.scenario.3.2080",0,0,0
"1168","Mox Chehalis Creek","ASRP.scenario.3.2080",2518,61467,6689
"1169","Unnamed: Black Hills 2","ASRP.scenario.3.2080",0,0,0
"1170","Unnamed: Central Lowlands 2","ASRP.scenario.3.2080",272,7234,635
"1171","Cloquallum Creek","ASRP.scenario.3.2080",4214,111119,11145
"1172","Unnamed: Black Hills 1","ASRP.scenario.3.2080",1573,44517,3604
"1173","Unnamed: Central Lowlands 1","ASRP.scenario.3.2080",46,1401,122
"1174","Satsop River","ASRP.scenario.3.2080",19768,526699,34368
"1175","Unnamed: Olympic Mountains 1","ASRP.scenario.3.2080",0,0,0
"1176","Wynoochee River","ASRP.scenario.3.2080",4420,126815,0
"1177","Wishkah River","ASRP.scenario.3.2080",3125,87064,0
"1178","Hoquiam River","ASRP.scenario.3.2080",4058,115380,0
"1179","Humptulips River","ASRP.scenario.3.2080",12441,343543,0
"1180","Johns River","ASRP.scenario.3.2080",734,19649,0
"1181","Elk River","ASRP.scenario.3.2080",653,18148,0
"1182","Andrews","ASRP.scenario.3.2080",103,2741,0
"1183","Upper Chehalis Estuary","ASRP.scenario.3.2080",0,7,0
"1184","Lower Chehalis Estuary","ASRP.scenario.3.2080",0,0,0
"1185","Upper Skookumchuck","ASRP.scenario.3.2080",0,0,0
"1186","Mainstem: Upper Chehalis 1","ASRP.scenario.3.2080",0,0,0
"1187","Mainstem: Upper Chehalis 2","ASRP.scenario.3.2080",0,0,0
"1188","Mainstem: Middle Chehalis 1","ASRP.scenario.3.2080",0,0,0
"1189","Mainstem: Middle Chehalis 2","ASRP.scenario.3.2080",0,0,0
"1190","Mainstem: Middle Chehalis 3","ASRP.scenario.3.2080",0,0,0
"1191","Mainstem: Lower Chehalis 1","ASRP.scenario.3.2080",0,0,0
"1192","Mainstem: Lower Chehalis 2","ASRP.scenario.3.2080",0,0,0
"1193","Mainstem: Lower Chehalis 3","ASRP.scenario.3.2080",0,0,0
"1194","Mainstem: Lower Chehalis 4","ASRP.scenario.3.2080",0,0,0
"1195","Mainstem: Lower Chehalis 5","ASRP.scenario.3.2080",0,0,0
"1196","Mainstem: Lower Chehalis 6","ASRP.scenario.3.2080",0,0,0
"1197","Mainstem: Lower Chehalis 7","ASRP.scenario.3.2080",0,0,0
