"","scenario","EcoRegion","spawners","time.period","spawners.change","prcnt.change","scenario.label","color","habitat.file"
"1","ASRP.Current.asrp","Black Hills",13182,"Current",12,0.000911161731207289,NA,NA,"ASRP_Current_asrp.csv"
"2","ASRP.Current.asrp","Black River",6462,"Current",3,0.000464468183929401,NA,NA,"ASRP_Current_asrp.csv"
"3","ASRP.Current.asrp","Cascade Mountains",11331,"Current",0,0,NA,NA,"ASRP_Current_asrp.csv"
"4","ASRP.Current.asrp","Central Lowlands",5379,"Current",18,0.00335758254057079,NA,NA,"ASRP_Current_asrp.csv"
"5","ASRP.Current.asrp","Grays Harbor Tributaries",24764,"Current",0,0,NA,NA,"ASRP_Current_asrp.csv"
"6","ASRP.Current.asrp","Mainstem: Lower Chehalis",61,"Current",0,0,NA,NA,"ASRP_Current_asrp.csv"
"7","ASRP.Current.asrp","Mainstem: Middle Chehalis",0,"Current",0,0,NA,NA,"ASRP_Current_asrp.csv"
"8","ASRP.Current.asrp","Mainstem: Upper Chehalis",0,"Current",0,0,NA,NA,"ASRP_Current_asrp.csv"
"9","ASRP.Current.asrp","Olympic Mountains",25676,"Current",16,0.000623538581449727,NA,NA,"ASRP_Current_asrp.csv"
"10","ASRP.Current.asrp","Willapa Hills",8033,"Current",-15,-0.00186381709741551,NA,NA,"ASRP_Current_asrp.csv"
"11","ASRP.scenario.1.2040","Black Hills",11709,"Current",-1461,-0.110933940774487,"ASRP 1 - 2040","salmon","ASRP_scenario_1_2040.csv"
"12","ASRP.scenario.1.2040","Black River",4896,"Current",-1563,-0.241987923827218,"ASRP 1 - 2040","salmon","ASRP_scenario_1_2040.csv"
"13","ASRP.scenario.1.2040","Cascade Mountains",9317,"Current",-2012,-0.177597316621061,"ASRP 1 - 2040","salmon","ASRP_scenario_1_2040.csv"
"14","ASRP.scenario.1.2040","Central Lowlands",3931,"Current",-1430,-0.266741279612013,"ASRP 1 - 2040","salmon","ASRP_scenario_1_2040.csv"
"15","ASRP.scenario.1.2040","Grays Harbor Tributaries",24449,"Current",-315,-0.0127200775319011,"ASRP 1 - 2040","salmon","ASRP_scenario_1_2040.csv"
"16","ASRP.scenario.1.2040","Mainstem: Lower Chehalis",0,"Current",-61,-1,"ASRP 1 - 2040","salmon","ASRP_scenario_1_2040.csv"
"17","ASRP.scenario.1.2040","Mainstem: Middle Chehalis",0,"Current",0,0,"ASRP 1 - 2040","salmon","ASRP_scenario_1_2040.csv"
"18","ASRP.scenario.1.2040","Mainstem: Upper Chehalis",0,"Current",0,0,"ASRP 1 - 2040","salmon","ASRP_scenario_1_2040.csv"
"19","ASRP.scenario.1.2040","Olympic Mountains",25961,"Current",301,0.011730319563523,"ASRP 1 - 2040","salmon","ASRP_scenario_1_2040.csv"
"20","ASRP.scenario.1.2040","Willapa Hills",5611,"Current",-2437,-0.302808151093439,"ASRP 1 - 2040","salmon","ASRP_scenario_1_2040.csv"
"21","ASRP.scenario.1.2080","Black Hills",9947,"Current",-3223,-0.244722854973424,"ASRP 1 - 2080","salmon1","ASRP_scenario_1_2080.csv"
"22","ASRP.scenario.1.2080","Black River",3578,"Current",-2881,-0.446044279300201,"ASRP 1 - 2080","salmon1","ASRP_scenario_1_2080.csv"
"23","ASRP.scenario.1.2080","Cascade Mountains",6501,"Current",-4828,-0.426162944655309,"ASRP 1 - 2080","salmon1","ASRP_scenario_1_2080.csv"
"24","ASRP.scenario.1.2080","Central Lowlands",2805,"Current",-2556,-0.476776720761052,"ASRP 1 - 2080","salmon1","ASRP_scenario_1_2080.csv"
"25","ASRP.scenario.1.2080","Grays Harbor Tributaries",21107,"Current",-3657,-0.147674042965595,"ASRP 1 - 2080","salmon1","ASRP_scenario_1_2080.csv"
"26","ASRP.scenario.1.2080","Mainstem: Lower Chehalis",0,"Current",-61,-1,"ASRP 1 - 2080","salmon1","ASRP_scenario_1_2080.csv"
"27","ASRP.scenario.1.2080","Mainstem: Middle Chehalis",0,"Current",0,0,"ASRP 1 - 2080","salmon1","ASRP_scenario_1_2080.csv"
"28","ASRP.scenario.1.2080","Mainstem: Upper Chehalis",0,"Current",0,0,"ASRP 1 - 2080","salmon1","ASRP_scenario_1_2080.csv"
"29","ASRP.scenario.1.2080","Olympic Mountains",24050,"Current",-1610,-0.0627435697583788,"ASRP 1 - 2080","salmon1","ASRP_scenario_1_2080.csv"
"30","ASRP.scenario.1.2080","Willapa Hills",3769,"Current",-4279,-0.531684890656064,"ASRP 1 - 2080","salmon1","ASRP_scenario_1_2080.csv"
"31","ASRP.scenario.2.2040","Black Hills",11737,"Current",-1433,-0.108807896735004,"ASRP 2 - 2040","salmon2","ASRP_scenario_2_2040.csv"
"32","ASRP.scenario.2.2040","Black River",4941,"Current",-1518,-0.235020901068277,"ASRP 2 - 2040","salmon2","ASRP_scenario_2_2040.csv"
"33","ASRP.scenario.2.2040","Cascade Mountains",9314,"Current",-2015,-0.1778621237532,"ASRP 2 - 2040","salmon2","ASRP_scenario_2_2040.csv"
"34","ASRP.scenario.2.2040","Central Lowlands",3922,"Current",-1439,-0.268420070882298,"ASRP 2 - 2040","salmon2","ASRP_scenario_2_2040.csv"
"35","ASRP.scenario.2.2040","Grays Harbor Tributaries",24605,"Current",-159,-0.00642061056372153,"ASRP 2 - 2040","salmon2","ASRP_scenario_2_2040.csv"
"36","ASRP.scenario.2.2040","Mainstem: Lower Chehalis",0,"Current",-61,-1,"ASRP 2 - 2040","salmon2","ASRP_scenario_2_2040.csv"
"37","ASRP.scenario.2.2040","Mainstem: Middle Chehalis",0,"Current",0,0,"ASRP 2 - 2040","salmon2","ASRP_scenario_2_2040.csv"
"38","ASRP.scenario.2.2040","Mainstem: Upper Chehalis",0,"Current",0,0,"ASRP 2 - 2040","salmon2","ASRP_scenario_2_2040.csv"
"39","ASRP.scenario.2.2040","Olympic Mountains",26507,"Current",847,0.0330085736554949,"ASRP 2 - 2040","salmon2","ASRP_scenario_2_2040.csv"
"40","ASRP.scenario.2.2040","Willapa Hills",5693,"Current",-2355,-0.292619284294235,"ASRP 2 - 2040","salmon2","ASRP_scenario_2_2040.csv"
"41","ASRP.scenario.2.2080","Black Hills",9973,"Current",-3197,-0.242748671222475,"ASRP 2 - 2080","salmon3","ASRP_scenario_2_2080.csv"
"42","ASRP.scenario.2.2080","Black River",3638,"Current",-2821,-0.436754915621613,"ASRP 2 - 2080","salmon3","ASRP_scenario_2_2080.csv"
"43","ASRP.scenario.2.2080","Cascade Mountains",6498,"Current",-4831,-0.426427751787448,"ASRP 2 - 2080","salmon3","ASRP_scenario_2_2080.csv"
"44","ASRP.scenario.2.2080","Central Lowlands",2799,"Current",-2562,-0.477895914941242,"ASRP 2 - 2080","salmon3","ASRP_scenario_2_2080.csv"
"45","ASRP.scenario.2.2080","Grays Harbor Tributaries",21246,"Current",-3518,-0.142061056372153,"ASRP 2 - 2080","salmon3","ASRP_scenario_2_2080.csv"
"46","ASRP.scenario.2.2080","Mainstem: Lower Chehalis",0,"Current",-61,-1,"ASRP 2 - 2080","salmon3","ASRP_scenario_2_2080.csv"
"47","ASRP.scenario.2.2080","Mainstem: Middle Chehalis",0,"Current",0,0,"ASRP 2 - 2080","salmon3","ASRP_scenario_2_2080.csv"
"48","ASRP.scenario.2.2080","Mainstem: Upper Chehalis",0,"Current",0,0,"ASRP 2 - 2080","salmon3","ASRP_scenario_2_2080.csv"
"49","ASRP.scenario.2.2080","Olympic Mountains",24561,"Current",-1099,-0.0428293063133281,"ASRP 2 - 2080","salmon3","ASRP_scenario_2_2080.csv"
"50","ASRP.scenario.2.2080","Willapa Hills",3820,"Current",-4228,-0.525347912524851,"ASRP 2 - 2080","salmon3","ASRP_scenario_2_2080.csv"
"51","ASRP.scenario.3.2040","Black Hills",11784,"Current",-1386,-0.105239179954442,"ASRP 3 - 2040","salmon4","ASRP_scenario_3_2040.csv"
"52","ASRP.scenario.3.2040","Black River",5012,"Current",-1447,-0.224028487381948,"ASRP 3 - 2040","salmon4","ASRP_scenario_3_2040.csv"
"53","ASRP.scenario.3.2040","Cascade Mountains",9547,"Current",-1782,-0.157295436490423,"ASRP 3 - 2040","salmon4","ASRP_scenario_3_2040.csv"
"54","ASRP.scenario.3.2040","Central Lowlands",4014,"Current",-1347,-0.251259093452714,"ASRP 3 - 2040","salmon4","ASRP_scenario_3_2040.csv"
"55","ASRP.scenario.3.2040","Grays Harbor Tributaries",24721,"Current",-43,-0.00173639153610079,"ASRP 3 - 2040","salmon4","ASRP_scenario_3_2040.csv"
"56","ASRP.scenario.3.2040","Mainstem: Lower Chehalis",0,"Current",-61,-1,"ASRP 3 - 2040","salmon4","ASRP_scenario_3_2040.csv"
"57","ASRP.scenario.3.2040","Mainstem: Middle Chehalis",0,"Current",0,0,"ASRP 3 - 2040","salmon4","ASRP_scenario_3_2040.csv"
"58","ASRP.scenario.3.2040","Mainstem: Upper Chehalis",0,"Current",0,0,"ASRP 3 - 2040","salmon4","ASRP_scenario_3_2040.csv"
"59","ASRP.scenario.3.2040","Olympic Mountains",26411,"Current",751,0.0292673421667966,"ASRP 3 - 2040","salmon4","ASRP_scenario_3_2040.csv"
"60","ASRP.scenario.3.2040","Willapa Hills",6183,"Current",-1865,-0.231734592445328,"ASRP 3 - 2040","salmon4","ASRP_scenario_3_2040.csv"
"61","ASRP.scenario.3.2080","Black Hills",10008,"Current",-3162,-0.240091116173121,"ASRP 3 - 2080","chocolate","ASRP_scenario_3_2080.csv"
"62","ASRP.scenario.3.2080","Black River",3684,"Current",-2775,-0.429633070134696,"ASRP 3 - 2080","chocolate","ASRP_scenario_3_2080.csv"
"63","ASRP.scenario.3.2080","Cascade Mountains",6659,"Current",-4670,-0.412216435696001,"ASRP 3 - 2080","chocolate","ASRP_scenario_3_2080.csv"
"64","ASRP.scenario.3.2080","Central Lowlands",2890,"Current",-2471,-0.460921469875023,"ASRP 3 - 2080","chocolate","ASRP_scenario_3_2080.csv"
"65","ASRP.scenario.3.2080","Grays Harbor Tributaries",21365,"Current",-3399,-0.13725569374899,"ASRP 3 - 2080","chocolate","ASRP_scenario_3_2080.csv"
"66","ASRP.scenario.3.2080","Mainstem: Lower Chehalis",0,"Current",-61,-1,"ASRP 3 - 2080","chocolate","ASRP_scenario_3_2080.csv"
"67","ASRP.scenario.3.2080","Mainstem: Middle Chehalis",0,"Current",0,0,"ASRP 3 - 2080","chocolate","ASRP_scenario_3_2080.csv"
"68","ASRP.scenario.3.2080","Mainstem: Upper Chehalis",0,"Current",0,0,"ASRP 3 - 2080","chocolate","ASRP_scenario_3_2080.csv"
"69","ASRP.scenario.3.2080","Olympic Mountains",24464,"Current",-1196,-0.0466095089633671,"ASRP 3 - 2080","chocolate","ASRP_scenario_3_2080.csv"
"70","ASRP.scenario.3.2080","Willapa Hills",4130,"Current",-3918,-0.48682902584493,"ASRP 3 - 2080","chocolate","ASRP_scenario_3_2080.csv"
"71","Barriers","Black Hills",14272,"Current",1102,0.0836750189825361,"Current, w/ no barriers","orange","Barriers.csv"
"72","Barriers","Black River",7013,"Current",554,0.0857717912989627,"Current, w/ no barriers","orange","Barriers.csv"
"73","Barriers","Cascade Mountains",13014,"Current",1685,0.148733339217936,"Current, w/ no barriers","orange","Barriers.csv"
"74","Barriers","Central Lowlands",7227,"Current",1866,0.348069390039172,"Current, w/ no barriers","orange","Barriers.csv"
"75","Barriers","Grays Harbor Tributaries",26165,"Current",1401,0.0565740591180746,"Current, w/ no barriers","orange","Barriers.csv"
"76","Barriers","Mainstem: Lower Chehalis",60,"Current",0,0,"Current, w/ no barriers","orange","Barriers.csv"
"77","Barriers","Mainstem: Middle Chehalis",0,"Current",0,0,"Current, w/ no barriers","orange","Barriers.csv"
"78","Barriers","Mainstem: Upper Chehalis",0,"Current",0,0,"Current, w/ no barriers","orange","Barriers.csv"
"79","Barriers","Olympic Mountains",28482,"Current",2822,0.109976617303196,"Current, w/ no barriers","orange","Barriers.csv"
"80","Barriers","Willapa Hills",8556,"Current",508,0.0631212723658052,"Current, w/ no barriers","orange","Barriers.csv"
"81","Beaver","Black Hills",24548,"Current",11378,0.863933181473045,"Current, w/ historical beaver ponds","green4","Beaver.csv"
"82","Beaver","Black River",11591,"Current",5132,0.794550239975228,"Current, w/ historical beaver ponds","green4","Beaver.csv"
"83","Beaver","Cascade Mountains",23891,"Current",12562,1.10883573130903,"Current, w/ historical beaver ponds","green4","Beaver.csv"
"84","Beaver","Central Lowlands",13565,"Current",8204,1.53031150904682,"Current, w/ historical beaver ponds","green4","Beaver.csv"
"85","Beaver","Grays Harbor Tributaries",56146,"Current",31382,1.26724277176547,"Current, w/ historical beaver ponds","green4","Beaver.csv"
"86","Beaver","Mainstem: Lower Chehalis",55,"Current",-6,-0.0983606557377049,"Current, w/ historical beaver ponds","green4","Beaver.csv"
"87","Beaver","Mainstem: Middle Chehalis",0,"Current",0,0,"Current, w/ historical beaver ponds","green4","Beaver.csv"
"88","Beaver","Mainstem: Upper Chehalis",0,"Current",0,0,"Current, w/ historical beaver ponds","green4","Beaver.csv"
"89","Beaver","Olympic Mountains",49117,"Current",23457,0.914146531566641,"Current, w/ historical beaver ponds","green4","Beaver.csv"
"90","Beaver","Willapa Hills",21755,"Current",13707,1.70315606361829,"Current, w/ historical beaver ponds","green4","Beaver.csv"
"91","Current","Black Hills",13170,"Current",0,0,"Current","grey60","Current.csv"
"92","Current","Black River",6459,"Current",0,0,"Current","grey60","Current.csv"
"93","Current","Cascade Mountains",11329,"Current",0,0,"Current","grey60","Current.csv"
"94","Current","Central Lowlands",5361,"Current",0,0,"Current","grey60","Current.csv"
"95","Current","Grays Harbor Tributaries",24764,"Current",0,0,"Current","grey60","Current.csv"
"96","Current","Mainstem: Lower Chehalis",61,"Current",0,0,"Current","grey60","Current.csv"
"97","Current","Mainstem: Middle Chehalis",0,"Current",0,0,"Current","grey60","Current.csv"
"98","Current","Mainstem: Upper Chehalis",0,"Current",0,0,"Current","grey60","Current.csv"
"99","Current","Olympic Mountains",25660,"Current",0,0,"Current","grey60","Current.csv"
"100","Current","Willapa Hills",8048,"Current",0,0,"Current","grey60","Current.csv"
"101","Fine.sediment","Black Hills",14916,"Current",1746,0.132574031890661,"Current, w/ historical fine sediment","pink","Fine_sediment.csv"
"102","Fine.sediment","Black River",7121,"Current",662,0.102492645920421,"Current, w/ historical fine sediment","pink","Fine_sediment.csv"
"103","Fine.sediment","Cascade Mountains",14238,"Current",2909,0.25677464913055,"Current, w/ historical fine sediment","pink","Fine_sediment.csv"
"104","Fine.sediment","Central Lowlands",6513,"Current",1152,0.214885282596531,"Current, w/ historical fine sediment","pink","Fine_sediment.csv"
"105","Fine.sediment","Grays Harbor Tributaries",27221,"Current",2457,0.0992166047488289,"Current, w/ historical fine sediment","pink","Fine_sediment.csv"
"106","Fine.sediment","Mainstem: Lower Chehalis",62,"Current",0,0,"Current, w/ historical fine sediment","pink","Fine_sediment.csv"
"107","Fine.sediment","Mainstem: Middle Chehalis",0,"Current",0,0,"Current, w/ historical fine sediment","pink","Fine_sediment.csv"
"108","Fine.sediment","Mainstem: Upper Chehalis",0,"Current",0,0,"Current, w/ historical fine sediment","pink","Fine_sediment.csv"
"109","Fine.sediment","Olympic Mountains",28682,"Current",3022,0.117770849571317,"Current, w/ historical fine sediment","pink","Fine_sediment.csv"
"110","Fine.sediment","Willapa Hills",9974,"Current",1926,0.239314115308151,"Current, w/ historical fine sediment","pink","Fine_sediment.csv"
"111","Floodplain","Black Hills",15958,"Current",2788,0.21169324221716,"Current, w/ historical floodplain habitat","orchid","Floodplain.csv"
"112","Floodplain","Black River",11584,"Current",5125,0.793466480879393,"Current, w/ historical floodplain habitat","orchid","Floodplain.csv"
"113","Floodplain","Cascade Mountains",21459,"Current",10130,0.894165416188543,"Current, w/ historical floodplain habitat","orchid","Floodplain.csv"
"114","Floodplain","Central Lowlands",8018,"Current",2657,0.495616489460921,"Current, w/ historical floodplain habitat","orchid","Floodplain.csv"
"115","Floodplain","Grays Harbor Tributaries",33990,"Current",9226,0.372556937489905,"Current, w/ historical floodplain habitat","orchid","Floodplain.csv"
"116","Floodplain","Mainstem: Lower Chehalis",250,"Current",189,3.09836065573771,"Current, w/ historical floodplain habitat","orchid","Floodplain.csv"
"117","Floodplain","Mainstem: Middle Chehalis",49,"Current",49,Inf,"Current, w/ historical floodplain habitat","orchid","Floodplain.csv"
"118","Floodplain","Mainstem: Upper Chehalis",0,"Current",0,0,"Current, w/ historical floodplain habitat","orchid","Floodplain.csv"
"119","Floodplain","Olympic Mountains",36180,"Current",10520,0.409976617303196,"Current, w/ historical floodplain habitat","orchid","Floodplain.csv"
"120","Floodplain","Willapa Hills",11834,"Current",3786,0.470427435387674,"Current, w/ historical floodplain habitat","orchid","Floodplain.csv"
"121","FP.wood.comb","Black Hills",18570,"Current",5400,0.41002277904328,"Current, w/ historical floodplains and wood","mediumpurple","FP_wood_comb.csv"
"122","FP.wood.comb","Black River",12945,"Current",6486,1.00418021365536,"Current, w/ historical floodplains and wood","mediumpurple","FP_wood_comb.csv"
"123","FP.wood.comb","Cascade Mountains",25602,"Current",14273,1.25986406567217,"Current, w/ historical floodplains and wood","mediumpurple","FP_wood_comb.csv"
"124","FP.wood.comb","Central Lowlands",10397,"Current",5036,0.939376981906361,"Current, w/ historical floodplains and wood","mediumpurple","FP_wood_comb.csv"
"125","FP.wood.comb","Grays Harbor Tributaries",39520,"Current",14756,0.595864965272169,"Current, w/ historical floodplains and wood","mediumpurple","FP_wood_comb.csv"
"126","FP.wood.comb","Mainstem: Lower Chehalis",252,"Current",191,3.13114754098361,"Current, w/ historical floodplains and wood","mediumpurple","FP_wood_comb.csv"
"127","FP.wood.comb","Mainstem: Middle Chehalis",60,"Current",60,Inf,"Current, w/ historical floodplains and wood","mediumpurple","FP_wood_comb.csv"
"128","FP.wood.comb","Mainstem: Upper Chehalis",0,"Current",0,0,"Current, w/ historical floodplains and wood","mediumpurple","FP_wood_comb.csv"
"129","FP.wood.comb","Olympic Mountains",41107,"Current",15447,0.601987529228371,"Current, w/ historical floodplains and wood","mediumpurple","FP_wood_comb.csv"
"130","FP.wood.comb","Willapa Hills",14071,"Current",6023,0.748384691848907,"Current, w/ historical floodplains and wood","mediumpurple","FP_wood_comb.csv"
"131","LR.bank","Black Hills",13188,"Current",18,0.00136674259681093,"Current, w/ historical large river bank conditions","deepskyblue3","LR_bank.csv"
"132","LR.bank","Black River",6469,"Current",10,0.00154822727976467,"Current, w/ historical large river bank conditions","deepskyblue3","LR_bank.csv"
"133","LR.bank","Cascade Mountains",11352,"Current",23,0.00203018801306382,"Current, w/ historical large river bank conditions","deepskyblue3","LR_bank.csv"
"134","LR.bank","Central Lowlands",5362,"Current",0,0,"Current, w/ historical large river bank conditions","deepskyblue3","LR_bank.csv"
"135","LR.bank","Grays Harbor Tributaries",24765,"Current",0,0,"Current, w/ historical large river bank conditions","deepskyblue3","LR_bank.csv"
"136","LR.bank","Mainstem: Lower Chehalis",62,"Current",0,0,"Current, w/ historical large river bank conditions","deepskyblue3","LR_bank.csv"
"137","LR.bank","Mainstem: Middle Chehalis",0,"Current",0,0,"Current, w/ historical large river bank conditions","deepskyblue3","LR_bank.csv"
"138","LR.bank","Mainstem: Upper Chehalis",0,"Current",0,0,"Current, w/ historical large river bank conditions","deepskyblue3","LR_bank.csv"
"139","LR.bank","Olympic Mountains",26201,"Current",541,0.0210833982852689,"Current, w/ historical large river bank conditions","deepskyblue3","LR_bank.csv"
"140","LR.bank","Willapa Hills",8052,"Current",4,0.000497017892644135,"Current, w/ historical large river bank conditions","deepskyblue3","LR_bank.csv"
"141","LR.length","Black Hills",13170,"Current",0,0,"Current, w/ historical large river length","royalblue2","LR_length.csv"
"142","LR.length","Black River",6459,"Current",0,0,"Current, w/ historical large river length","royalblue2","LR_length.csv"
"143","LR.length","Cascade Mountains",11430,"Current",101,0.00891517344867155,"Current, w/ historical large river length","royalblue2","LR_length.csv"
"144","LR.length","Central Lowlands",5361,"Current",0,0,"Current, w/ historical large river length","royalblue2","LR_length.csv"
"145","LR.length","Grays Harbor Tributaries",24815,"Current",51,0.00205944112421257,"Current, w/ historical large river length","royalblue2","LR_length.csv"
"146","LR.length","Mainstem: Lower Chehalis",61,"Current",0,0,"Current, w/ historical large river length","royalblue2","LR_length.csv"
"147","LR.length","Mainstem: Middle Chehalis",0,"Current",0,0,"Current, w/ historical large river length","royalblue2","LR_length.csv"
"148","LR.length","Mainstem: Upper Chehalis",0,"Current",0,0,"Current, w/ historical large river length","royalblue2","LR_length.csv"
"149","LR.length","Olympic Mountains",25755,"Current",95,0.00370226032735776,"Current, w/ historical large river length","royalblue2","LR_length.csv"
"150","LR.length","Willapa Hills",8045,"Current",-3,-0.000372763419483101,"Current, w/ historical large river length","royalblue2","LR_length.csv"
"151","Shade","Black Hills",13333,"Current",163,0.0123766135155657,"Current, w/ historical shade","orangered3","Shade.csv"
"152","Shade","Black River",8229,"Current",1770,0.274036228518346,"Current, w/ historical shade","orangered3","Shade.csv"
"153","Shade","Cascade Mountains",14702,"Current",3373,0.297731485568011,"Current, w/ historical shade","orangered3","Shade.csv"
"154","Shade","Central Lowlands",6632,"Current",1271,0.237082633836971,"Current, w/ historical shade","orangered3","Shade.csv"
"155","Shade","Grays Harbor Tributaries",24958,"Current",194,0.00783395251171055,"Current, w/ historical shade","orangered3","Shade.csv"
"156","Shade","Mainstem: Lower Chehalis",249,"Current",188,3.08196721311475,"Current, w/ historical shade","orangered3","Shade.csv"
"157","Shade","Mainstem: Middle Chehalis",0,"Current",0,0,"Current, w/ historical shade","orangered3","Shade.csv"
"158","Shade","Mainstem: Upper Chehalis",0,"Current",0,0,"Current, w/ historical shade","orangered3","Shade.csv"
"159","Shade","Olympic Mountains",25720,"Current",60,0.00233826968043648,"Current, w/ historical shade","orangered3","Shade.csv"
"160","Shade","Willapa Hills",9239,"Current",1191,0.147987077534791,"Current, w/ historical shade","orangered3","Shade.csv"
"161","Wood","Black Hills",15926,"Current",2756,0.209263477600607,"Current, w/ historical wood loading","chocolate4","Wood.csv"
"162","Wood","Black River",7922,"Current",1463,0.226505651029571,"Current, w/ historical wood loading","chocolate4","Wood.csv"
"163","Wood","Cascade Mountains",14128,"Current",2799,0.247065054285462,"Current, w/ historical wood loading","chocolate4","Wood.csv"
"164","Wood","Central Lowlands",7243,"Current",1882,0.351053907853012,"Current, w/ historical wood loading","chocolate4","Wood.csv"
"165","Wood","Grays Harbor Tributaries",29713,"Current",4949,0.199846551445647,"Current, w/ historical wood loading","chocolate4","Wood.csv"
"166","Wood","Mainstem: Lower Chehalis",77,"Current",16,0.262295081967213,"Current, w/ historical wood loading","chocolate4","Wood.csv"
"167","Wood","Mainstem: Middle Chehalis",0,"Current",0,0,"Current, w/ historical wood loading","chocolate4","Wood.csv"
"168","Wood","Mainstem: Upper Chehalis",0,"Current",0,0,"Current, w/ historical wood loading","chocolate4","Wood.csv"
"169","Wood","Olympic Mountains",30568,"Current",4908,0.191270459859704,"Current, w/ historical wood loading","chocolate4","Wood.csv"
"170","Wood","Willapa Hills",10062,"Current",2014,0.250248508946322,"Current, w/ historical wood loading","chocolate4","Wood.csv"
