"","scenario","natal.basin","spawners","fry.migrant","Pn","Cn"
"1","Current","Upper Chehalis: Above Proposed Dam",0,0,0,NA
"2","Current","Upper Chehalis: Proposed Dam to Elk Creek",0,0,0,NA
"3","Current","Elk Creek",0,0,0,NA
"4","Current","Unnamed: Willapa Hills 3",0,0,0,NA
"5","Current","South Fork Chehalis",7,443,1.03251897389352,222.258944606309
"6","Current","Unnamed: Willapa Hills 2",0,0,0,NA
"7","Current","Unnamed: Willapa Hills 1",0,0,0,NA
"8","Current","Unnamed: Willapa Hills 4",0,0,0,NA
"9","Current","Stearns Creek",0,0,0.51467983824739,NA
"10","Current","Bunker Creek",4,235,0.97910939477817,NA
"11","Current","Unnamed: Central Lowlands 9",2,154,0.598545712039399,NA
"12","Current","Newaukum River",350,22026,1.16767122590413,2437.41838745861
"13","Current","Dillenbaugh Creek",1,110,0.943616122540245,NA
"14","Current","Unnamed: Central Lowlands 8",0,0,0.63000707232804,NA
"15","Current","Salzer Creek",1,38,0.907465205944462,NA
"16","Current","Unnamed: Cascade Mountains 1",0,0,0.419650029570651,NA
"17","Current","Unnamed: Central Lowlands 7",0,0,0.250544438383078,NA
"18","Current","Skookumchuck River",619,39336,1.33858333594072,2447.20574521239
"19","Current","Lincoln Creek",85,5366,1.14511920870016,670.725354771065
"20","Current","Unnamed: Central Lowlands 6",60,3781,1.69870595314263,145.873033899501
"21","Current","Unnamed: Black River 1",64,4665,1.34817114147056,247.817647061975
"22","Current","Scatter Creek",381,24005,1.53056945936472,1099.09636471762
"23","Current","Black River",267,17367,1.10300769880622,2859.03926594156
"24","Current","Unnamed: Central Lowlands 5",0,0,0,NA
"25","Current","Garrard Creek",157,9891,1.14982215153538,1204.90912686185
"26","Current","Unnamed: Black Hills 5",0,0,0,NA
"27","Current","Unnamed: Central Lowlands 4",0,0,0.799294502822989,NA
"28","Current","Rock Creek (Lower Chehalis)",507,31925,1.4198115388315,1714.6847659099
"29","Current","Cedar Creek",950,59853,1.66335240083217,2382.1196377796
"30","Current","Unnamed: Black Hills 4",35,2195,1.31404107000555,146.450390865696
"31","Current","Unnamed: Central Lowlands 3",0,0,0.510341549536727,NA
"32","Current","Porter Creek",481,30306,1.47191445657636,1500.25252192855
"33","Current","Unnamed: Black Hills 3",0,0,0,NA
"34","Current","Mox Chehalis Creek",521,32793,1.45968530240558,1654.38407226324
"35","Current","Unnamed: Black Hills 2",0,0,0,NA
"36","Current","Unnamed: Central Lowlands 2",0,0,0.642366920975951,NA
"37","Current","Cloquallum Creek",976,62194,1.23330890172968,5159.29516261162
"38","Current","Unnamed: Black Hills 1",0,15,0.868454917072263,NA
"39","Current","Unnamed: Central Lowlands 1",0,0,0,NA
"40","Current","Satsop River",5974,380215,1.44924987588258,19271.7220934422
"41","Current","Unnamed: Olympic Mountains 1",0,0,0.227501810041109,NA
"42","Current","Wynoochee River",3893,245714,1.51827254499076,11404.4918542895
"43","Current","Wishkah River",0,0,0.537085670208195,NA
"44","Current","Hoquiam River",546,35377,1.12776997832405,4819.30431735102
"45","Current","Humptulips River",4420,278524,1.47720448458557,13682.2767446089
"46","Current","Johns River",1,85,0.909627203986813,NA
"47","Current","Elk River",98,6283,1.14479558737868,774.816205342659
"48","Current","Andrews",8,492,1.00876212402425,921.020630370003
"49","Current","Upper Chehalis Estuary",0,0,0,NA
"50","Current","Lower Chehalis Estuary",0,0,0,NA
"51","Current","Upper Skookumchuck",0,0,0,NA
"52","Current","Mainstem: Upper Chehalis 1",0,0,0,NA
"53","Current","Mainstem: Upper Chehalis 2",0,0,0,NA
"54","Current","Mainstem: Middle Chehalis 1",0,0,0,NA
"55","Current","Mainstem: Middle Chehalis 2",0,0,0,NA
"56","Current","Mainstem: Middle Chehalis 3",0,0,0,NA
"57","Current","Mainstem: Lower Chehalis 1",56,3522,2.40692406474383,95.8031431854116
"58","Current","Mainstem: Lower Chehalis 2",0,0,0,NA
"59","Current","Mainstem: Lower Chehalis 3",0,0,0,NA
"60","Current","Mainstem: Lower Chehalis 4",89,5628,2.93369847002807,135.025790152644
"61","Current","Mainstem: Lower Chehalis 5",0,0,0,NA
"62","Current","Mainstem: Lower Chehalis 6",0,0,0,NA
"63","Current","Mainstem: Lower Chehalis 7",2278,143511,2.16087983793995,4240.30473262628
"64","Barriers","Upper Chehalis: Above Proposed Dam",0,0,0,NA
"65","Barriers","Upper Chehalis: Proposed Dam to Elk Creek",0,0,0,NA
"66","Barriers","Elk Creek",0,0,0,NA
"67","Barriers","Unnamed: Willapa Hills 3",0,0,0,NA
"68","Barriers","South Fork Chehalis",7,443,1.03251897389352,222.258944606309
"69","Barriers","Unnamed: Willapa Hills 2",0,0,0,NA
"70","Barriers","Unnamed: Willapa Hills 1",0,0,0,NA
"71","Barriers","Unnamed: Willapa Hills 4",0,0,0,NA
"72","Barriers","Stearns Creek",0,0,0.51467983824739,NA
"73","Barriers","Bunker Creek",4,235,0.97910939477817,NA
"74","Barriers","Unnamed: Central Lowlands 9",53,3338,1.68806526279717,130.027576983819
"75","Barriers","Newaukum River",350,22011,1.16753718333803,2439.08848189133
"76","Barriers","Dillenbaugh Creek",314,19798,1.62202670972964,818.801474098242
"77","Barriers","Unnamed: Central Lowlands 8",0,0,0.63000707232804,NA
"78","Barriers","Salzer Creek",1,55,0.919633352053023,NA
"79","Barriers","Unnamed: Cascade Mountains 1",0,0,0.601428842525828,NA
"80","Barriers","Unnamed: Central Lowlands 7",0,0,0.529090367922,NA
"81","Barriers","Skookumchuck River",631,39751,1.34345814186224,2468.19622012365
"82","Barriers","Lincoln Creek",85,5364,1.14511920870016,670.725354771065
"83","Barriers","Unnamed: Central Lowlands 6",60,3781,1.69870595314263,145.873033899501
"84","Barriers","Unnamed: Black River 1",56,3532,1.23968648863451,289.63853473356
"85","Barriers","Scatter Creek",381,24005,1.53056945936472,1099.09636471762
"86","Barriers","Black River",322,20398,1.12029310107317,2998.79523702816
"87","Barriers","Unnamed: Central Lowlands 5",0,0,0,NA
"88","Barriers","Garrard Creek",157,9887,1.14982215153538,1204.90912686185
"89","Barriers","Unnamed: Black Hills 5",0,0,0,NA
"90","Barriers","Unnamed: Central Lowlands 4",0,0,0.784165836784328,NA
"91","Barriers","Rock Creek (Lower Chehalis)",507,31925,1.4198115388315,1714.6847659099
"92","Barriers","Cedar Creek",950,59853,1.66335240083217,2382.1196377796
"93","Barriers","Unnamed: Black Hills 4",35,2195,1.31404107000555,146.450390865696
"94","Barriers","Unnamed: Central Lowlands 3",3,199,0.97515341710218,NA
"95","Barriers","Porter Creek",481,30306,1.47191445657636,1500.25252192855
"96","Barriers","Unnamed: Black Hills 3",0,0,0,NA
"97","Barriers","Mox Chehalis Creek",587,36953,1.4942916048955,1774.55810170821
"98","Barriers","Unnamed: Black Hills 2",0,0,0,NA
"99","Barriers","Unnamed: Central Lowlands 2",0,0,0.689899910245275,NA
"100","Barriers","Cloquallum Creek",1023,64434,1.24374033380471,5220.08951748483
"101","Barriers","Unnamed: Black Hills 1",3,163,0.929800372179497,NA
"102","Barriers","Unnamed: Central Lowlands 1",0,0,0,NA
"103","Barriers","Satsop River",6142,386886,1.4606468586258,19475.4242597958
"104","Barriers","Unnamed: Olympic Mountains 1",0,0,0.227501810041109,NA
"105","Barriers","Wynoochee River",3892,245189,1.516595799919,11425.9365914517
"106","Barriers","Wishkah River",0,0,0.62483673947384,NA
"107","Barriers","Hoquiam River",740,46647,1.17270416778362,5024.78368239007
"108","Barriers","Humptulips River",4423,278612,1.4774296068049,13687.1929552716
"109","Barriers","Johns River",1,84,0.909627203986813,NA
"110","Barriers","Elk River",111,7028,1.16489043826054,784.17426753765
"111","Barriers","Andrews",8,488,1.00876212402425,921.020630370003
"112","Barriers","Upper Chehalis Estuary",0,0,0,NA
"113","Barriers","Lower Chehalis Estuary",0,0,0,NA
"114","Barriers","Upper Skookumchuck",0,0,0,NA
"115","Barriers","Mainstem: Upper Chehalis 1",0,0,0,NA
"116","Barriers","Mainstem: Upper Chehalis 2",0,0,0,NA
"117","Barriers","Mainstem: Middle Chehalis 1",0,0,0,NA
"118","Barriers","Mainstem: Middle Chehalis 2",0,0,0,NA
"119","Barriers","Mainstem: Middle Chehalis 3",0,0,0,NA
"120","Barriers","Mainstem: Lower Chehalis 1",56,3522,2.40692406474383,95.8031431854116
"121","Barriers","Mainstem: Lower Chehalis 2",0,0,0,NA
"122","Barriers","Mainstem: Lower Chehalis 3",0,0,0,NA
"123","Barriers","Mainstem: Lower Chehalis 4",89,5628,2.93369847002807,135.025790152644
"124","Barriers","Mainstem: Lower Chehalis 5",0,0,0,NA
"125","Barriers","Mainstem: Lower Chehalis 6",0,0,0,NA
"126","Barriers","Mainstem: Lower Chehalis 7",2278,143511,2.16087983793995,4240.30473262628
"127","Fine.sediment","Upper Chehalis: Above Proposed Dam",0,0,0,NA
"128","Fine.sediment","Upper Chehalis: Proposed Dam to Elk Creek",0,0,0,NA
"129","Fine.sediment","Elk Creek",0,0,0,NA
"130","Fine.sediment","Unnamed: Willapa Hills 3",0,0,0,NA
"131","Fine.sediment","South Fork Chehalis",32,2007,1.75188242606782,74.5598456494759
"132","Fine.sediment","Unnamed: Willapa Hills 2",0,0,0,NA
"133","Fine.sediment","Unnamed: Willapa Hills 1",0,0,0,NA
"134","Fine.sediment","Unnamed: Willapa Hills 4",0,0,0,NA
"135","Fine.sediment","Stearns Creek",0,0,0.610578404234863,NA
"136","Fine.sediment","Bunker Creek",27,1727,1.64032486046415,69.1660967222613
"137","Fine.sediment","Unnamed: Central Lowlands 9",3,177,0.634376354298561,NA
"138","Fine.sediment","Newaukum River",1039,65465,1.75987327590678,2406.3332553512
"139","Fine.sediment","Dillenbaugh Creek",73,6472,1.24708358943874,368.446574035214
"140","Fine.sediment","Unnamed: Central Lowlands 8",2,127,0.958762943117794,NA
"141","Fine.sediment","Salzer Creek",19,1223,1.17666030893068,126.551040270486
"142","Fine.sediment","Unnamed: Cascade Mountains 1",0,0,0.458762917634303,NA
"143","Fine.sediment","Unnamed: Central Lowlands 7",0,0,0.324478711332351,NA
"144","Fine.sediment","Skookumchuck River",1105,70231,1.82887703456751,2438.12898526205
"145","Fine.sediment","Lincoln Creek",255,16079,1.64661806055203,649.35953858496
"146","Fine.sediment","Unnamed: Central Lowlands 6",85,5326,2.46739258748178,142.925875273685
"147","Fine.sediment","Unnamed: Black River 1",99,7211,1.69827805824574,240.777331867931
"148","Fine.sediment","Scatter Creek",502,31644,1.84648302908622,1095.04201354386
"149","Fine.sediment","Black River",602,38961,1.24356230817823,3073.64680160398
"150","Fine.sediment","Unnamed: Central Lowlands 5",0,0,0,NA
"151","Fine.sediment","Garrard Creek",595,37469,1.99255156086622,1194.46507915491
"152","Fine.sediment","Unnamed: Black Hills 5",0,0,0,NA
"153","Fine.sediment","Unnamed: Central Lowlands 4",3,206,0.977487641954879,NA
"154","Fine.sediment","Rock Creek (Lower Chehalis)",876,55162,2.05351753580539,1707.50016039393
"155","Fine.sediment","Cedar Creek",1528,96246,2.79783475670127,2377.91125814234
"156","Fine.sediment","Unnamed: Black Hills 4",65,4066,1.91081421746048,136.364718242137
"157","Fine.sediment","Unnamed: Central Lowlands 3",0,0,0.725000850632648,NA
"158","Fine.sediment","Porter Creek",861,54230,2.36055626543603,1493.82939623527
"159","Fine.sediment","Unnamed: Black Hills 3",0,0,0,NA
"160","Fine.sediment","Mox Chehalis Creek",898,56542,2.19878902169,1647.08927572096
"161","Fine.sediment","Unnamed: Black Hills 2",0,0,0,NA
"162","Fine.sediment","Unnamed: Central Lowlands 2",64,4397,1.04192668668457,1590.47406844945
"163","Fine.sediment","Cloquallum Creek",2776,176792,2.16820770451954,5152.28975503267
"164","Fine.sediment","Unnamed: Black Hills 1",391,25857,1.52501947586523,1135.7342774392
"165","Fine.sediment","Unnamed: Central Lowlands 1",0,0,0,NA
"166","Fine.sediment","Satsop River",11237,715163,2.39979545268543,19264.6014459416
"167","Fine.sediment","Unnamed: Olympic Mountains 1",0,0,0.227501810041109,NA
"168","Fine.sediment","Wynoochee River",6202,391446,2.19334330119019,11399.1632922516
"169","Fine.sediment","Wishkah River",0,8,0.800985402889989,NA
"170","Fine.sediment","Hoquiam River",2274,146890,1.86078307269069,4915.78057415997
"171","Fine.sediment","Humptulips River",6719,423365,1.9655207260135,13677.9391703085
"172","Fine.sediment","Johns River",406,25599,1.43103943858599,1347.90917038095
"173","Fine.sediment","Elk River",309,19714,1.68047847248897,763.092249046142
"174","Fine.sediment","Andrews",131,8256,1.72456347895517,311.798513594564
"175","Fine.sediment","Upper Chehalis Estuary",0,0,0,NA
"176","Fine.sediment","Lower Chehalis Estuary",0,0,0,NA
"177","Fine.sediment","Upper Skookumchuck",0,0,0,NA
"178","Fine.sediment","Mainstem: Upper Chehalis 1",0,0,0,NA
"179","Fine.sediment","Mainstem: Upper Chehalis 2",0,0,0,NA
"180","Fine.sediment","Mainstem: Middle Chehalis 1",0,0,0,NA
"181","Fine.sediment","Mainstem: Middle Chehalis 2",0,0,0,NA
"182","Fine.sediment","Mainstem: Middle Chehalis 3",0,0,0,NA
"183","Fine.sediment","Mainstem: Lower Chehalis 1",87,5481,3.80277088134391,118.040710669252
"184","Fine.sediment","Mainstem: Lower Chehalis 2",0,0,0,NA
"185","Fine.sediment","Mainstem: Lower Chehalis 3",0,0,0,NA
"186","Fine.sediment","Mainstem: Lower Chehalis 4",114,7209,3.8048590593308,154.643753425243
"187","Fine.sediment","Mainstem: Lower Chehalis 5",0,0,0,NA
"188","Fine.sediment","Mainstem: Lower Chehalis 6",0,0,0,NA
"189","Fine.sediment","Mainstem: Lower Chehalis 7",2968,186968,3.83100772066648,4016.38993491027
"190","Wood","Upper Chehalis: Above Proposed Dam",0,0,0,NA
"191","Wood","Upper Chehalis: Proposed Dam to Elk Creek",0,0,0,NA
"192","Wood","Elk Creek",0,0,0,NA
"193","Wood","Unnamed: Willapa Hills 3",0,0,0,NA
"194","Wood","South Fork Chehalis",7,443,1.03251897389352,222.258944606309
"195","Wood","Unnamed: Willapa Hills 2",0,0,0,NA
"196","Wood","Unnamed: Willapa Hills 1",0,0,0,NA
"197","Wood","Unnamed: Willapa Hills 4",0,0,0,NA
"198","Wood","Stearns Creek",0,0,0.644638673512848,NA
"199","Wood","Bunker Creek",8,508,1.05681935132335,148.797101932292
"200","Wood","Unnamed: Central Lowlands 9",2,154,0.598545712039399,NA
"201","Wood","Newaukum River",355,22380,1.17096711138689,2431.42275242427
"202","Wood","Dillenbaugh Creek",29,2683,1.08251465901348,380.452703637339
"203","Wood","Unnamed: Central Lowlands 8",6,369,1.01114383672637,544.414205746791
"204","Wood","Salzer Creek",7,457,1.0212942627186,335.72704223213
"205","Wood","Unnamed: Cascade Mountains 1",0,15,0.583738173632464,NA
"206","Wood","Unnamed: Central Lowlands 7",0,0,0.250544438383078,NA
"207","Wood","Skookumchuck River",628,40113,1.34764251309533,2434.45340067424
"208","Wood","Lincoln Creek",132,8333,1.24973037449123,660.570063889594
"209","Wood","Unnamed: Central Lowlands 6",64,4049,1.79570081565734,144.432241290501
"210","Wood","Unnamed: Black River 1",74,5429,1.43667198533031,243.463584763802
"211","Wood","Scatter Creek",381,24005,1.53056945936472,1099.09636471762
"212","Wood","Black River",711,46226,1.30234556661295,3062.61377745679
"213","Wood","Unnamed: Central Lowlands 5",0,0,0,NA
"214","Wood","Garrard Creek",305,19224,1.33403025686802,1218.09093631153
"215","Wood","Unnamed: Black Hills 5",0,0,0,NA
"216","Wood","Unnamed: Central Lowlands 4",18,1133,1.29605257693627,78.8000112219087
"217","Wood","Rock Creek (Lower Chehalis)",613,38615,1.55258863026378,1722.32430822433
"218","Wood","Cedar Creek",1088,68539,1.84158481363675,2380.7989934828
"219","Wood","Unnamed: Black Hills 4",55,3475,1.67097052510177,136.970813832184
"220","Wood","Unnamed: Central Lowlands 3",0,0,0.537333318653141,NA
"221","Wood","Porter Creek",617,38851,1.70058757926531,1497.68932173624
"222","Wood","Unnamed: Black Hills 3",0,0,0,NA
"223","Wood","Mox Chehalis Creek",563,35468,1.51714235997811,1651.67507976687
"224","Wood","Unnamed: Black Hills 2",0,0,0,NA
"225","Wood","Unnamed: Central Lowlands 2",0,3,0.814448413681159,NA
"226","Wood","Cloquallum Creek",1344,85823,1.35330165291671,5148.11466774784
"227","Wood","Unnamed: Black Hills 1",6,398,0.952258874399619,NA
"228","Wood","Unnamed: Central Lowlands 1",0,0,0,NA
"229","Wood","Satsop River",5996,384569,1.4567463185262,19123.6372830931
"230","Wood","Unnamed: Olympic Mountains 1",0,0,0.227501810041109,NA
"231","Wood","Wynoochee River",3757,237460,1.49201680569487,11392.9180347387
"232","Wood","Wishkah River",0,0,0.655537257946267,NA
"233","Wood","Hoquiam River",1141,74207,1.30419731046915,4891.85499027022
"234","Wood","Humptulips River",4506,284000,1.49121145135212,13679.2389128891
"235","Wood","Johns River",70,4400,1.04972794780469,1477.65913515945
"236","Wood","Elk River",215,13772,1.39052860589136,765.535855137358
"237","Wood","Andrews",73,4623,1.29528161511635,320.221622555927
"238","Wood","Upper Chehalis Estuary",0,0,0,NA
"239","Wood","Lower Chehalis Estuary",0,0,0,NA
"240","Wood","Upper Skookumchuck",0,0,0,NA
"241","Wood","Mainstem: Upper Chehalis 1",0,0,0,NA
"242","Wood","Mainstem: Upper Chehalis 2",0,0,0,NA
"243","Wood","Mainstem: Middle Chehalis 1",0,0,0,NA
"244","Wood","Mainstem: Middle Chehalis 2",0,0,0,NA
"245","Wood","Mainstem: Middle Chehalis 3",0,0,0,NA
"246","Wood","Mainstem: Lower Chehalis 1",72,4533,2.40692406474383,123.175469809815
"247","Wood","Mainstem: Lower Chehalis 2",0,0,0,NA
"248","Wood","Mainstem: Lower Chehalis 3",0,0,0,NA
"249","Wood","Mainstem: Lower Chehalis 4",114,7208,2.93369847002807,172.95438289215
"250","Wood","Mainstem: Lower Chehalis 5",0,0,0,NA
"251","Wood","Mainstem: Lower Chehalis 6",0,0,0,NA
"252","Wood","Mainstem: Lower Chehalis 7",2597,163594,2.16087983793995,4834.09630844182
"253","Shade","Upper Chehalis: Above Proposed Dam",0,0,0,NA
"254","Shade","Upper Chehalis: Proposed Dam to Elk Creek",0,0,0,NA
"255","Shade","Elk Creek",0,0,0,NA
"256","Shade","Unnamed: Willapa Hills 3",0,0,0,NA
"257","Shade","South Fork Chehalis",7,443,1.03251897389352,222.258944606309
"258","Shade","Unnamed: Willapa Hills 2",0,0,0,NA
"259","Shade","Unnamed: Willapa Hills 1",0,0,0,NA
"260","Shade","Unnamed: Willapa Hills 4",0,0,0,NA
"261","Shade","Stearns Creek",0,0,0.51467983824739,NA
"262","Shade","Bunker Creek",4,235,0.97910939477817,NA
"263","Shade","Unnamed: Central Lowlands 9",2,154,0.598545712039399,NA
"264","Shade","Newaukum River",350,22026,1.16767122590413,2437.41838745861
"265","Shade","Dillenbaugh Creek",1,110,0.943616122540245,NA
"266","Shade","Unnamed: Central Lowlands 8",0,0,0.63000707232804,NA
"267","Shade","Salzer Creek",1,38,0.907465205944462,NA
"268","Shade","Unnamed: Cascade Mountains 1",0,0,0.419650029570651,NA
"269","Shade","Unnamed: Central Lowlands 7",0,0,0.250544438383078,NA
"270","Shade","Skookumchuck River",619,39336,1.33858333594072,2447.20574521239
"271","Shade","Lincoln Creek",85,5366,1.14511920870016,670.725354771065
"272","Shade","Unnamed: Central Lowlands 6",60,3781,1.69870595314263,145.873033899501
"273","Shade","Unnamed: Black River 1",64,4665,1.34817114147056,247.817647061975
"274","Shade","Scatter Creek",381,24005,1.53056945936472,1099.09636471762
"275","Shade","Black River",267,17367,1.10300769880622,2859.03926594156
"276","Shade","Unnamed: Central Lowlands 5",0,0,0,NA
"277","Shade","Garrard Creek",157,9891,1.14982215153538,1204.90912686185
"278","Shade","Unnamed: Black Hills 5",0,0,0,NA
"279","Shade","Unnamed: Central Lowlands 4",0,0,0.799294502822989,NA
"280","Shade","Rock Creek (Lower Chehalis)",507,31925,1.4198115388315,1714.6847659099
"281","Shade","Cedar Creek",950,59853,1.66335240083217,2382.1196377796
"282","Shade","Unnamed: Black Hills 4",35,2195,1.31404107000555,146.450390865696
"283","Shade","Unnamed: Central Lowlands 3",0,0,0.510341549536727,NA
"284","Shade","Porter Creek",481,30306,1.47191445657636,1500.25252192855
"285","Shade","Unnamed: Black Hills 3",0,0,0,NA
"286","Shade","Mox Chehalis Creek",521,32793,1.45968530240558,1654.38407226324
"287","Shade","Unnamed: Black Hills 2",0,0,0,NA
"288","Shade","Unnamed: Central Lowlands 2",0,0,0.642366920975951,NA
"289","Shade","Cloquallum Creek",976,62194,1.23330890172968,5159.29516261162
"290","Shade","Unnamed: Black Hills 1",0,15,0.868454917072263,NA
"291","Shade","Unnamed: Central Lowlands 1",0,0,0,NA
"292","Shade","Satsop River",5974,380215,1.44924987588258,19271.7220934422
"293","Shade","Unnamed: Olympic Mountains 1",0,0,0.227501810041109,NA
"294","Shade","Wynoochee River",3893,245714,1.51827254499076,11404.4918542895
"295","Shade","Wishkah River",0,0,0.537085670208195,NA
"296","Shade","Hoquiam River",546,35377,1.12776997832405,4819.30431735102
"297","Shade","Humptulips River",4420,278524,1.47720448458557,13682.2767446089
"298","Shade","Johns River",1,85,0.909627203986813,NA
"299","Shade","Elk River",98,6283,1.14479558737868,774.816205342659
"300","Shade","Andrews",8,492,1.00876212402425,921.020630370003
"301","Shade","Upper Chehalis Estuary",0,0,0,NA
"302","Shade","Lower Chehalis Estuary",0,0,0,NA
"303","Shade","Upper Skookumchuck",0,0,0,NA
"304","Shade","Mainstem: Upper Chehalis 1",0,0,0,NA
"305","Shade","Mainstem: Upper Chehalis 2",0,0,0,NA
"306","Shade","Mainstem: Middle Chehalis 1",0,0,0,NA
"307","Shade","Mainstem: Middle Chehalis 2",0,0,0,NA
"308","Shade","Mainstem: Middle Chehalis 3",0,0,0,NA
"309","Shade","Mainstem: Lower Chehalis 1",56,3522,2.40692406474383,95.8031431854116
"310","Shade","Mainstem: Lower Chehalis 2",0,0,0,NA
"311","Shade","Mainstem: Lower Chehalis 3",0,0,0,NA
"312","Shade","Mainstem: Lower Chehalis 4",89,5628,2.93369847002807,135.025790152644
"313","Shade","Mainstem: Lower Chehalis 5",0,0,0,NA
"314","Shade","Mainstem: Lower Chehalis 6",0,0,0,NA
"315","Shade","Mainstem: Lower Chehalis 7",2278,143511,2.16087983793995,4240.30473262628
"316","LR.bank","Upper Chehalis: Above Proposed Dam",0,0,0,NA
"317","LR.bank","Upper Chehalis: Proposed Dam to Elk Creek",0,0,0,NA
"318","LR.bank","Elk Creek",0,0,0,NA
"319","LR.bank","Unnamed: Willapa Hills 3",0,0,0,NA
"320","LR.bank","South Fork Chehalis",7,440,1.03188168313006,226.561808309936
"321","LR.bank","Unnamed: Willapa Hills 2",0,0,0,NA
"322","LR.bank","Unnamed: Willapa Hills 1",0,0,0,NA
"323","LR.bank","Unnamed: Willapa Hills 4",0,0,0,NA
"324","LR.bank","Stearns Creek",0,0,0.51467983824739,NA
"325","LR.bank","Bunker Creek",4,235,0.97910939477817,NA
"326","LR.bank","Unnamed: Central Lowlands 9",2,154,0.598545712039399,NA
"327","LR.bank","Newaukum River",350,22011,1.16766930163369,2437.44234388627
"328","LR.bank","Dillenbaugh Creek",1,110,0.943616122540245,NA
"329","LR.bank","Unnamed: Central Lowlands 8",0,0,0.63000707232804,NA
"330","LR.bank","Salzer Creek",1,38,0.907465205944462,NA
"331","LR.bank","Unnamed: Cascade Mountains 1",0,0,0.419650029570651,NA
"332","LR.bank","Unnamed: Central Lowlands 7",0,0,0.250544438383078,NA
"333","LR.bank","Skookumchuck River",617,39252,1.338575459013,2439.34117557916
"334","LR.bank","Lincoln Creek",85,5366,1.14511920870016,670.725354771065
"335","LR.bank","Unnamed: Central Lowlands 6",60,3781,1.69870595314263,145.873033899501
"336","LR.bank","Unnamed: Black River 1",64,4665,1.34817114147056,247.817647061975
"337","LR.bank","Scatter Creek",381,24005,1.53056945936472,1099.09636471762
"338","LR.bank","Black River",267,17359,1.10300664512526,2859.06578056512
"339","LR.bank","Unnamed: Central Lowlands 5",0,0,0,NA
"340","LR.bank","Garrard Creek",157,9891,1.14982195768805,1204.91048270036
"341","LR.bank","Unnamed: Black Hills 5",0,0,0,NA
"342","LR.bank","Unnamed: Central Lowlands 4",0,0,0.799294502822989,NA
"343","LR.bank","Rock Creek (Lower Chehalis)",507,31925,1.4198115388315,1714.6847659099
"344","LR.bank","Cedar Creek",950,59853,1.66335240083217,2382.1196377796
"345","LR.bank","Unnamed: Black Hills 4",35,2195,1.31404107000555,146.450390865696
"346","LR.bank","Unnamed: Central Lowlands 3",0,0,0.510341549536727,NA
"347","LR.bank","Porter Creek",481,30305,1.47191437544436,1500.2526971595
"348","LR.bank","Unnamed: Black Hills 3",0,0,0,NA
"349","LR.bank","Mox Chehalis Creek",520,32785,1.45968371909287,1651.2125672542
"350","LR.bank","Unnamed: Black Hills 2",0,0,0,NA
"351","LR.bank","Unnamed: Central Lowlands 2",0,0,0.642366920975951,NA
"352","LR.bank","Cloquallum Creek",976,62193,1.23330888015573,5159.29554943867
"353","LR.bank","Unnamed: Black Hills 1",0,15,0.868454917072263,NA
"354","LR.bank","Unnamed: Central Lowlands 1",0,0,0,NA
"355","LR.bank","Satsop River",5977,380372,1.44925010101497,19281.3932243897
"356","LR.bank","Unnamed: Olympic Mountains 1",0,0,0.227501810041109,NA
"357","LR.bank","Wynoochee River",3892,245659,1.51827232010326,11401.5656260874
"358","LR.bank","Wishkah River",0,0,0.537085670208195,NA
"359","LR.bank","Hoquiam River",546,35377,1.12776996312974,4819.30482552907
"360","LR.bank","Humptulips River",4420,278512,1.47720445247773,13682.2773678045
"361","LR.bank","Johns River",1,85,0.909627203986813,NA
"362","LR.bank","Elk River",98,6283,1.14479558737868,774.816205342659
"363","LR.bank","Andrews",8,492,1.00876212402425,921.020630370003
"364","LR.bank","Upper Chehalis Estuary",0,0,0,NA
"365","LR.bank","Lower Chehalis Estuary",0,0,0,NA
"366","LR.bank","Upper Skookumchuck",0,0,0,NA
"367","LR.bank","Mainstem: Upper Chehalis 1",0,0,0,NA
"368","LR.bank","Mainstem: Upper Chehalis 2",0,0,0,NA
"369","LR.bank","Mainstem: Middle Chehalis 1",0,0,0,NA
"370","LR.bank","Mainstem: Middle Chehalis 2",0,0,0,NA
"371","LR.bank","Mainstem: Middle Chehalis 3",0,0,0,NA
"372","LR.bank","Mainstem: Lower Chehalis 1",56,3521,2.4069128319198,95.8034609746115
"373","LR.bank","Mainstem: Lower Chehalis 2",0,0,0,NA
"374","LR.bank","Mainstem: Lower Chehalis 3",0,0,0,NA
"375","LR.bank","Mainstem: Lower Chehalis 4",89,5627,2.93361771997854,135.027712241377
"376","LR.bank","Mainstem: Lower Chehalis 5",0,0,0,NA
"377","LR.bank","Mainstem: Lower Chehalis 6",0,0,0,NA
"378","LR.bank","Mainstem: Lower Chehalis 7",2275,143320,2.16086619143893,4234.74352322214
"379","LR.length","Upper Chehalis: Above Proposed Dam",0,0,0,NA
"380","LR.length","Upper Chehalis: Proposed Dam to Elk Creek",0,0,0,NA
"381","LR.length","Elk Creek",0,0,0,NA
"382","LR.length","Unnamed: Willapa Hills 3",0,0,0,NA
"383","LR.length","South Fork Chehalis",7,443,1.03251897389352,222.258944606309
"384","LR.length","Unnamed: Willapa Hills 2",0,0,0,NA
"385","LR.length","Unnamed: Willapa Hills 1",0,0,0,NA
"386","LR.length","Unnamed: Willapa Hills 4",0,0,0,NA
"387","LR.length","Stearns Creek",0,0,0.51467983824739,NA
"388","LR.length","Bunker Creek",4,235,0.97910939477817,NA
"389","LR.length","Unnamed: Central Lowlands 9",2,154,0.598545712039399,NA
"390","LR.length","Newaukum River",350,22026,1.16767122590413,2437.41838745861
"391","LR.length","Dillenbaugh Creek",1,110,0.943616122540245,NA
"392","LR.length","Unnamed: Central Lowlands 8",0,0,0.63000707232804,NA
"393","LR.length","Salzer Creek",1,38,0.907465205944462,NA
"394","LR.length","Unnamed: Cascade Mountains 1",0,0,0.419650029570651,NA
"395","LR.length","Unnamed: Central Lowlands 7",0,0,0.250544438383078,NA
"396","LR.length","Skookumchuck River",673,42807,1.33888277947003,2658.93744141407
"397","LR.length","Lincoln Creek",85,5366,1.14511920870016,670.725354771065
"398","LR.length","Unnamed: Central Lowlands 6",60,3781,1.69870595314263,145.873033899501
"399","LR.length","Unnamed: Black River 1",64,4665,1.34817114147056,247.817647061975
"400","LR.length","Scatter Creek",381,24005,1.53056945936472,1099.09636471762
"401","LR.length","Black River",267,17367,1.10300769880622,2859.03926594156
"402","LR.length","Unnamed: Central Lowlands 5",0,0,0,NA
"403","LR.length","Garrard Creek",157,9891,1.14982215153538,1204.90912686185
"404","LR.length","Unnamed: Black Hills 5",0,0,0,NA
"405","LR.length","Unnamed: Central Lowlands 4",0,0,0.799294502822989,NA
"406","LR.length","Rock Creek (Lower Chehalis)",507,31925,1.4198115388315,1714.6847659099
"407","LR.length","Cedar Creek",950,59853,1.66335240083217,2382.1196377796
"408","LR.length","Unnamed: Black Hills 4",35,2195,1.31404107000555,146.450390865696
"409","LR.length","Unnamed: Central Lowlands 3",0,0,0.510341549536727,NA
"410","LR.length","Porter Creek",481,30306,1.47191445657636,1500.25252192855
"411","LR.length","Unnamed: Black Hills 3",0,0,0,NA
"412","LR.length","Mox Chehalis Creek",521,32793,1.45968530240558,1654.38407226324
"413","LR.length","Unnamed: Black Hills 2",0,0,0,NA
"414","LR.length","Unnamed: Central Lowlands 2",0,0,0.642366920975951,NA
"415","LR.length","Cloquallum Creek",976,62194,1.23330890172968,5159.29516261162
"416","LR.length","Unnamed: Black Hills 1",0,15,0.868454917072263,NA
"417","LR.length","Unnamed: Central Lowlands 1",0,0,0,NA
"418","LR.length","Satsop River",6062,385795,1.44925776430522,19555.3672417991
"419","LR.length","Unnamed: Olympic Mountains 1",0,0,0.227501810041109,NA
"420","LR.length","Wynoochee River",4072,257015,1.51831703887659,11928.1955223887
"421","LR.length","Wishkah River",0,0,0.537087911572004,NA
"422","LR.length","Hoquiam River",546,35377,1.12776997832405,4819.30431735102
"423","LR.length","Humptulips River",4549,286637,1.47722708063775,14081.14975546
"424","LR.length","Johns River",1,85,0.909627203986813,NA
"425","LR.length","Elk River",98,6283,1.14479558737868,774.816205342659
"426","LR.length","Andrews",8,492,1.00876212402425,921.020630370003
"427","LR.length","Upper Chehalis Estuary",0,0,0,NA
"428","LR.length","Lower Chehalis Estuary",0,0,0,NA
"429","LR.length","Upper Skookumchuck",0,0,0,NA
"430","LR.length","Mainstem: Upper Chehalis 1",0,0,0,NA
"431","LR.length","Mainstem: Upper Chehalis 2",0,0,0,NA
"432","LR.length","Mainstem: Middle Chehalis 1",0,0,0,NA
"433","LR.length","Mainstem: Middle Chehalis 2",0,0,0,NA
"434","LR.length","Mainstem: Middle Chehalis 3",0,0,0,NA
"435","LR.length","Mainstem: Lower Chehalis 1",56,3535,2.40883571712201,95.7491342101956
"436","LR.length","Mainstem: Lower Chehalis 2",0,0,0,NA
"437","LR.length","Mainstem: Lower Chehalis 3",0,0,0,NA
"438","LR.length","Mainstem: Lower Chehalis 4",89,5628,2.93369847002807,135.025790152644
"439","LR.length","Mainstem: Lower Chehalis 5",0,0,0,NA
"440","LR.length","Mainstem: Lower Chehalis 6",0,0,0,NA
"441","LR.length","Mainstem: Lower Chehalis 7",2278,143511,2.16087983793995,4240.30473262628
"442","Beaver","Upper Chehalis: Above Proposed Dam",0,0,0,NA
"443","Beaver","Upper Chehalis: Proposed Dam to Elk Creek",0,0,0,NA
"444","Beaver","Elk Creek",0,0,0,NA
"445","Beaver","Unnamed: Willapa Hills 3",0,0,0,NA
"446","Beaver","South Fork Chehalis",7,443,1.03251897389352,222.258944606309
"447","Beaver","Unnamed: Willapa Hills 2",0,0,0,NA
"448","Beaver","Unnamed: Willapa Hills 1",0,0,0,NA
"449","Beaver","Unnamed: Willapa Hills 4",0,0,0,NA
"450","Beaver","Stearns Creek",0,0,0.512829215931457,NA
"451","Beaver","Bunker Creek",3,203,0.965908152405042,NA
"452","Beaver","Unnamed: Central Lowlands 9",2,133,0.531428857209527,NA
"453","Beaver","Newaukum River",344,21671,1.167804855913,2394.00027042334
"454","Beaver","Dillenbaugh Creek",1,97,0.941534512828308,NA
"455","Beaver","Unnamed: Central Lowlands 8",0,0,0.626119191085698,NA
"456","Beaver","Salzer Creek",1,34,0.902432698713153,NA
"457","Beaver","Unnamed: Cascade Mountains 1",0,0,0.400145066393178,NA
"458","Beaver","Unnamed: Central Lowlands 7",0,0,0.24814419180656,NA
"459","Beaver","Skookumchuck River",571,36246,1.34781153045624,2212.69370478028
"460","Beaver","Lincoln Creek",73,4626,1.14347240021916,581.808662073612
"461","Beaver","Unnamed: Central Lowlands 6",52,3259,1.68159169051535,128.292009899186
"462","Beaver","Unnamed: Black River 1",55,4020,1.34180991634434,215.908146224152
"463","Beaver","Scatter Creek",328,20689,1.52884080575406,948.224453996721
"464","Beaver","Black River",147,9557,1.06111319275761,2552.37261051041
"465","Beaver","Unnamed: Central Lowlands 5",0,0,0,NA
"466","Beaver","Garrard Creek",135,8546,1.14894014221314,1041.40439839788
"467","Beaver","Unnamed: Black Hills 5",0,0,0,NA
"468","Beaver","Unnamed: Central Lowlands 4",0,0,0.790390109969734,NA
"469","Beaver","Rock Creek (Lower Chehalis)",438,27559,1.41887140568338,1483.66698527775
"470","Beaver","Cedar Creek",819,51584,1.66241730085235,2055.3807511461
"471","Beaver","Unnamed: Black Hills 4",30,1892,1.30305516020798,128.991879826139
"472","Beaver","Unnamed: Central Lowlands 3",0,0,0.505459274547051,NA
"473","Beaver","Porter Creek",415,26155,1.47075788616163,1296.55719149762
"474","Beaver","Unnamed: Black Hills 3",0,0,0,NA
"475","Beaver","Mox Chehalis Creek",462,29081,1.46954024710848,1445.9412123776
"476","Beaver","Unnamed: Black Hills 2",0,0,0,NA
"477","Beaver","Unnamed: Central Lowlands 2",0,0,0.642146624376436,NA
"478","Beaver","Cloquallum Creek",822,52328,1.22439926053533,4485.11367532594
"479","Beaver","Unnamed: Black Hills 1",0,13,0.867916784457936,NA
"480","Beaver","Unnamed: Central Lowlands 1",0,0,0,NA
"481","Beaver","Satsop River",5568,353929,1.45049372417444,17927.7726254761
"482","Beaver","Unnamed: Olympic Mountains 1",0,0,0.227427297070959,NA
"483","Beaver","Wynoochee River",3653,230492,1.52880918826062,10560.9737665218
"484","Beaver","Wishkah River",0,0,0.518828266716803,NA
"485","Beaver","Hoquiam River",421,27230,1.1110128108132,4213.35510673105
"486","Beaver","Humptulips River",4163,262319,1.48340394444999,12774.8453268655
"487","Beaver","Johns River",1,75,0.909135213255497,NA
"488","Beaver","Elk River",85,5419,1.14339916477782,677.751011707041
"489","Beaver","Andrews",7,430,1.00605144006619,1163.74945524209
"490","Beaver","Upper Chehalis Estuary",0,0,0,NA
"491","Beaver","Lower Chehalis Estuary",0,0,0,NA
"492","Beaver","Upper Skookumchuck",0,0,0,NA
"493","Beaver","Mainstem: Upper Chehalis 1",0,0,0,NA
"494","Beaver","Mainstem: Upper Chehalis 2",0,0,0,NA
"495","Beaver","Mainstem: Middle Chehalis 1",0,0,0,NA
"496","Beaver","Mainstem: Middle Chehalis 2",0,0,0,NA
"497","Beaver","Mainstem: Middle Chehalis 3",0,0,0,NA
"498","Beaver","Mainstem: Lower Chehalis 1",56,3522,2.40692406474383,95.8031431854116
"499","Beaver","Mainstem: Lower Chehalis 2",0,0,0,NA
"500","Beaver","Mainstem: Lower Chehalis 3",0,0,0,NA
"501","Beaver","Mainstem: Lower Chehalis 4",89,5628,2.93369847002807,135.025790152644
"502","Beaver","Mainstem: Lower Chehalis 5",0,0,0,NA
"503","Beaver","Mainstem: Lower Chehalis 6",0,0,0,NA
"504","Beaver","Mainstem: Lower Chehalis 7",2278,143511,2.16087983793995,4240.30473262628
"505","Floodplain","Upper Chehalis: Above Proposed Dam",0,0,0,NA
"506","Floodplain","Upper Chehalis: Proposed Dam to Elk Creek",0,0,0,NA
"507","Floodplain","Elk Creek",0,0,0,NA
"508","Floodplain","Unnamed: Willapa Hills 3",0,0,0,NA
"509","Floodplain","South Fork Chehalis",7,443,1.03251897389352,222.258944606309
"510","Floodplain","Unnamed: Willapa Hills 2",0,0,0,NA
"511","Floodplain","Unnamed: Willapa Hills 1",0,0,0,NA
"512","Floodplain","Unnamed: Willapa Hills 4",0,0,0,NA
"513","Floodplain","Stearns Creek",0,0,0.51467983824739,NA
"514","Floodplain","Bunker Creek",4,235,0.97910939477817,NA
"515","Floodplain","Unnamed: Central Lowlands 9",2,154,0.598545712039399,NA
"516","Floodplain","Newaukum River",350,22065,1.16803607929724,2432.88601747767
"517","Floodplain","Dillenbaugh Creek",1,109,0.943616122540245,NA
"518","Floodplain","Unnamed: Central Lowlands 8",0,0,0.63000707232804,NA
"519","Floodplain","Salzer Creek",1,38,0.907465205944462,NA
"520","Floodplain","Unnamed: Cascade Mountains 1",0,0,0.419650029570651,NA
"521","Floodplain","Unnamed: Central Lowlands 7",0,0,0.250544438383078,NA
"522","Floodplain","Skookumchuck River",852,54118,1.35451421653013,3255.28867016702
"523","Floodplain","Lincoln Creek",85,5364,1.14511920870016,670.725354771065
"524","Floodplain","Unnamed: Central Lowlands 6",60,3781,1.69870595314263,145.873033899501
"525","Floodplain","Unnamed: Black River 1",64,4665,1.34817114147056,247.817647061975
"526","Floodplain","Scatter Creek",381,24005,1.53056945936472,1099.09636471762
"527","Floodplain","Black River",259,16843,1.10024303100325,2842.72075752172
"528","Floodplain","Unnamed: Central Lowlands 5",0,0,0,NA
"529","Floodplain","Garrard Creek",157,9888,1.14982215153538,1204.90912686185
"530","Floodplain","Unnamed: Black Hills 5",0,0,0,NA
"531","Floodplain","Unnamed: Central Lowlands 4",0,0,0.799294502822989,NA
"532","Floodplain","Rock Creek (Lower Chehalis)",507,31925,1.4198115388315,1714.6847659099
"533","Floodplain","Cedar Creek",950,59853,1.66335240083217,2382.1196377796
"534","Floodplain","Unnamed: Black Hills 4",35,2195,1.31404107000555,146.450390865696
"535","Floodplain","Unnamed: Central Lowlands 3",0,0,0.510341549536727,NA
"536","Floodplain","Porter Creek",481,30306,1.47191445657636,1500.25252192855
"537","Floodplain","Unnamed: Black Hills 3",0,0,0,NA
"538","Floodplain","Mox Chehalis Creek",521,32793,1.45968530240558,1654.38407226324
"539","Floodplain","Unnamed: Black Hills 2",0,0,0,NA
"540","Floodplain","Unnamed: Central Lowlands 2",0,0,0.642366920975951,NA
"541","Floodplain","Cloquallum Creek",976,62191,1.23330890172968,5159.29516261162
"542","Floodplain","Unnamed: Black Hills 1",0,15,0.868454917072263,NA
"543","Floodplain","Unnamed: Central Lowlands 1",0,0,0,NA
"544","Floodplain","Satsop River",6330,402806,1.44740745266788,20478.1773766941
"545","Floodplain","Unnamed: Olympic Mountains 1",0,0,0.227501810041109,NA
"546","Floodplain","Wynoochee River",4646,293189,1.51704669536345,13631.6487656964
"547","Floodplain","Wishkah River",0,0,0.533921161090957,NA
"548","Floodplain","Hoquiam River",546,35352,1.12776997832405,4819.30431735102
"549","Floodplain","Humptulips River",4780,301181,1.46577666313972,15042.4291388471
"550","Floodplain","Johns River",1,84,0.909627203986813,NA
"551","Floodplain","Elk River",98,6280,1.14479558737868,774.816205342659
"552","Floodplain","Andrews",8,488,1.00876212402425,921.020630370003
"553","Floodplain","Upper Chehalis Estuary",0,0,0,NA
"554","Floodplain","Lower Chehalis Estuary",0,0,0,NA
"555","Floodplain","Upper Skookumchuck",0,0,0,NA
"556","Floodplain","Mainstem: Upper Chehalis 1",0,0,0,NA
"557","Floodplain","Mainstem: Upper Chehalis 2",0,0,0,NA
"558","Floodplain","Mainstem: Middle Chehalis 1",0,0,0,NA
"559","Floodplain","Mainstem: Middle Chehalis 2",0,0,0,NA
"560","Floodplain","Mainstem: Middle Chehalis 3",0,0,0,NA
"561","Floodplain","Mainstem: Lower Chehalis 1",56,3538,2.40937553818249,95.7339094392236
"562","Floodplain","Mainstem: Lower Chehalis 2",0,0,0,NA
"563","Floodplain","Mainstem: Lower Chehalis 3",0,0,0,NA
"564","Floodplain","Mainstem: Lower Chehalis 4",89,5628,2.93369847002807,135.025790152644
"565","Floodplain","Mainstem: Lower Chehalis 5",0,0,0,NA
"566","Floodplain","Mainstem: Lower Chehalis 6",39,2430,2.34288426880223,68.0419665387737
"567","Floodplain","Mainstem: Lower Chehalis 7",2278,143511,2.16087983793995,4240.30473262628
"568","FP.wood.comb","Upper Chehalis: Above Proposed Dam",0,0,0,NA
"569","FP.wood.comb","Upper Chehalis: Proposed Dam to Elk Creek",0,0,0,NA
"570","FP.wood.comb","Elk Creek",0,0,0,NA
"571","FP.wood.comb","Unnamed: Willapa Hills 3",0,0,0,NA
"572","FP.wood.comb","South Fork Chehalis",7,443,1.03251897389352,222.258944606309
"573","FP.wood.comb","Unnamed: Willapa Hills 2",0,0,0,NA
"574","FP.wood.comb","Unnamed: Willapa Hills 1",0,0,0,NA
"575","FP.wood.comb","Unnamed: Willapa Hills 4",0,0,0,NA
"576","FP.wood.comb","Stearns Creek",0,0,0.644638673512848,NA
"577","FP.wood.comb","Bunker Creek",8,508,1.05681935132335,148.797101932292
"578","FP.wood.comb","Unnamed: Central Lowlands 9",2,154,0.598545712039399,NA
"579","FP.wood.comb","Newaukum River",356,22440,1.17152049193136,2431.55374865921
"580","FP.wood.comb","Dillenbaugh Creek",29,2679,1.08251465901348,380.452703637339
"581","FP.wood.comb","Unnamed: Central Lowlands 8",6,369,1.01114383672637,544.414205746791
"582","FP.wood.comb","Salzer Creek",7,456,1.0212942627186,335.72704223213
"583","FP.wood.comb","Unnamed: Cascade Mountains 1",0,15,0.583738173632464,NA
"584","FP.wood.comb","Unnamed: Central Lowlands 7",0,0,0.250544438383078,NA
"585","FP.wood.comb","Skookumchuck River",868,55385,1.36590478058433,3240.20185703465
"586","FP.wood.comb","Lincoln Creek",132,8333,1.24973037449123,660.570063889594
"587","FP.wood.comb","Unnamed: Central Lowlands 6",64,4049,1.79570081565734,144.432241290501
"588","FP.wood.comb","Unnamed: Black River 1",74,5429,1.43667198533031,243.463584763802
"589","FP.wood.comb","Scatter Creek",381,24005,1.53056945936472,1099.09636471762
"590","FP.wood.comb","Black River",705,45784,1.29859459092712,3066.06085448837
"591","FP.wood.comb","Unnamed: Central Lowlands 5",0,0,0,NA
"592","FP.wood.comb","Garrard Creek",305,19224,1.33403025686802,1218.09093631153
"593","FP.wood.comb","Unnamed: Black Hills 5",0,0,0,NA
"594","FP.wood.comb","Unnamed: Central Lowlands 4",18,1133,1.29605257693627,78.8000112219087
"595","FP.wood.comb","Rock Creek (Lower Chehalis)",613,38615,1.55258863026378,1722.32430822433
"596","FP.wood.comb","Cedar Creek",1088,68539,1.84158481363675,2380.7989934828
"597","FP.wood.comb","Unnamed: Black Hills 4",55,3475,1.67097052510177,136.970813832184
"598","FP.wood.comb","Unnamed: Central Lowlands 3",0,0,0.537333318653141,NA
"599","FP.wood.comb","Porter Creek",617,38851,1.70058757926531,1497.68932173624
"600","FP.wood.comb","Unnamed: Black Hills 3",0,0,0,NA
"601","FP.wood.comb","Mox Chehalis Creek",563,35468,1.51714235997811,1651.67507976687
"602","FP.wood.comb","Unnamed: Black Hills 2",0,0,0,NA
"603","FP.wood.comb","Unnamed: Central Lowlands 2",0,3,0.814448413681159,NA
"604","FP.wood.comb","Cloquallum Creek",1344,85823,1.35330165291671,5148.11466774784
"605","FP.wood.comb","Unnamed: Black Hills 1",6,393,0.952258874399619,NA
"606","FP.wood.comb","Unnamed: Central Lowlands 1",0,0,0,NA
"607","FP.wood.comb","Satsop River",6347,406950,1.45410063078721,20324.0781401405
"608","FP.wood.comb","Unnamed: Olympic Mountains 1",0,0,0.227501810041109,NA
"609","FP.wood.comb","Wynoochee River",4487,283586,1.49155288884628,13615.214077902
"610","FP.wood.comb","Wishkah River",0,0,0.647704004807644,NA
"611","FP.wood.comb","Hoquiam River",1141,74206,1.30419731046915,4891.85499027022
"612","FP.wood.comb","Humptulips River",4845,305389,1.47538596272846,15036.7186872584
"613","FP.wood.comb","Johns River",70,4385,1.04972794780469,1477.65913515945
"614","FP.wood.comb","Elk River",215,13772,1.39052860589136,765.535855137358
"615","FP.wood.comb","Andrews",73,4623,1.29528161511635,320.221622555927
"616","FP.wood.comb","Upper Chehalis Estuary",0,0,0,NA
"617","FP.wood.comb","Lower Chehalis Estuary",0,0,0,NA
"618","FP.wood.comb","Upper Skookumchuck",0,0,0,NA
"619","FP.wood.comb","Mainstem: Upper Chehalis 1",0,0,0,NA
"620","FP.wood.comb","Mainstem: Upper Chehalis 2",0,0,0,NA
"621","FP.wood.comb","Mainstem: Middle Chehalis 1",0,0,0,NA
"622","FP.wood.comb","Mainstem: Middle Chehalis 2",0,0,0,NA
"623","FP.wood.comb","Mainstem: Middle Chehalis 3",0,0,0,NA
"624","FP.wood.comb","Mainstem: Lower Chehalis 1",72,4561,2.40937553818249,123.086454993287
"625","FP.wood.comb","Mainstem: Lower Chehalis 2",0,0,0,NA
"626","FP.wood.comb","Mainstem: Lower Chehalis 3",0,0,0,NA
"627","FP.wood.comb","Mainstem: Lower Chehalis 4",114,7208,2.93369847002807,172.95438289215
"628","FP.wood.comb","Mainstem: Lower Chehalis 5",0,0,0,NA
"629","FP.wood.comb","Mainstem: Lower Chehalis 6",76,4790,2.34288426880223,132.594601460174
"630","FP.wood.comb","Mainstem: Lower Chehalis 7",2597,163594,2.16087983793995,4834.09630844182
"631","Historical","Upper Chehalis: Above Proposed Dam",0,0,0,NA
"632","Historical","Upper Chehalis: Proposed Dam to Elk Creek",0,0,0,NA
"633","Historical","Elk Creek",0,0,0,NA
"634","Historical","Unnamed: Willapa Hills 3",0,0,0,NA
"635","Historical","South Fork Chehalis",32,1992,1.75004856984904,74.6639037608468
"636","Historical","Unnamed: Willapa Hills 2",0,0,0,NA
"637","Historical","Unnamed: Willapa Hills 1",0,0,0,NA
"638","Historical","Unnamed: Willapa Hills 4",0,0,0,NA
"639","Historical","Stearns Creek",0,0,0.788771103659302,NA
"640","Historical","Bunker Creek",26,1633,1.73302610800409,61.469405135915
"641","Historical","Unnamed: Central Lowlands 9",67,4230,2.57984611194951,109.40919384061
"642","Historical","Newaukum River",1025,64571,1.76538939061051,2364.18762472316
"643","Historical","Dillenbaugh Creek",435,27376,2.61800394610086,703.849776941696
"644","Historical","Unnamed: Central Lowlands 8",31,1964,1.59600400502831,83.013073298941
"645","Historical","Salzer Creek",82,5178,1.40167115958745,286.147094066251
"646","Historical","Unnamed: Cascade Mountains 1",28,1741,1.24828668720914,140.772860739064
"647","Historical","Unnamed: Central Lowlands 7",6,390,1.02851458830903,216.418608712625
"648","Historical","Skookumchuck River",2097,132096,1.95226165721349,4299.12583811916
"649","Historical","Lincoln Creek",249,15703,1.80113892351843,559.807517510754
"650","Historical","Unnamed: Central Lowlands 6",75,4738,2.55748393139873,123.154589904915
"651","Historical","Unnamed: Black River 1",110,6916,1.85183745912953,239.132616582049
"652","Historical","Scatter Creek",433,27272,1.8439677202858,946.052797627576
"653","Historical","Black River",927,58364,1.44480831618478,3011.04376957494
"654","Historical","Unnamed: Central Lowlands 5",0,0,0,NA
"655","Historical","Garrard Creek",603,37999,2.3689821113931,1043.47325014815
"656","Historical","Unnamed: Black Hills 5",0,0,0,NA
"657","Historical","Unnamed: Central Lowlands 4",121,7646,1.36960935679226,448.372664615763
"658","Historical","Rock Creek (Lower Chehalis)",829,52209,2.26570881782576,1483.96896942226
"659","Historical","Cedar Creek",1392,87664,3.11408124132307,2050.44205643149
"660","Historical","Unnamed: Black Hills 4",68,4267,2.39694723821595,116.677572165748
"661","Historical","Unnamed: Central Lowlands 3",27,1700,1.48011348562692,83.236704046636
"662","Historical","Porter Creek",817,51476,2.73018214560622,1289.20461849914
"663","Historical","Unnamed: Black Hills 3",0,0,0,NA
"664","Historical","Mox Chehalis Creek",895,56393,2.33401510722414,1565.90694487137
"665","Historical","Unnamed: Black Hills 2",0,0,0,NA
"666","Historical","Unnamed: Central Lowlands 2",446,28096,1.45552086945924,1425.09893904412
"667","Historical","Cloquallum Creek",2650,166957,2.4172835511631,4519.77404614995
"668","Historical","Unnamed: Black Hills 1",469,29542,1.80455143512912,1051.93351987462
"669","Historical","Unnamed: Central Lowlands 1",0,0,0,NA
"670","Historical","Satsop River",11759,740681,2.48053081957594,19701.4216264327
"671","Historical","Unnamed: Olympic Mountains 1",0,0,0.227504950158258,NA
"672","Historical","Wynoochee River",7421,467487,2.20816464154485,13563.3747598762
"673","Historical","Wishkah River",899,56630,1.13020579074511,7803.45482382474
"674","Historical","Hoquiam River",2485,156511,2.27883843522925,4428.16962295127
"675","Historical","Humptulips River",7685,484138,1.99550841277121,15404.6735872951
"676","Historical","Johns River",471,29661,1.67467844284234,1169.11034426376
"677","Historical","Elk River",358,22520,2.16404070652186,665.549382074187
"678","Historical","Andrews",149,9386,2.25636818523534,267.595807941515
"679","Historical","Upper Chehalis Estuary",0,0,0,NA
"680","Historical","Lower Chehalis Estuary",0,0,0,NA
"681","Historical","Upper Skookumchuck",0,0,0,NA
"682","Historical","Mainstem: Upper Chehalis 1",0,0,0,NA
"683","Historical","Mainstem: Upper Chehalis 2",0,0,0,NA
"684","Historical","Mainstem: Middle Chehalis 1",0,0,0,NA
"685","Historical","Mainstem: Middle Chehalis 2",0,0,0,NA
"686","Historical","Mainstem: Middle Chehalis 3",0,0,0,NA
"687","Historical","Mainstem: Lower Chehalis 1",113,7142,3.81421796245244,153.15325092358
"688","Historical","Mainstem: Lower Chehalis 2",0,0,0,NA
"689","Historical","Mainstem: Lower Chehalis 3",0,0,0,NA
"690","Historical","Mainstem: Lower Chehalis 4",147,9266,3.80872822246083,199.336854389994
"691","Historical","Mainstem: Lower Chehalis 5",0,0,0,NA
"692","Historical","Mainstem: Lower Chehalis 6",122,7695,3.8188852386506,165.279519977337
"693","Historical","Mainstem: Lower Chehalis 7",3257,205192,3.83097700656971,4407.48620756779
"694","ASRP.scenario.1.2040","Upper Chehalis: Above Proposed Dam",0,0,0,NA
"695","ASRP.scenario.1.2040","Upper Chehalis: Proposed Dam to Elk Creek",0,0,0,NA
"696","ASRP.scenario.1.2040","Elk Creek",0,0,0,NA
"697","ASRP.scenario.1.2040","Unnamed: Willapa Hills 3",0,0,0,NA
"698","ASRP.scenario.1.2040","South Fork Chehalis",7,431,1.03022179156768,238.62094756437
"699","ASRP.scenario.1.2040","Unnamed: Willapa Hills 2",0,0,0,NA
"700","ASRP.scenario.1.2040","Unnamed: Willapa Hills 1",0,0,0,NA
"701","ASRP.scenario.1.2040","Unnamed: Willapa Hills 4",0,0,0,NA
"702","ASRP.scenario.1.2040","Stearns Creek",0,0,0.514067741135008,NA
"703","ASRP.scenario.1.2040","Bunker Creek",4,221,0.974735236910105,NA
"704","ASRP.scenario.1.2040","Unnamed: Central Lowlands 9",2,147,0.574713377663807,NA
"705","ASRP.scenario.1.2040","Newaukum River",344,21658,1.17149639421187,2349.87307727895
"706","ASRP.scenario.1.2040","Dillenbaugh Creek",1,97,0.942931624708435,NA
"707","ASRP.scenario.1.2040","Unnamed: Central Lowlands 8",0,0,0.628725197395366,NA
"708","ASRP.scenario.1.2040","Salzer Creek",1,35,0.905764662482925,NA
"709","ASRP.scenario.1.2040","Unnamed: Cascade Mountains 1",0,0,0.41303932297598,NA
"710","ASRP.scenario.1.2040","Unnamed: Central Lowlands 7",0,0,0.2497512283637,NA
"711","ASRP.scenario.1.2040","Skookumchuck River",737,46791,1.36915512311257,2733.45068930892
"712","ASRP.scenario.1.2040","Lincoln Creek",81,5090,1.14457796655891,641.251343464546
"713","ASRP.scenario.1.2040","Unnamed: Central Lowlands 6",57,3592,1.69304830671265,139.245349202813
"714","ASRP.scenario.1.2040","Unnamed: Black River 1",61,4432,1.34607583232145,237.26194695774
"715","ASRP.scenario.1.2040","Scatter Creek",362,22805,1.5300014357856,1045.01701761133
"716","ASRP.scenario.1.2040","Black River",776,48889,1.34676736643842,3013.81149872937
"717","ASRP.scenario.1.2040","Unnamed: Central Lowlands 5",0,0,0,NA
"718","ASRP.scenario.1.2040","Garrard Creek",149,9380,1.14953184253142,1145.44328243126
"719","ASRP.scenario.1.2040","Unnamed: Black Hills 5",0,0,0,NA
"720","ASRP.scenario.1.2040","Unnamed: Central Lowlands 4",0,0,0.796348759264887,NA
"721","ASRP.scenario.1.2040","Rock Creek (Lower Chehalis)",482,30343,1.41950208682548,1630.98117348466
"722","ASRP.scenario.1.2040","Cedar Creek",903,56860,1.66304525057889,2264.89799898515
"723","ASRP.scenario.1.2040","Unnamed: Black Hills 4",33,2086,1.31041354499267,139.309793925969
"724","ASRP.scenario.1.2040","Unnamed: Central Lowlands 3",0,0,0.508728117697077,NA
"725","ASRP.scenario.1.2040","Porter Creek",457,28803,1.47153389035761,1426.17742148589
"726","ASRP.scenario.1.2040","Unnamed: Black Hills 3",0,0,0,NA
"727","ASRP.scenario.1.2040","Mox Chehalis Creek",496,31242,1.45936250038868,1575.75727139311
"728","ASRP.scenario.1.2040","Unnamed: Black Hills 2",0,0,0,NA
"729","ASRP.scenario.1.2040","Unnamed: Central Lowlands 2",0,0,0.642294571289267,NA
"730","ASRP.scenario.1.2040","Cloquallum Creek",929,59159,1.23323341705562,4912.13419975521
"731","ASRP.scenario.1.2040","Unnamed: Black Hills 1",0,13,0.868278150999482,NA
"732","ASRP.scenario.1.2040","Unnamed: Central Lowlands 1",0,0,0,NA
"733","ASRP.scenario.1.2040","Satsop River",6033,380732,1.46049628352384,19134.0829312974
"734","ASRP.scenario.1.2040","Unnamed: Olympic Mountains 1",0,0,0.227465941684677,NA
"735","ASRP.scenario.1.2040","Wynoochee River",4060,256149,1.53291710459281,11678.4456550746
"736","ASRP.scenario.1.2040","Wishkah River",0,0,0.749107138522456,NA
"737","ASRP.scenario.1.2040","Hoquiam River",760,48756,1.1968663112487,4620.48783653943
"738","ASRP.scenario.1.2040","Humptulips River",4453,280556,1.48677751967072,13600.916286299
"739","ASRP.scenario.1.2040","Johns River",1,74,0.909464589695382,NA
"740","ASRP.scenario.1.2040","Elk River",93,5954,1.14433670472562,737.326750959087
"741","ASRP.scenario.1.2040","Andrews",7,447,1.00787047849394,896.399546086829
"742","ASRP.scenario.1.2040","Upper Chehalis Estuary",0,0,0,NA
"743","ASRP.scenario.1.2040","Lower Chehalis Estuary",0,0,0,NA
"744","ASRP.scenario.1.2040","Upper Skookumchuck",0,0,0,NA
"745","ASRP.scenario.1.2040","Mainstem: Upper Chehalis 1",0,0,0,NA
"746","ASRP.scenario.1.2040","Mainstem: Upper Chehalis 2",0,0,0,NA
"747","ASRP.scenario.1.2040","Mainstem: Middle Chehalis 1",0,0,0,NA
"748","ASRP.scenario.1.2040","Mainstem: Middle Chehalis 2",0,0,0,NA
"749","ASRP.scenario.1.2040","Mainstem: Middle Chehalis 3",0,0,0,NA
"750","ASRP.scenario.1.2040","Mainstem: Lower Chehalis 1",56,3523,2.40716821060098,95.7962372786146
"751","ASRP.scenario.1.2040","Mainstem: Lower Chehalis 2",0,0,0,NA
"752","ASRP.scenario.1.2040","Mainstem: Lower Chehalis 3",0,0,0,NA
"753","ASRP.scenario.1.2040","Mainstem: Lower Chehalis 4",89,5622,2.93318149020904,135.038098570029
"754","ASRP.scenario.1.2040","Mainstem: Lower Chehalis 5",0,0,0,NA
"755","ASRP.scenario.1.2040","Mainstem: Lower Chehalis 6",0,0,0,NA
"756","ASRP.scenario.1.2040","Mainstem: Lower Chehalis 7",2331,146854,2.16080452642175,4339.09003319916
"757","ASRP.scenario.1.2080","Upper Chehalis: Above Proposed Dam",0,0,0,NA
"758","ASRP.scenario.1.2080","Upper Chehalis: Proposed Dam to Elk Creek",0,0,0,NA
"759","ASRP.scenario.1.2080","Elk Creek",0,0,0,NA
"760","ASRP.scenario.1.2080","Unnamed: Willapa Hills 3",0,0,0,NA
"761","ASRP.scenario.1.2080","South Fork Chehalis",7,431,1.03022179156768,238.62094756437
"762","ASRP.scenario.1.2080","Unnamed: Willapa Hills 2",0,0,0,NA
"763","ASRP.scenario.1.2080","Unnamed: Willapa Hills 1",0,0,0,NA
"764","ASRP.scenario.1.2080","Unnamed: Willapa Hills 4",0,0,0,NA
"765","ASRP.scenario.1.2080","Stearns Creek",0,0,0.514067741135008,NA
"766","ASRP.scenario.1.2080","Bunker Creek",4,221,0.974735236910105,NA
"767","ASRP.scenario.1.2080","Unnamed: Central Lowlands 9",2,147,0.574713377663807,NA
"768","ASRP.scenario.1.2080","Newaukum River",344,21658,1.17149639421187,2349.87307727895
"769","ASRP.scenario.1.2080","Dillenbaugh Creek",1,97,0.942931624708435,NA
"770","ASRP.scenario.1.2080","Unnamed: Central Lowlands 8",0,0,0.628725197395366,NA
"771","ASRP.scenario.1.2080","Salzer Creek",1,35,0.905764662482925,NA
"772","ASRP.scenario.1.2080","Unnamed: Cascade Mountains 1",0,0,0.41303932297598,NA
"773","ASRP.scenario.1.2080","Unnamed: Central Lowlands 7",0,0,0.2497512283637,NA
"774","ASRP.scenario.1.2080","Skookumchuck River",737,46791,1.36915512311257,2733.45068930892
"775","ASRP.scenario.1.2080","Lincoln Creek",81,5090,1.14457796655891,641.251343464546
"776","ASRP.scenario.1.2080","Unnamed: Central Lowlands 6",57,3592,1.69304830671265,139.245349202813
"777","ASRP.scenario.1.2080","Unnamed: Black River 1",61,4432,1.34607583232145,237.26194695774
"778","ASRP.scenario.1.2080","Scatter Creek",362,22805,1.5300014357856,1045.01701761133
"779","ASRP.scenario.1.2080","Black River",776,48889,1.34676736643842,3013.81149872937
"780","ASRP.scenario.1.2080","Unnamed: Central Lowlands 5",0,0,0,NA
"781","ASRP.scenario.1.2080","Garrard Creek",149,9380,1.14953184253142,1145.44328243126
"782","ASRP.scenario.1.2080","Unnamed: Black Hills 5",0,0,0,NA
"783","ASRP.scenario.1.2080","Unnamed: Central Lowlands 4",0,0,0.796348759264887,NA
"784","ASRP.scenario.1.2080","Rock Creek (Lower Chehalis)",482,30343,1.41950208682548,1630.98117348466
"785","ASRP.scenario.1.2080","Cedar Creek",903,56860,1.66304525057889,2264.89799898515
"786","ASRP.scenario.1.2080","Unnamed: Black Hills 4",33,2086,1.31041354499267,139.309793925969
"787","ASRP.scenario.1.2080","Unnamed: Central Lowlands 3",0,0,0.508728117697077,NA
"788","ASRP.scenario.1.2080","Porter Creek",457,28803,1.47153389035761,1426.17742148589
"789","ASRP.scenario.1.2080","Unnamed: Black Hills 3",0,0,0,NA
"790","ASRP.scenario.1.2080","Mox Chehalis Creek",496,31242,1.45936250038868,1575.75727139311
"791","ASRP.scenario.1.2080","Unnamed: Black Hills 2",0,0,0,NA
"792","ASRP.scenario.1.2080","Unnamed: Central Lowlands 2",0,0,0.642294571289267,NA
"793","ASRP.scenario.1.2080","Cloquallum Creek",929,59159,1.23323341705562,4912.13419975521
"794","ASRP.scenario.1.2080","Unnamed: Black Hills 1",0,13,0.868278150999482,NA
"795","ASRP.scenario.1.2080","Unnamed: Central Lowlands 1",0,0,0,NA
"796","ASRP.scenario.1.2080","Satsop River",6033,380732,1.46049628352384,19134.0829312974
"797","ASRP.scenario.1.2080","Unnamed: Olympic Mountains 1",0,0,0.227465941684677,NA
"798","ASRP.scenario.1.2080","Wynoochee River",4060,256149,1.53291710459281,11678.4456550746
"799","ASRP.scenario.1.2080","Wishkah River",0,0,0.749107138522456,NA
"800","ASRP.scenario.1.2080","Hoquiam River",760,48756,1.1968663112487,4620.48783653943
"801","ASRP.scenario.1.2080","Humptulips River",4453,280556,1.48677751967072,13600.916286299
"802","ASRP.scenario.1.2080","Johns River",1,74,0.909464589695382,NA
"803","ASRP.scenario.1.2080","Elk River",93,5954,1.14433670472562,737.326750959087
"804","ASRP.scenario.1.2080","Andrews",7,447,1.00787047849394,896.399546086829
"805","ASRP.scenario.1.2080","Upper Chehalis Estuary",0,0,0,NA
"806","ASRP.scenario.1.2080","Lower Chehalis Estuary",0,0,0,NA
"807","ASRP.scenario.1.2080","Upper Skookumchuck",0,0,0,NA
"808","ASRP.scenario.1.2080","Mainstem: Upper Chehalis 1",0,0,0,NA
"809","ASRP.scenario.1.2080","Mainstem: Upper Chehalis 2",0,0,0,NA
"810","ASRP.scenario.1.2080","Mainstem: Middle Chehalis 1",0,0,0,NA
"811","ASRP.scenario.1.2080","Mainstem: Middle Chehalis 2",0,0,0,NA
"812","ASRP.scenario.1.2080","Mainstem: Middle Chehalis 3",0,0,0,NA
"813","ASRP.scenario.1.2080","Mainstem: Lower Chehalis 1",56,3523,2.40716821060098,95.7962372786146
"814","ASRP.scenario.1.2080","Mainstem: Lower Chehalis 2",0,0,0,NA
"815","ASRP.scenario.1.2080","Mainstem: Lower Chehalis 3",0,0,0,NA
"816","ASRP.scenario.1.2080","Mainstem: Lower Chehalis 4",89,5622,2.93318149020904,135.038098570029
"817","ASRP.scenario.1.2080","Mainstem: Lower Chehalis 5",0,0,0,NA
"818","ASRP.scenario.1.2080","Mainstem: Lower Chehalis 6",0,0,0,NA
"819","ASRP.scenario.1.2080","Mainstem: Lower Chehalis 7",2331,146854,2.16080452642175,4339.09003319916
"820","ASRP.scenario.2.2040","Upper Chehalis: Above Proposed Dam",0,0,0,NA
"821","ASRP.scenario.2.2040","Upper Chehalis: Proposed Dam to Elk Creek",0,0,0,NA
"822","ASRP.scenario.2.2040","Elk Creek",0,0,0,NA
"823","ASRP.scenario.2.2040","Unnamed: Willapa Hills 3",0,0,0,NA
"824","ASRP.scenario.2.2040","South Fork Chehalis",7,431,1.03022179156768,238.62094756437
"825","ASRP.scenario.2.2040","Unnamed: Willapa Hills 2",0,0,0,NA
"826","ASRP.scenario.2.2040","Unnamed: Willapa Hills 1",0,0,0,NA
"827","ASRP.scenario.2.2040","Unnamed: Willapa Hills 4",0,0,0,NA
"828","ASRP.scenario.2.2040","Stearns Creek",0,0,0.514067741135008,NA
"829","ASRP.scenario.2.2040","Bunker Creek",3,219,0.974735236910105,NA
"830","ASRP.scenario.2.2040","Unnamed: Central Lowlands 9",2,147,0.574713377663807,NA
"831","ASRP.scenario.2.2040","Newaukum River",344,21656,1.17149639421187,2349.87307727895
"832","ASRP.scenario.2.2040","Dillenbaugh Creek",1,92,0.942931624708435,NA
"833","ASRP.scenario.2.2040","Unnamed: Central Lowlands 8",0,0,0.628725197395366,NA
"834","ASRP.scenario.2.2040","Salzer Creek",1,34,0.905764662482925,NA
"835","ASRP.scenario.2.2040","Unnamed: Cascade Mountains 1",0,0,0.41303932297598,NA
"836","ASRP.scenario.2.2040","Unnamed: Central Lowlands 7",0,0,0.2497512283637,NA
"837","ASRP.scenario.2.2040","Skookumchuck River",737,46791,1.36915512311257,2733.45068930892
"838","ASRP.scenario.2.2040","Lincoln Creek",117,7371,1.24813036019652,588.52633763695
"839","ASRP.scenario.2.2040","Unnamed: Central Lowlands 6",57,3592,1.69304830671265,139.245349202813
"840","ASRP.scenario.2.2040","Unnamed: Black River 1",61,4432,1.34607583232145,237.26194695774
"841","ASRP.scenario.2.2040","Scatter Creek",346,21765,1.52945917354467,999.49703487725
"842","ASRP.scenario.2.2040","Black River",749,47166,1.33154965357557,3008.08847113083
"843","ASRP.scenario.2.2040","Unnamed: Central Lowlands 5",0,0,0,NA
"844","ASRP.scenario.2.2040","Garrard Creek",148,9364,1.14953184253142,1137.75574362299
"845","ASRP.scenario.2.2040","Unnamed: Black Hills 5",0,0,0,NA
"846","ASRP.scenario.2.2040","Unnamed: Central Lowlands 4",0,0,0.796348759264887,NA
"847","ASRP.scenario.2.2040","Rock Creek (Lower Chehalis)",482,30343,1.41950208682548,1630.98117348466
"848","ASRP.scenario.2.2040","Cedar Creek",982,61843,1.82407307643547,2173.64189206088
"849","ASRP.scenario.2.2040","Unnamed: Black Hills 4",33,2086,1.31041354499267,139.309793925969
"850","ASRP.scenario.2.2040","Unnamed: Central Lowlands 3",0,0,0.508728117697077,NA
"851","ASRP.scenario.2.2040","Porter Creek",583,36745,1.69946375192311,1416.49565777654
"852","ASRP.scenario.2.2040","Unnamed: Black Hills 3",0,0,0,NA
"853","ASRP.scenario.2.2040","Mox Chehalis Creek",496,31242,1.45936250038868,1575.75727139311
"854","ASRP.scenario.2.2040","Unnamed: Black Hills 2",0,0,0,NA
"855","ASRP.scenario.2.2040","Unnamed: Central Lowlands 2",0,0,0.642294571289267,NA
"856","ASRP.scenario.2.2040","Cloquallum Creek",903,56860,1.23422322344143,4758.29661291594
"857","ASRP.scenario.2.2040","Unnamed: Black Hills 1",0,12,0.868278150999482,NA
"858","ASRP.scenario.2.2040","Unnamed: Central Lowlands 1",0,0,0,NA
"859","ASRP.scenario.2.2040","Satsop River",6046,381471,1.45827936254185,19238.8262413254
"860","ASRP.scenario.2.2040","Unnamed: Olympic Mountains 1",0,0,0.227465941684677,NA
"861","ASRP.scenario.2.2040","Wynoochee River",4112,259481,1.53608511377817,11782.4237709938
"862","ASRP.scenario.2.2040","Wishkah River",0,0,0.757256509795349,NA
"863","ASRP.scenario.2.2040","Hoquiam River",760,48738,1.1968663112487,4620.48783653943
"864","ASRP.scenario.2.2040","Humptulips River",4543,286230,1.50325425518197,13570.2460753607
"865","ASRP.scenario.2.2040","Johns River",27,1676,0.99899684081002,NA
"866","ASRP.scenario.2.2040","Elk River",93,5943,1.14433670472562,737.326750959087
"867","ASRP.scenario.2.2040","Andrews",7,433,1.00787047849394,896.399546086829
"868","ASRP.scenario.2.2040","Upper Chehalis Estuary",0,0,0,NA
"869","ASRP.scenario.2.2040","Lower Chehalis Estuary",0,0,0,NA
"870","ASRP.scenario.2.2040","Upper Skookumchuck",0,0,0,NA
"871","ASRP.scenario.2.2040","Mainstem: Upper Chehalis 1",0,0,0,NA
"872","ASRP.scenario.2.2040","Mainstem: Upper Chehalis 2",0,0,0,NA
"873","ASRP.scenario.2.2040","Mainstem: Middle Chehalis 1",0,0,0,NA
"874","ASRP.scenario.2.2040","Mainstem: Middle Chehalis 2",0,0,0,NA
"875","ASRP.scenario.2.2040","Mainstem: Middle Chehalis 3",0,0,0,NA
"876","ASRP.scenario.2.2040","Mainstem: Lower Chehalis 1",56,3523,2.40716821060098,95.7962372786146
"877","ASRP.scenario.2.2040","Mainstem: Lower Chehalis 2",0,0,0,NA
"878","ASRP.scenario.2.2040","Mainstem: Lower Chehalis 3",0,0,0,NA
"879","ASRP.scenario.2.2040","Mainstem: Lower Chehalis 4",89,5622,2.93318149020904,135.038098570029
"880","ASRP.scenario.2.2040","Mainstem: Lower Chehalis 5",0,0,0,NA
"881","ASRP.scenario.2.2040","Mainstem: Lower Chehalis 6",0,0,0,NA
"882","ASRP.scenario.2.2040","Mainstem: Lower Chehalis 7",2331,146854,2.16080452642175,4339.09003319916
"883","ASRP.scenario.2.2080","Upper Chehalis: Above Proposed Dam",0,0,0,NA
"884","ASRP.scenario.2.2080","Upper Chehalis: Proposed Dam to Elk Creek",0,0,0,NA
"885","ASRP.scenario.2.2080","Elk Creek",0,0,0,NA
"886","ASRP.scenario.2.2080","Unnamed: Willapa Hills 3",0,0,0,NA
"887","ASRP.scenario.2.2080","South Fork Chehalis",7,431,1.03022179156768,238.62094756437
"888","ASRP.scenario.2.2080","Unnamed: Willapa Hills 2",0,0,0,NA
"889","ASRP.scenario.2.2080","Unnamed: Willapa Hills 1",0,0,0,NA
"890","ASRP.scenario.2.2080","Unnamed: Willapa Hills 4",0,0,0,NA
"891","ASRP.scenario.2.2080","Stearns Creek",0,0,0.514067741135008,NA
"892","ASRP.scenario.2.2080","Bunker Creek",3,219,0.974735236910105,NA
"893","ASRP.scenario.2.2080","Unnamed: Central Lowlands 9",2,147,0.574713377663807,NA
"894","ASRP.scenario.2.2080","Newaukum River",344,21656,1.17149639421187,2349.87307727895
"895","ASRP.scenario.2.2080","Dillenbaugh Creek",1,92,0.942931624708435,NA
"896","ASRP.scenario.2.2080","Unnamed: Central Lowlands 8",0,0,0.628725197395366,NA
"897","ASRP.scenario.2.2080","Salzer Creek",1,34,0.905764662482925,NA
"898","ASRP.scenario.2.2080","Unnamed: Cascade Mountains 1",0,0,0.41303932297598,NA
"899","ASRP.scenario.2.2080","Unnamed: Central Lowlands 7",0,0,0.2497512283637,NA
"900","ASRP.scenario.2.2080","Skookumchuck River",737,46791,1.36915512311257,2733.45068930892
"901","ASRP.scenario.2.2080","Lincoln Creek",117,7371,1.24813036019652,588.52633763695
"902","ASRP.scenario.2.2080","Unnamed: Central Lowlands 6",57,3592,1.69304830671265,139.245349202813
"903","ASRP.scenario.2.2080","Unnamed: Black River 1",61,4432,1.34607583232145,237.26194695774
"904","ASRP.scenario.2.2080","Scatter Creek",346,21765,1.52945917354467,999.49703487725
"905","ASRP.scenario.2.2080","Black River",749,47166,1.33154965357557,3008.08847113083
"906","ASRP.scenario.2.2080","Unnamed: Central Lowlands 5",0,0,0,NA
"907","ASRP.scenario.2.2080","Garrard Creek",148,9364,1.14953184253142,1137.75574362299
"908","ASRP.scenario.2.2080","Unnamed: Black Hills 5",0,0,0,NA
"909","ASRP.scenario.2.2080","Unnamed: Central Lowlands 4",0,0,0.796348759264887,NA
"910","ASRP.scenario.2.2080","Rock Creek (Lower Chehalis)",482,30343,1.41950208682548,1630.98117348466
"911","ASRP.scenario.2.2080","Cedar Creek",982,61843,1.82407307643547,2173.64189206088
"912","ASRP.scenario.2.2080","Unnamed: Black Hills 4",33,2086,1.31041354499267,139.309793925969
"913","ASRP.scenario.2.2080","Unnamed: Central Lowlands 3",0,0,0.508728117697077,NA
"914","ASRP.scenario.2.2080","Porter Creek",583,36745,1.69946375192311,1416.49565777654
"915","ASRP.scenario.2.2080","Unnamed: Black Hills 3",0,0,0,NA
"916","ASRP.scenario.2.2080","Mox Chehalis Creek",496,31242,1.45936250038868,1575.75727139311
"917","ASRP.scenario.2.2080","Unnamed: Black Hills 2",0,0,0,NA
"918","ASRP.scenario.2.2080","Unnamed: Central Lowlands 2",0,0,0.642294571289267,NA
"919","ASRP.scenario.2.2080","Cloquallum Creek",903,56860,1.23422322344143,4758.29661291594
"920","ASRP.scenario.2.2080","Unnamed: Black Hills 1",0,12,0.868278150999482,NA
"921","ASRP.scenario.2.2080","Unnamed: Central Lowlands 1",0,0,0,NA
"922","ASRP.scenario.2.2080","Satsop River",6046,381471,1.45827936254185,19238.8262413254
"923","ASRP.scenario.2.2080","Unnamed: Olympic Mountains 1",0,0,0.227465941684677,NA
"924","ASRP.scenario.2.2080","Wynoochee River",4112,259481,1.53608511377817,11782.4237709938
"925","ASRP.scenario.2.2080","Wishkah River",0,0,0.757256509795349,NA
"926","ASRP.scenario.2.2080","Hoquiam River",760,48738,1.1968663112487,4620.48783653943
"927","ASRP.scenario.2.2080","Humptulips River",4543,286230,1.50325425518197,13570.2460753607
"928","ASRP.scenario.2.2080","Johns River",27,1676,0.99899684081002,NA
"929","ASRP.scenario.2.2080","Elk River",93,5943,1.14433670472562,737.326750959087
"930","ASRP.scenario.2.2080","Andrews",7,433,1.00787047849394,896.399546086829
"931","ASRP.scenario.2.2080","Upper Chehalis Estuary",0,0,0,NA
"932","ASRP.scenario.2.2080","Lower Chehalis Estuary",0,0,0,NA
"933","ASRP.scenario.2.2080","Upper Skookumchuck",0,0,0,NA
"934","ASRP.scenario.2.2080","Mainstem: Upper Chehalis 1",0,0,0,NA
"935","ASRP.scenario.2.2080","Mainstem: Upper Chehalis 2",0,0,0,NA
"936","ASRP.scenario.2.2080","Mainstem: Middle Chehalis 1",0,0,0,NA
"937","ASRP.scenario.2.2080","Mainstem: Middle Chehalis 2",0,0,0,NA
"938","ASRP.scenario.2.2080","Mainstem: Middle Chehalis 3",0,0,0,NA
"939","ASRP.scenario.2.2080","Mainstem: Lower Chehalis 1",56,3523,2.40716821060098,95.7962372786146
"940","ASRP.scenario.2.2080","Mainstem: Lower Chehalis 2",0,0,0,NA
"941","ASRP.scenario.2.2080","Mainstem: Lower Chehalis 3",0,0,0,NA
"942","ASRP.scenario.2.2080","Mainstem: Lower Chehalis 4",89,5622,2.93318149020904,135.038098570029
"943","ASRP.scenario.2.2080","Mainstem: Lower Chehalis 5",0,0,0,NA
"944","ASRP.scenario.2.2080","Mainstem: Lower Chehalis 6",0,0,0,NA
"945","ASRP.scenario.2.2080","Mainstem: Lower Chehalis 7",2331,146854,2.16080452642175,4339.09003319916
"946","ASRP.scenario.3.2040","Upper Chehalis: Above Proposed Dam",0,0,0,NA
"947","ASRP.scenario.3.2040","Upper Chehalis: Proposed Dam to Elk Creek",0,0,0,NA
"948","ASRP.scenario.3.2040","Elk Creek",0,0,0,NA
"949","ASRP.scenario.3.2040","Unnamed: Willapa Hills 3",0,0,0,NA
"950","ASRP.scenario.3.2040","South Fork Chehalis",7,431,1.03022179156768,238.62094756437
"951","ASRP.scenario.3.2040","Unnamed: Willapa Hills 2",0,0,0,NA
"952","ASRP.scenario.3.2040","Unnamed: Willapa Hills 1",0,0,0,NA
"953","ASRP.scenario.3.2040","Unnamed: Willapa Hills 4",0,0,0,NA
"954","ASRP.scenario.3.2040","Stearns Creek",0,0,0.642267824239788,NA
"955","ASRP.scenario.3.2040","Bunker Creek",3,218,0.974735236910105,NA
"956","ASRP.scenario.3.2040","Unnamed: Central Lowlands 9",2,147,0.574713377663807,NA
"957","ASRP.scenario.3.2040","Newaukum River",344,21655,1.17149639421187,2349.87307727895
"958","ASRP.scenario.3.2040","Dillenbaugh Creek",11,943,1.02324638001635,484.191954715699
"959","ASRP.scenario.3.2040","Unnamed: Central Lowlands 8",0,0,0.628725197395366,NA
"960","ASRP.scenario.3.2040","Salzer Creek",1,33,0.905764662482925,NA
"961","ASRP.scenario.3.2040","Unnamed: Cascade Mountains 1",6,475,1.11994090720591,56.0246341283657
"962","ASRP.scenario.3.2040","Unnamed: Central Lowlands 7",0,0,0.2497512283637,NA
"963","ASRP.scenario.3.2040","Skookumchuck River",711,44778,1.36543983669969,2656.60069427868
"964","ASRP.scenario.3.2040","Lincoln Creek",117,7371,1.24813036019652,588.52633763695
"965","ASRP.scenario.3.2040","Unnamed: Central Lowlands 6",57,3592,1.69304830671265,139.245349202813
"966","ASRP.scenario.3.2040","Unnamed: Black River 1",61,4432,1.34607583232145,237.26194695774
"967","ASRP.scenario.3.2040","Scatter Creek",346,21765,1.52945917354467,999.49703487725
"968","ASRP.scenario.3.2040","Black River",749,47165,1.33154965357557,3008.08847113083
"969","ASRP.scenario.3.2040","Unnamed: Central Lowlands 5",0,0,0,NA
"970","ASRP.scenario.3.2040","Garrard Creek",271,17081,1.33545527213941,1078.85732855431
"971","ASRP.scenario.3.2040","Unnamed: Black Hills 5",0,0,0,NA
"972","ASRP.scenario.3.2040","Unnamed: Central Lowlands 4",0,0,0.796348759264887,NA
"973","ASRP.scenario.3.2040","Rock Creek (Lower Chehalis)",482,30343,1.41950208682548,1630.98117348466
"974","ASRP.scenario.3.2040","Cedar Creek",1018,64135,1.8240879184957,2253.30508960533
"975","ASRP.scenario.3.2040","Unnamed: Black Hills 4",33,2086,1.31041354499267,139.309793925969
"976","ASRP.scenario.3.2040","Unnamed: Central Lowlands 3",0,0,0.508728117697077,NA
"977","ASRP.scenario.3.2040","Porter Creek",583,36745,1.69946375192311,1416.49565777654
"978","ASRP.scenario.3.2040","Unnamed: Black Hills 3",0,0,0,NA
"979","ASRP.scenario.3.2040","Mox Chehalis Creek",496,31242,1.45936250038868,1575.75727139311
"980","ASRP.scenario.3.2040","Unnamed: Black Hills 2",0,0,0,NA
"981","ASRP.scenario.3.2040","Unnamed: Central Lowlands 2",0,0,0.642294571289267,NA
"982","ASRP.scenario.3.2040","Cloquallum Creek",902,56858,1.23422322344143,4753.02718145091
"983","ASRP.scenario.3.2040","Unnamed: Black Hills 1",0,12,0.868278150999482,NA
"984","ASRP.scenario.3.2040","Unnamed: Central Lowlands 1",0,0,0,NA
"985","ASRP.scenario.3.2040","Satsop River",6116,385861,1.46453812693994,19281.7654029133
"986","ASRP.scenario.3.2040","Unnamed: Olympic Mountains 1",0,0,0.227477338786372,NA
"987","ASRP.scenario.3.2040","Wynoochee River",4112,259481,1.53608511377817,11782.4237709938
"988","ASRP.scenario.3.2040","Wishkah River",0,0,0.749107138522456,NA
"989","ASRP.scenario.3.2040","Hoquiam River",760,48730,1.1968663112487,4620.48783653943
"990","ASRP.scenario.3.2040","Humptulips River",4537,285872,1.49192686460764,13759.9156942235
"991","ASRP.scenario.3.2040","Johns River",27,1660,0.999025357198757,NA
"992","ASRP.scenario.3.2040","Elk River",93,5939,1.14433670472562,737.326750959087
"993","ASRP.scenario.3.2040","Andrews",7,428,1.00787047849394,896.399546086829
"994","ASRP.scenario.3.2040","Upper Chehalis Estuary",0,0,0,NA
"995","ASRP.scenario.3.2040","Lower Chehalis Estuary",0,0,0,NA
"996","ASRP.scenario.3.2040","Upper Skookumchuck",0,0,0,NA
"997","ASRP.scenario.3.2040","Mainstem: Upper Chehalis 1",0,0,0,NA
"998","ASRP.scenario.3.2040","Mainstem: Upper Chehalis 2",0,0,0,NA
"999","ASRP.scenario.3.2040","Mainstem: Middle Chehalis 1",0,0,0,NA
"1000","ASRP.scenario.3.2040","Mainstem: Middle Chehalis 2",0,0,0,NA
"1001","ASRP.scenario.3.2040","Mainstem: Middle Chehalis 3",0,0,0,NA
"1002","ASRP.scenario.3.2040","Mainstem: Lower Chehalis 1",56,3526,2.40753433815031,95.7858854893669
"1003","ASRP.scenario.3.2040","Mainstem: Lower Chehalis 2",0,0,0,NA
"1004","ASRP.scenario.3.2040","Mainstem: Lower Chehalis 3",0,0,0,NA
"1005","ASRP.scenario.3.2040","Mainstem: Lower Chehalis 4",89,5622,2.93318149020904,135.038098570029
"1006","ASRP.scenario.3.2040","Mainstem: Lower Chehalis 5",0,0,0,NA
"1007","ASRP.scenario.3.2040","Mainstem: Lower Chehalis 6",0,0,0,NA
"1008","ASRP.scenario.3.2040","Mainstem: Lower Chehalis 7",2262,142464,2.16080452642175,4210.6485006849
"1009","ASRP.scenario.3.2080","Upper Chehalis: Above Proposed Dam",0,0,0,NA
"1010","ASRP.scenario.3.2080","Upper Chehalis: Proposed Dam to Elk Creek",0,0,0,NA
"1011","ASRP.scenario.3.2080","Elk Creek",0,0,0,NA
"1012","ASRP.scenario.3.2080","Unnamed: Willapa Hills 3",0,0,0,NA
"1013","ASRP.scenario.3.2080","South Fork Chehalis",7,431,1.03022179156768,238.62094756437
"1014","ASRP.scenario.3.2080","Unnamed: Willapa Hills 2",0,0,0,NA
"1015","ASRP.scenario.3.2080","Unnamed: Willapa Hills 1",0,0,0,NA
"1016","ASRP.scenario.3.2080","Unnamed: Willapa Hills 4",0,0,0,NA
"1017","ASRP.scenario.3.2080","Stearns Creek",0,0,0.642267824239788,NA
"1018","ASRP.scenario.3.2080","Bunker Creek",3,218,0.974735236910105,NA
"1019","ASRP.scenario.3.2080","Unnamed: Central Lowlands 9",2,147,0.574713377663807,NA
"1020","ASRP.scenario.3.2080","Newaukum River",344,21655,1.17149639421187,2349.87307727895
"1021","ASRP.scenario.3.2080","Dillenbaugh Creek",11,943,1.02324638001635,484.191954715699
"1022","ASRP.scenario.3.2080","Unnamed: Central Lowlands 8",0,0,0.628725197395366,NA
"1023","ASRP.scenario.3.2080","Salzer Creek",1,33,0.905764662482925,NA
"1024","ASRP.scenario.3.2080","Unnamed: Cascade Mountains 1",6,475,1.11994090720591,56.0246341283657
"1025","ASRP.scenario.3.2080","Unnamed: Central Lowlands 7",0,0,0.2497512283637,NA
"1026","ASRP.scenario.3.2080","Skookumchuck River",711,44778,1.36543983669969,2656.60069427868
"1027","ASRP.scenario.3.2080","Lincoln Creek",117,7371,1.24813036019652,588.52633763695
"1028","ASRP.scenario.3.2080","Unnamed: Central Lowlands 6",57,3592,1.69304830671265,139.245349202813
"1029","ASRP.scenario.3.2080","Unnamed: Black River 1",61,4432,1.34607583232145,237.26194695774
"1030","ASRP.scenario.3.2080","Scatter Creek",346,21765,1.52945917354467,999.49703487725
"1031","ASRP.scenario.3.2080","Black River",749,47165,1.33154965357557,3008.08847113083
"1032","ASRP.scenario.3.2080","Unnamed: Central Lowlands 5",0,0,0,NA
"1033","ASRP.scenario.3.2080","Garrard Creek",271,17081,1.33545527213941,1078.85732855431
"1034","ASRP.scenario.3.2080","Unnamed: Black Hills 5",0,0,0,NA
"1035","ASRP.scenario.3.2080","Unnamed: Central Lowlands 4",0,0,0.796348759264887,NA
"1036","ASRP.scenario.3.2080","Rock Creek (Lower Chehalis)",482,30343,1.41950208682548,1630.98117348466
"1037","ASRP.scenario.3.2080","Cedar Creek",1018,64135,1.8240879184957,2253.30508960533
"1038","ASRP.scenario.3.2080","Unnamed: Black Hills 4",33,2086,1.31041354499267,139.309793925969
"1039","ASRP.scenario.3.2080","Unnamed: Central Lowlands 3",0,0,0.508728117697077,NA
"1040","ASRP.scenario.3.2080","Porter Creek",583,36745,1.69946375192311,1416.49565777654
"1041","ASRP.scenario.3.2080","Unnamed: Black Hills 3",0,0,0,NA
"1042","ASRP.scenario.3.2080","Mox Chehalis Creek",496,31242,1.45936250038868,1575.75727139311
"1043","ASRP.scenario.3.2080","Unnamed: Black Hills 2",0,0,0,NA
"1044","ASRP.scenario.3.2080","Unnamed: Central Lowlands 2",0,0,0.642294571289267,NA
"1045","ASRP.scenario.3.2080","Cloquallum Creek",902,56858,1.23422322344143,4753.02718145091
"1046","ASRP.scenario.3.2080","Unnamed: Black Hills 1",0,12,0.868278150999482,NA
"1047","ASRP.scenario.3.2080","Unnamed: Central Lowlands 1",0,0,0,NA
"1048","ASRP.scenario.3.2080","Satsop River",6116,385861,1.46453812693994,19281.7654029133
"1049","ASRP.scenario.3.2080","Unnamed: Olympic Mountains 1",0,0,0.227477338786372,NA
"1050","ASRP.scenario.3.2080","Wynoochee River",4112,259481,1.53608511377817,11782.4237709938
"1051","ASRP.scenario.3.2080","Wishkah River",0,0,0.749107138522456,NA
"1052","ASRP.scenario.3.2080","Hoquiam River",760,48730,1.1968663112487,4620.48783653943
"1053","ASRP.scenario.3.2080","Humptulips River",4537,285872,1.49192686460764,13759.9156942235
"1054","ASRP.scenario.3.2080","Johns River",27,1660,0.999025357198757,NA
"1055","ASRP.scenario.3.2080","Elk River",93,5939,1.14433670472562,737.326750959087
"1056","ASRP.scenario.3.2080","Andrews",7,428,1.00787047849394,896.399546086829
"1057","ASRP.scenario.3.2080","Upper Chehalis Estuary",0,0,0,NA
"1058","ASRP.scenario.3.2080","Lower Chehalis Estuary",0,0,0,NA
"1059","ASRP.scenario.3.2080","Upper Skookumchuck",0,0,0,NA
"1060","ASRP.scenario.3.2080","Mainstem: Upper Chehalis 1",0,0,0,NA
"1061","ASRP.scenario.3.2080","Mainstem: Upper Chehalis 2",0,0,0,NA
"1062","ASRP.scenario.3.2080","Mainstem: Middle Chehalis 1",0,0,0,NA
"1063","ASRP.scenario.3.2080","Mainstem: Middle Chehalis 2",0,0,0,NA
"1064","ASRP.scenario.3.2080","Mainstem: Middle Chehalis 3",0,0,0,NA
"1065","ASRP.scenario.3.2080","Mainstem: Lower Chehalis 1",56,3526,2.40753433815031,95.7858854893669
"1066","ASRP.scenario.3.2080","Mainstem: Lower Chehalis 2",0,0,0,NA
"1067","ASRP.scenario.3.2080","Mainstem: Lower Chehalis 3",0,0,0,NA
"1068","ASRP.scenario.3.2080","Mainstem: Lower Chehalis 4",89,5622,2.93318149020904,135.038098570029
"1069","ASRP.scenario.3.2080","Mainstem: Lower Chehalis 5",0,0,0,NA
"1070","ASRP.scenario.3.2080","Mainstem: Lower Chehalis 6",0,0,0,NA
"1071","ASRP.scenario.3.2080","Mainstem: Lower Chehalis 7",2262,142464,2.16080452642175,4210.6485006849
"1072","ASRP.dev.and.climate.2040","Upper Chehalis: Above Proposed Dam",0,0,0,NA
"1073","ASRP.dev.and.climate.2040","Upper Chehalis: Proposed Dam to Elk Creek",0,0,0,NA
"1074","ASRP.dev.and.climate.2040","Elk Creek",0,0,0,NA
"1075","ASRP.dev.and.climate.2040","Unnamed: Willapa Hills 3",0,0,0,NA
"1076","ASRP.dev.and.climate.2040","South Fork Chehalis",7,432,1.03022179156768,238.62094756437
"1077","ASRP.dev.and.climate.2040","Unnamed: Willapa Hills 2",0,0,0,NA
"1078","ASRP.dev.and.climate.2040","Unnamed: Willapa Hills 1",0,0,0,NA
"1079","ASRP.dev.and.climate.2040","Unnamed: Willapa Hills 4",0,0,0,NA
"1080","ASRP.dev.and.climate.2040","Stearns Creek",0,0,0.514067741135008,NA
"1081","ASRP.dev.and.climate.2040","Bunker Creek",4,224,0.974735236910105,NA
"1082","ASRP.dev.and.climate.2040","Unnamed: Central Lowlands 9",2,147,0.574713377663807,NA
"1083","ASRP.dev.and.climate.2040","Newaukum River",340,21421,1.16759076184241,2368.75144346981
"1084","ASRP.dev.and.climate.2040","Dillenbaugh Creek",1,108,0.942931624708435,NA
"1085","ASRP.dev.and.climate.2040","Unnamed: Central Lowlands 8",0,0,0.628725197395366,NA
"1086","ASRP.dev.and.climate.2040","Salzer Creek",1,37,0.905764662482925,NA
"1087","ASRP.dev.and.climate.2040","Unnamed: Cascade Mountains 1",0,0,0.41303932297598,NA
"1088","ASRP.dev.and.climate.2040","Unnamed: Central Lowlands 7",0,0,0.2497512283637,NA
"1089","ASRP.dev.and.climate.2040","Skookumchuck River",590,37487,1.33840125998283,2333.49232632861
"1090","ASRP.dev.and.climate.2040","Lincoln Creek",81,5100,1.14457796655891,641.251343464546
"1091","ASRP.dev.and.climate.2040","Unnamed: Central Lowlands 6",57,3592,1.69304830671265,139.245349202813
"1092","ASRP.dev.and.climate.2040","Unnamed: Black River 1",61,4432,1.34607583232145,237.26194695774
"1093","ASRP.dev.and.climate.2040","Scatter Creek",362,22805,1.5300014357856,1045.01701761133
"1094","ASRP.dev.and.climate.2040","Black River",260,16949,1.10295319227125,2785.41950632262
"1095","ASRP.dev.and.climate.2040","Unnamed: Central Lowlands 5",0,0,0,NA
"1096","ASRP.dev.and.climate.2040","Garrard Creek",149,9411,1.14953184253142,1145.44328243126
"1097","ASRP.dev.and.climate.2040","Unnamed: Black Hills 5",0,0,0,NA
"1098","ASRP.dev.and.climate.2040","Unnamed: Central Lowlands 4",0,0,0.796348759264887,NA
"1099","ASRP.dev.and.climate.2040","Rock Creek (Lower Chehalis)",482,30343,1.41950208682548,1630.98117348466
"1100","ASRP.dev.and.climate.2040","Cedar Creek",903,56860,1.66304525057889,2264.89799898515
"1101","ASRP.dev.and.climate.2040","Unnamed: Black Hills 4",33,2086,1.31041354499267,139.309793925969
"1102","ASRP.dev.and.climate.2040","Unnamed: Central Lowlands 3",0,0,0.508728117697077,NA
"1103","ASRP.dev.and.climate.2040","Porter Creek",457,28803,1.47153389035761,1426.17742148589
"1104","ASRP.dev.and.climate.2040","Unnamed: Black Hills 3",0,0,0,NA
"1105","ASRP.dev.and.climate.2040","Mox Chehalis Creek",496,31242,1.45936250038868,1575.75727139311
"1106","ASRP.dev.and.climate.2040","Unnamed: Black Hills 2",0,0,0,NA
"1107","ASRP.dev.and.climate.2040","Unnamed: Central Lowlands 2",0,0,0.642294571289267,NA
"1108","ASRP.dev.and.climate.2040","Cloquallum Creek",929,59179,1.23323341705562,4912.13419975521
"1109","ASRP.dev.and.climate.2040","Unnamed: Black Hills 1",0,15,0.868278150999482,NA
"1110","ASRP.dev.and.climate.2040","Unnamed: Central Lowlands 1",0,0,0,NA
"1111","ASRP.dev.and.climate.2040","Satsop River",5771,367241,1.44923060979975,18617.4086687513
"1112","ASRP.dev.and.climate.2040","Unnamed: Olympic Mountains 1",0,0,0.227477338786372,NA
"1113","ASRP.dev.and.climate.2040","Wynoochee River",3745,236386,1.51823261797832,10971.4845362487
"1114","ASRP.dev.and.climate.2040","Wishkah River",0,0,0.537076435597139,NA
"1115","ASRP.dev.and.climate.2040","Hoquiam River",521,33737,1.12770467802961,4600.72525391118
"1116","ASRP.dev.and.climate.2040","Humptulips River",4267,268861,1.47717579536393,13209.1970717222
"1117","ASRP.dev.and.climate.2040","Johns River",1,84,0.909464589695382,NA
"1118","ASRP.dev.and.climate.2040","Elk River",94,5975,1.14433670472562,745.254995593055
"1119","ASRP.dev.and.climate.2040","Andrews",8,476,1.00787047849394,1024.45662409923
"1120","ASRP.dev.and.climate.2040","Upper Chehalis Estuary",0,0,0,NA
"1121","ASRP.dev.and.climate.2040","Lower Chehalis Estuary",0,0,0,NA
"1122","ASRP.dev.and.climate.2040","Upper Skookumchuck",0,0,0,NA
"1123","ASRP.dev.and.climate.2040","Mainstem: Upper Chehalis 1",0,0,0,NA
"1124","ASRP.dev.and.climate.2040","Mainstem: Upper Chehalis 2",0,0,0,NA
"1125","ASRP.dev.and.climate.2040","Mainstem: Middle Chehalis 1",0,0,0,NA
"1126","ASRP.dev.and.climate.2040","Mainstem: Middle Chehalis 2",0,0,0,NA
"1127","ASRP.dev.and.climate.2040","Mainstem: Middle Chehalis 3",0,0,0,NA
"1128","ASRP.dev.and.climate.2040","Mainstem: Lower Chehalis 1",56,3519,2.40660847195453,95.8120735915845
"1129","ASRP.dev.and.climate.2040","Mainstem: Lower Chehalis 2",0,0,0,NA
"1130","ASRP.dev.and.climate.2040","Mainstem: Lower Chehalis 3",0,0,0,NA
"1131","ASRP.dev.and.climate.2040","Mainstem: Lower Chehalis 4",89,5622,2.93318149020904,135.038098570029
"1132","ASRP.dev.and.climate.2040","Mainstem: Lower Chehalis 5",0,0,0,NA
"1133","ASRP.dev.and.climate.2040","Mainstem: Lower Chehalis 6",0,0,0,NA
"1134","ASRP.dev.and.climate.2040","Mainstem: Lower Chehalis 7",2262,142464,2.16080452642175,4210.6485006849
"1135","ASRP.dev.and.climate.2080","Upper Chehalis: Above Proposed Dam",0,0,0,NA
"1136","ASRP.dev.and.climate.2080","Upper Chehalis: Proposed Dam to Elk Creek",0,0,0,NA
"1137","ASRP.dev.and.climate.2080","Elk Creek",0,0,0,NA
"1138","ASRP.dev.and.climate.2080","Unnamed: Willapa Hills 3",0,0,0,NA
"1139","ASRP.dev.and.climate.2080","South Fork Chehalis",7,432,1.03022179156768,238.62094756437
"1140","ASRP.dev.and.climate.2080","Unnamed: Willapa Hills 2",0,0,0,NA
"1141","ASRP.dev.and.climate.2080","Unnamed: Willapa Hills 1",0,0,0,NA
"1142","ASRP.dev.and.climate.2080","Unnamed: Willapa Hills 4",0,0,0,NA
"1143","ASRP.dev.and.climate.2080","Stearns Creek",0,0,0.514067741135008,NA
"1144","ASRP.dev.and.climate.2080","Bunker Creek",4,224,0.974735236910105,NA
"1145","ASRP.dev.and.climate.2080","Unnamed: Central Lowlands 9",2,147,0.574713377663807,NA
"1146","ASRP.dev.and.climate.2080","Newaukum River",340,21421,1.16759076184241,2368.75144346981
"1147","ASRP.dev.and.climate.2080","Dillenbaugh Creek",1,108,0.942931624708435,NA
"1148","ASRP.dev.and.climate.2080","Unnamed: Central Lowlands 8",0,0,0.628725197395366,NA
"1149","ASRP.dev.and.climate.2080","Salzer Creek",1,37,0.905764662482925,NA
"1150","ASRP.dev.and.climate.2080","Unnamed: Cascade Mountains 1",0,0,0.41303932297598,NA
"1151","ASRP.dev.and.climate.2080","Unnamed: Central Lowlands 7",0,0,0.2497512283637,NA
"1152","ASRP.dev.and.climate.2080","Skookumchuck River",590,37487,1.33840125998283,2333.49232632861
"1153","ASRP.dev.and.climate.2080","Lincoln Creek",81,5100,1.14457796655891,641.251343464546
"1154","ASRP.dev.and.climate.2080","Unnamed: Central Lowlands 6",57,3592,1.69304830671265,139.245349202813
"1155","ASRP.dev.and.climate.2080","Unnamed: Black River 1",61,4432,1.34607583232145,237.26194695774
"1156","ASRP.dev.and.climate.2080","Scatter Creek",362,22805,1.5300014357856,1045.01701761133
"1157","ASRP.dev.and.climate.2080","Black River",260,16949,1.10295319227125,2785.41950632262
"1158","ASRP.dev.and.climate.2080","Unnamed: Central Lowlands 5",0,0,0,NA
"1159","ASRP.dev.and.climate.2080","Garrard Creek",149,9411,1.14953184253142,1145.44328243126
"1160","ASRP.dev.and.climate.2080","Unnamed: Black Hills 5",0,0,0,NA
"1161","ASRP.dev.and.climate.2080","Unnamed: Central Lowlands 4",0,0,0.796348759264887,NA
"1162","ASRP.dev.and.climate.2080","Rock Creek (Lower Chehalis)",482,30343,1.41950208682548,1630.98117348466
"1163","ASRP.dev.and.climate.2080","Cedar Creek",903,56860,1.66304525057889,2264.89799898515
"1164","ASRP.dev.and.climate.2080","Unnamed: Black Hills 4",33,2086,1.31041354499267,139.309793925969
"1165","ASRP.dev.and.climate.2080","Unnamed: Central Lowlands 3",0,0,0.508728117697077,NA
"1166","ASRP.dev.and.climate.2080","Porter Creek",457,28803,1.47153389035761,1426.17742148589
"1167","ASRP.dev.and.climate.2080","Unnamed: Black Hills 3",0,0,0,NA
"1168","ASRP.dev.and.climate.2080","Mox Chehalis Creek",496,31242,1.45936250038868,1575.75727139311
"1169","ASRP.dev.and.climate.2080","Unnamed: Black Hills 2",0,0,0,NA
"1170","ASRP.dev.and.climate.2080","Unnamed: Central Lowlands 2",0,0,0.642294571289267,NA
"1171","ASRP.dev.and.climate.2080","Cloquallum Creek",929,59179,1.23323341705562,4912.13419975521
"1172","ASRP.dev.and.climate.2080","Unnamed: Black Hills 1",0,15,0.868278150999482,NA
"1173","ASRP.dev.and.climate.2080","Unnamed: Central Lowlands 1",0,0,0,NA
"1174","ASRP.dev.and.climate.2080","Satsop River",5771,367241,1.44923060979975,18617.4086687513
"1175","ASRP.dev.and.climate.2080","Unnamed: Olympic Mountains 1",0,0,0.227477338786372,NA
"1176","ASRP.dev.and.climate.2080","Wynoochee River",3745,236386,1.51823261797832,10971.4845362487
"1177","ASRP.dev.and.climate.2080","Wishkah River",0,0,0.537076435597139,NA
"1178","ASRP.dev.and.climate.2080","Hoquiam River",521,33737,1.12770467802961,4600.72525391118
"1179","ASRP.dev.and.climate.2080","Humptulips River",4267,268861,1.47717579536393,13209.1970717222
"1180","ASRP.dev.and.climate.2080","Johns River",1,84,0.909464589695382,NA
"1181","ASRP.dev.and.climate.2080","Elk River",94,5975,1.14433670472562,745.254995593055
"1182","ASRP.dev.and.climate.2080","Andrews",8,476,1.00787047849394,1024.45662409923
"1183","ASRP.dev.and.climate.2080","Upper Chehalis Estuary",0,0,0,NA
"1184","ASRP.dev.and.climate.2080","Lower Chehalis Estuary",0,0,0,NA
"1185","ASRP.dev.and.climate.2080","Upper Skookumchuck",0,0,0,NA
"1186","ASRP.dev.and.climate.2080","Mainstem: Upper Chehalis 1",0,0,0,NA
"1187","ASRP.dev.and.climate.2080","Mainstem: Upper Chehalis 2",0,0,0,NA
"1188","ASRP.dev.and.climate.2080","Mainstem: Middle Chehalis 1",0,0,0,NA
"1189","ASRP.dev.and.climate.2080","Mainstem: Middle Chehalis 2",0,0,0,NA
"1190","ASRP.dev.and.climate.2080","Mainstem: Middle Chehalis 3",0,0,0,NA
"1191","ASRP.dev.and.climate.2080","Mainstem: Lower Chehalis 1",56,3519,2.40660847195453,95.8120735915845
"1192","ASRP.dev.and.climate.2080","Mainstem: Lower Chehalis 2",0,0,0,NA
"1193","ASRP.dev.and.climate.2080","Mainstem: Lower Chehalis 3",0,0,0,NA
"1194","ASRP.dev.and.climate.2080","Mainstem: Lower Chehalis 4",89,5622,2.93318149020904,135.038098570029
"1195","ASRP.dev.and.climate.2080","Mainstem: Lower Chehalis 5",0,0,0,NA
"1196","ASRP.dev.and.climate.2080","Mainstem: Lower Chehalis 6",0,0,0,NA
"1197","ASRP.dev.and.climate.2080","Mainstem: Lower Chehalis 7",2262,142464,2.16080452642175,4210.6485006849
