"","scenario","natal.basin","spawners","age1.smolts","age2.smolts","Pn","Cn"
"1","Current","Upper Chehalis: Above Proposed Dam",179,97,984,1.3745031445214,656.966614215628
"2","Current","Upper Chehalis: Proposed Dam to Elk Creek",55,32,299,2.18603559206363,101.372975961289
"3","Current","Elk Creek",126,71,686,1.87061543499199,270.725208095076
"4","Current","Unnamed: Willapa Hills 3",16,9,90,2.08969784886735,30.6829692438419
"5","Current","South Fork Chehalis",256,152,1394,1.79236129112978,579.084939743822
"6","Current","Unnamed: Willapa Hills 2",41,28,280,1.56180470087525,113.979097426784
"7","Current","Unnamed: Willapa Hills 1",0,0,0,0,NA
"8","Current","Unnamed: Willapa Hills 4",0,0,2,1.00827268655537,0
"9","Current","Stearns Creek",44,32,250,2.17973118574551,81.2966320901275
"10","Current","Bunker Creek",19,14,113,1.19686632396917,115.512189677375
"11","Current","Unnamed: Central Lowlands 9",0,0,0,0.658291937945229,NA
"12","Current","Newaukum River",634,364,3459,1.64174249405695,1621.93520122378
"13","Current","Dillenbaugh Creek",0,0,0,0.885231862305588,NA
"14","Current","Unnamed: Central Lowlands 8",0,0,0,0.389330411438837,NA
"15","Current","Salzer Creek",0,0,0,0,NA
"16","Current","Unnamed: Cascade Mountains 1",0,0,0,0.0664885372062158,NA
"17","Current","Unnamed: Central Lowlands 7",0,0,0,0,NA
"18","Current","Skookumchuck River",132,79,715,1.86532966216651,284.543020043384
"19","Current","Lincoln Creek",13,7,71,2.07026118889699,25.1465677115675
"20","Current","Unnamed: Central Lowlands 6",0,0,0,0,NA
"21","Current","Unnamed: Black River 1",0,0,0,0,NA
"22","Current","Scatter Creek",0,0,0,0,NA
"23","Current","Black River",293,166,1624,1.42651388481021,979.96474003508
"24","Current","Unnamed: Central Lowlands 5",0,0,0,0,NA
"25","Current","Garrard Creek",37,24,211,1.61038081379542,97.6178948678447
"26","Current","Unnamed: Black Hills 5",0,0,0,0,NA
"27","Current","Unnamed: Central Lowlands 4",0,0,0,1.96741245728496,0
"28","Current","Rock Creek (Lower Chehalis)",15,10,81,2.19512403135712,27.5509985628577
"29","Current","Cedar Creek",187,129,1004,2.45737333830574,315.313037630697
"30","Current","Unnamed: Black Hills 4",0,0,0,0,NA
"31","Current","Unnamed: Central Lowlands 3",0,0,0,0,NA
"32","Current","Porter Creek",57,42,303,2.04911184278495,111.331671491468
"33","Current","Unnamed: Black Hills 3",0,0,0,0,NA
"34","Current","Mox Chehalis Creek",96,68,515,2.08555690332126,184.433871781652
"35","Current","Unnamed: Black Hills 2",0,0,0,0,NA
"36","Current","Unnamed: Central Lowlands 2",20,14,105,1.32451418371538,81.6305881333718
"37","Current","Cloquallum Creek",164,94,895,1.36621044170361,611.829939629996
"38","Current","Unnamed: Black Hills 1",0,0,0,0,NA
"39","Current","Unnamed: Central Lowlands 1",0,0,0,0,NA
"40","Current","Satsop River",2132,1268,11605,2.13075851896472,4017.46003787969
"41","Current","Unnamed: Olympic Mountains 1",0,0,0,0.0976517372915801,NA
"42","Current","Wynoochee River",1231,797,6928,2.59391329716527,2003.31302492381
"43","Current","Wishkah River",0,0,0,0.47411000164497,NA
"44","Current","Hoquiam River",229,120,1270,1.38184966503761,828.712454841215
"45","Current","Humptulips River",1566,934,8521,2.2189714929174,2850.68960028921
"46","Current","Johns River",150,87,818,2.06953431732056,290.247954245906
"47","Current","Elk River",73,44,414,2.09506811338709,139.662519990842
"48","Current","Andrews",22,12,120,1.73339618383013,51.9974290636553
"49","Current","Upper Chehalis Estuary",0,0,0,0,NA
"50","Current","Lower Chehalis Estuary",0,0,0,0,NA
"51","Current","Upper Skookumchuck",0,0,0,0,NA
"52","Current","Mainstem: Upper Chehalis 1",0,0,0,0.822669750015584,NA
"53","Current","Mainstem: Upper Chehalis 2",0,0,0,0.85240917848866,NA
"54","Current","Mainstem: Middle Chehalis 1",8,5,44,1.22670420098668,43.2882741704018
"55","Current","Mainstem: Middle Chehalis 2",0,0,0,0.357486550079164,NA
"56","Current","Mainstem: Middle Chehalis 3",0,0,0,0,NA
"57","Current","Mainstem: Lower Chehalis 1",45,27,243,1.51789230558732,131.890651810259
"58","Current","Mainstem: Lower Chehalis 2",136,76,741,2.11121421605663,258.388643013067
"59","Current","Mainstem: Lower Chehalis 3",85,57,459,1.63698290585938,218.441571536873
"60","Current","Mainstem: Lower Chehalis 4",0,0,0,0.683386807868074,NA
"61","Current","Mainstem: Lower Chehalis 5",0,0,0,0,NA
"62","Current","Mainstem: Lower Chehalis 6",0,0,0,0,NA
"63","Current","Mainstem: Lower Chehalis 7",32,27,168,1.17939733518957,210.375001870483
"64","Barriers","Upper Chehalis: Above Proposed Dam",179,97,984,1.3745031445214,656.966614215628
"65","Barriers","Upper Chehalis: Proposed Dam to Elk Creek",55,32,299,2.18603559206363,101.372975961289
"66","Barriers","Elk Creek",126,71,686,1.87061543499199,270.725208095076
"67","Barriers","Unnamed: Willapa Hills 3",16,9,87,2.09004855177362,30.6782452707875
"68","Barriers","South Fork Chehalis",255,152,1384,1.79339869186791,576.402092811183
"69","Barriers","Unnamed: Willapa Hills 2",69,39,378,1.82583535491878,152.551763180187
"70","Barriers","Unnamed: Willapa Hills 1",0,0,0,0,NA
"71","Barriers","Unnamed: Willapa Hills 4",12,9,66,2.13685402682958,22.5554448652174
"72","Barriers","Stearns Creek",47,33,251,2.24857625694629,84.6428750254714
"73","Barriers","Bunker Creek",26,17,138,1.24460308417891,132.294653181817
"74","Barriers","Unnamed: Central Lowlands 9",0,0,0,0.784654648840131,NA
"75","Barriers","Newaukum River",622,360,3390,1.63862189022428,1595.97225106323
"76","Barriers","Dillenbaugh Creek",36,25,195,2.09610078364177,68.8436951576578
"77","Barriers","Unnamed: Central Lowlands 8",0,0,0,0.38880252634863,NA
"78","Barriers","Salzer Creek",0,0,0,0,NA
"79","Barriers","Unnamed: Cascade Mountains 1",0,0,0,0.175142979227966,NA
"80","Barriers","Unnamed: Central Lowlands 7",0,0,0,0,NA
"81","Barriers","Skookumchuck River",132,79,714,1.86392542314535,284.790966052855
"82","Barriers","Lincoln Creek",13,7,71,2.07026118889699,25.1465677115675
"83","Barriers","Unnamed: Central Lowlands 6",0,0,0,0,NA
"84","Barriers","Unnamed: Black River 1",0,0,0,0,NA
"85","Barriers","Scatter Creek",0,0,0,0,NA
"86","Barriers","Black River",294,165,1605,1.42634728511547,983.57868447637
"87","Barriers","Unnamed: Central Lowlands 5",0,0,0,0,NA
"88","Barriers","Garrard Creek",44,28,240,1.79748035033514,99.1737732240161
"89","Barriers","Unnamed: Black Hills 5",0,0,0,0,NA
"90","Barriers","Unnamed: Central Lowlands 4",40,23,219,1.78837363206074,90.7373640788103
"91","Barriers","Rock Creek (Lower Chehalis)",15,10,81,2.19512403135712,27.5509985628577
"92","Barriers","Cedar Creek",187,129,1004,2.45737333830574,315.313037630697
"93","Barriers","Unnamed: Black Hills 4",0,0,0,0,NA
"94","Barriers","Unnamed: Central Lowlands 3",0,0,0,0,NA
"95","Barriers","Porter Creek",57,42,303,2.04911055170899,111.33173835412
"96","Barriers","Unnamed: Black Hills 3",0,0,0,0,NA
"97","Barriers","Mox Chehalis Creek",96,68,514,2.08555562902746,184.43397559092
"98","Barriers","Unnamed: Black Hills 2",0,0,0,0,NA
"99","Barriers","Unnamed: Central Lowlands 2",20,14,104,1.32451335080641,81.6307463169096
"100","Barriers","Cloquallum Creek",166,95,905,1.37158341215991,612.736841763443
"101","Barriers","Unnamed: Black Hills 1",0,0,0,0,NA
"102","Barriers","Unnamed: Central Lowlands 1",0,0,0,0,NA
"103","Barriers","Satsop River",2155,1278,11711,2.13816907904052,4048.39179888516
"104","Barriers","Unnamed: Olympic Mountains 1",0,0,0,0.0976517372915801,NA
"105","Barriers","Wynoochee River",1344,852,7261,2.82858367914447,2078.99507587687
"106","Barriers","Wishkah River",0,0,0,0.505010564086978,NA
"107","Barriers","Hoquiam River",255,134,1399,1.42690157603008,852.327380168853
"108","Barriers","Humptulips River",1568,935,8526,2.22038644797028,2852.83891525333
"109","Barriers","Johns River",160,93,870,2.10730213542585,304.495341317541
"110","Barriers","Elk River",79,46,428,2.18553222070743,145.636738015319
"111","Barriers","Andrews",22,12,120,1.73339618383013,51.9974290636553
"112","Barriers","Upper Chehalis Estuary",0,0,0,0,NA
"113","Barriers","Lower Chehalis Estuary",0,0,0,0,NA
"114","Barriers","Upper Skookumchuck",0,0,0,0,NA
"115","Barriers","Mainstem: Upper Chehalis 1",0,0,0,0.822669750015584,NA
"116","Barriers","Mainstem: Upper Chehalis 2",0,0,0,0.85240917848866,NA
"117","Barriers","Mainstem: Middle Chehalis 1",5,3,27,1.2271174475773,27.0150413512301
"118","Barriers","Mainstem: Middle Chehalis 2",0,0,0,0.357395013441375,NA
"119","Barriers","Mainstem: Middle Chehalis 3",0,0,0,0,NA
"120","Barriers","Mainstem: Lower Chehalis 1",45,27,243,1.51789409306353,131.890351913089
"121","Barriers","Mainstem: Lower Chehalis 2",136,76,741,2.11121421605663,258.388643013067
"122","Barriers","Mainstem: Lower Chehalis 3",85,57,459,1.63698290585938,218.441571536873
"123","Barriers","Mainstem: Lower Chehalis 4",0,0,0,0.683412643861881,NA
"124","Barriers","Mainstem: Lower Chehalis 5",0,0,0,0,NA
"125","Barriers","Mainstem: Lower Chehalis 6",0,0,0,0,NA
"126","Barriers","Mainstem: Lower Chehalis 7",32,27,168,1.17939733518957,210.375001870483
"127","Fine.sediment","Upper Chehalis: Above Proposed Dam",441,293,2374,3.22125280931909,639.536608777632
"128","Fine.sediment","Upper Chehalis: Proposed Dam to Elk Creek",73,49,390,4.84148077142513,92.0030887419796
"129","Fine.sediment","Elk Creek",193,124,1044,3.76741116237675,262.740269398294
"130","Fine.sediment","Unnamed: Willapa Hills 3",19,13,105,3.49711330348911,26.6087857020553
"131","Fine.sediment","South Fork Chehalis",407,277,2183,3.6317937755917,561.647375404061
"132","Fine.sediment","Unnamed: Willapa Hills 2",69,56,472,3.14653788121051,101.14478561221
"133","Fine.sediment","Unnamed: Willapa Hills 1",0,0,0,0,NA
"134","Fine.sediment","Unnamed: Willapa Hills 4",1,1,5,1.11857310839115,9.43361545942735
"135","Fine.sediment","Stearns Creek",47,38,264,2.79931630888359,73.1210326210859
"136","Fine.sediment","Bunker Creek",82,67,471,2.34089673791279,143.153105739999
"137","Fine.sediment","Unnamed: Central Lowlands 9",0,0,0,0.848395730963405,NA
"138","Fine.sediment","Newaukum River",980,626,5294,2.59647081351502,1593.85400328259
"139","Fine.sediment","Dillenbaugh Creek",0,0,0,1.15845051785866,0
"140","Fine.sediment","Unnamed: Central Lowlands 8",0,0,0,0.876769332875111,NA
"141","Fine.sediment","Salzer Creek",0,0,0,0,NA
"142","Fine.sediment","Unnamed: Cascade Mountains 1",0,0,0,0.0726973282126882,NA
"143","Fine.sediment","Unnamed: Central Lowlands 7",0,0,0,0,NA
"144","Fine.sediment","Skookumchuck River",148,94,802,2.19577174080778,271.769441064079
"145","Fine.sediment","Lincoln Creek",15,9,81,2.93793447938598,22.7401997640047
"146","Fine.sediment","Unnamed: Central Lowlands 6",0,0,0,0,NA
"147","Fine.sediment","Unnamed: Black River 1",0,0,0,0,NA
"148","Fine.sediment","Scatter Creek",0,0,0,0,NA
"149","Fine.sediment","Black River",517,322,2838,2.23855600324447,934.421576937731
"150","Fine.sediment","Unnamed: Central Lowlands 5",0,0,0,0,NA
"151","Fine.sediment","Garrard Creek",57,40,326,2.65341664439058,91.4740693117972
"152","Fine.sediment","Unnamed: Black Hills 5",0,0,0,0,NA
"153","Fine.sediment","Unnamed: Central Lowlands 4",8,4,42,2.43646614711086,13.5692227875264
"154","Fine.sediment","Rock Creek (Lower Chehalis)",17,12,91,2.70949566686385,26.9444534019716
"155","Fine.sediment","Cedar Creek",239,176,1271,4.10502618202155,315.971975754613
"156","Fine.sediment","Unnamed: Black Hills 4",0,0,0,0,NA
"157","Fine.sediment","Unnamed: Central Lowlands 3",0,0,0,0,NA
"158","Fine.sediment","Porter Creek",70,56,368,3.29396169668488,100.514894865577
"159","Fine.sediment","Unnamed: Black Hills 3",0,0,0,0,NA
"160","Fine.sediment","Mox Chehalis Creek",123,93,650,3.20926878507889,178.674529432872
"161","Fine.sediment","Unnamed: Black Hills 2",0,0,0,0,NA
"162","Fine.sediment","Unnamed: Central Lowlands 2",52,41,276,2.39277581673715,89.3355132786698
"163","Fine.sediment","Cloquallum Creek",336,218,1818,2.28770027355462,596.930285486771
"164","Fine.sediment","Unnamed: Black Hills 1",0,0,0,0,NA
"165","Fine.sediment","Unnamed: Central Lowlands 1",0,0,0,0,NA
"166","Fine.sediment","Satsop River",2828,1853,15256,3.48319834845332,3966.85385022161
"167","Fine.sediment","Unnamed: Olympic Mountains 1",0,0,0,0.0975165649768494,NA
"168","Fine.sediment","Wynoochee River",1437,989,8042,3.5928562963238,1991.2150569769
"169","Fine.sediment","Wishkah River",0,0,0,0.621691550869257,NA
"170","Fine.sediment","Hoquiam River",424,252,2331,2.18173974476409,782.79304379717
"171","Fine.sediment","Humptulips River",1860,1175,10067,2.92087646147356,2828.307976752
"172","Fine.sediment","Johns River",206,131,1110,3.56086772572679,286.441483927693
"173","Fine.sediment","Elk River",97,65,550,3.47430143447056,136.202984183193
"174","Fine.sediment","Andrews",34,21,183,3.10263862283777,50.1701585953523
"175","Fine.sediment","Upper Chehalis Estuary",0,0,0,0,NA
"176","Fine.sediment","Lower Chehalis Estuary",0,0,0,0,NA
"177","Fine.sediment","Upper Skookumchuck",0,0,0,0,NA
"178","Fine.sediment","Mainstem: Upper Chehalis 1",0,0,2,1.54113153326181,0
"179","Fine.sediment","Mainstem: Upper Chehalis 2",1,0,3,1.48575828723308,3.05863703467845
"180","Fine.sediment","Mainstem: Middle Chehalis 1",36,28,193,2.25203117522137,64.7532776439333
"181","Fine.sediment","Mainstem: Middle Chehalis 2",0,0,0,0.560597934591059,NA
"182","Fine.sediment","Mainstem: Middle Chehalis 3",0,0,0,0,NA
"183","Fine.sediment","Mainstem: Lower Chehalis 1",78,54,416,2.29655392263924,138.159472458519
"184","Fine.sediment","Mainstem: Lower Chehalis 2",175,105,951,3.20772568388532,254.267094312198
"185","Fine.sediment","Mainstem: Lower Chehalis 3",126,92,673,2.46044098153654,212.275311082708
"186","Fine.sediment","Mainstem: Lower Chehalis 4",0,0,0,0.946831074942826,NA
"187","Fine.sediment","Mainstem: Lower Chehalis 5",0,0,0,0,NA
"188","Fine.sediment","Mainstem: Lower Chehalis 6",0,0,0,0,NA
"189","Fine.sediment","Mainstem: Lower Chehalis 7",93,89,481,2.08339148519988,178.841545988191
"190","Wood","Upper Chehalis: Above Proposed Dam",259,137,1420,1.54533827873191,733.934568323831
"191","Wood","Upper Chehalis: Proposed Dam to Elk Creek",61,35,333,2.33283920576068,106.766961038024
"192","Wood","Elk Creek",141,78,773,1.91270864429337,295.485224700773
"193","Wood","Unnamed: Willapa Hills 3",18,10,99,2.26293054348335,32.2525652680418
"194","Wood","South Fork Chehalis",313,183,1703,1.93197058413182,648.847509920687
"195","Wood","Unnamed: Willapa Hills 2",44,31,310,1.66084611818197,110.581309611149
"196","Wood","Unnamed: Willapa Hills 1",0,0,0,0,NA
"197","Wood","Unnamed: Willapa Hills 4",2,3,21,1.20317771724388,11.8435991265683
"198","Wood","Stearns Creek",50,37,288,2.39843199506971,85.754330690573
"199","Wood","Bunker Creek",30,21,175,1.29976684012821,130.077780408163
"200","Wood","Unnamed: Central Lowlands 9",0,0,0,0.80023733665427,NA
"201","Wood","Newaukum River",765,434,4175,1.76169376962641,1769.3406294044
"202","Wood","Dillenbaugh Creek",0,0,0,1.06669578114784,0
"203","Wood","Unnamed: Central Lowlands 8",0,0,0,0.473245207968153,NA
"204","Wood","Salzer Creek",0,0,0,0,NA
"205","Wood","Unnamed: Cascade Mountains 1",0,0,0,0.0977639969668445,NA
"206","Wood","Unnamed: Central Lowlands 7",0,0,0,0,NA
"207","Wood","Skookumchuck River",180,106,979,2.2698116328099,321.753308403457
"208","Wood","Lincoln Creek",14,7,74,2.16418513020957,26.0255787818556
"209","Wood","Unnamed: Central Lowlands 6",0,0,0,0,NA
"210","Wood","Unnamed: Black River 1",0,0,0,0,NA
"211","Wood","Scatter Creek",0,0,0,0,NA
"212","Wood","Black River",360,200,1989,1.51246401037546,1062.48835569203
"213","Wood","Unnamed: Central Lowlands 5",0,0,0,0,NA
"214","Wood","Garrard Creek",48,31,273,1.85622407085531,104.060091784211
"215","Wood","Unnamed: Black Hills 5",0,0,0,0,NA
"216","Wood","Unnamed: Central Lowlands 4",12,7,67,3.08057798620883,17.7676280723637
"217","Wood","Rock Creek (Lower Chehalis)",18,12,94,2.39045715544274,30.9453826962893
"218","Wood","Cedar Creek",211,142,1133,2.58278093071981,344.309667752973
"219","Wood","Unnamed: Black Hills 4",0,0,0,0,NA
"220","Wood","Unnamed: Central Lowlands 3",0,0,0,0,NA
"221","Wood","Porter Creek",63,46,337,2.12034302118148,119.232777648369
"222","Wood","Unnamed: Black Hills 3",0,0,0,0,NA
"223","Wood","Mox Chehalis Creek",107,74,571,2.19005438901972,196.911856959865
"224","Wood","Unnamed: Black Hills 2",0,0,0,0,NA
"225","Wood","Unnamed: Central Lowlands 2",27,19,147,1.44557872367929,87.5953528863591
"226","Wood","Cloquallum Creek",187,107,1020,1.40135748845644,652.918801513266
"227","Wood","Unnamed: Black Hills 1",0,0,0,0,NA
"228","Wood","Unnamed: Central Lowlands 1",0,0,0,0,NA
"229","Wood","Satsop River",2537,1495,13816,2.33021667446187,4444.20808775482
"230","Wood","Unnamed: Olympic Mountains 1",0,0,0,0.105266926410525,NA
"231","Wood","Wynoochee River",1464,936,8251,2.90324350440957,2233.21318612574
"232","Wood","Wishkah River",0,0,0,0.474747728512401,NA
"233","Wood","Hoquiam River",253,131,1403,1.38628910957503,907.949864567323
"234","Wood","Humptulips River",1849,1092,10065,2.40659346162587,3163.52338606974
"235","Wood","Johns River",166,96,903,2.11741581104053,314.5570531219
"236","Wood","Elk River",78,47,447,2.09281373829323,149.375383806779
"237","Wood","Andrews",25,14,138,1.81110902081455,55.8219972389089
"238","Wood","Upper Chehalis Estuary",0,0,0,0,NA
"239","Wood","Lower Chehalis Estuary",0,0,0,0,NA
"240","Wood","Upper Skookumchuck",0,0,0,0,NA
"241","Wood","Mainstem: Upper Chehalis 1",0,0,0,1.02871581963995,0
"242","Wood","Mainstem: Upper Chehalis 2",0,0,0,1.06569696429598,0
"243","Wood","Mainstem: Middle Chehalis 1",26,15,141,1.53438929284098,74.6536694284721
"244","Wood","Mainstem: Middle Chehalis 2",0,0,0,0.443670585215841,NA
"245","Wood","Mainstem: Middle Chehalis 3",0,0,0,0,NA
"246","Wood","Mainstem: Lower Chehalis 1",72,44,390,1.89473454134974,152.470795160524
"247","Wood","Mainstem: Lower Chehalis 2",179,98,979,2.54163304463962,295.11064035141
"248","Wood","Mainstem: Lower Chehalis 3",128,83,692,2.02549406549752,252.817884672888
"249","Wood","Mainstem: Lower Chehalis 4",0,0,0,0.822324648530506,NA
"250","Wood","Mainstem: Lower Chehalis 5",0,0,0,0,NA
"251","Wood","Mainstem: Lower Chehalis 6",0,0,0,0,NA
"252","Wood","Mainstem: Lower Chehalis 7",63,52,333,1.40596602270676,218.18540093565
"253","Shade","Upper Chehalis: Above Proposed Dam",190,102,1039,1.40013123290038,664.844212042062
"254","Shade","Upper Chehalis: Proposed Dam to Elk Creek",56,32,306,2.22635852342579,101.663644790893
"255","Shade","Elk Creek",126,71,687,1.87304046038474,270.323208049799
"256","Shade","Unnamed: Willapa Hills 3",17,10,95,2.21266428529249,31.0187191180448
"257","Shade","South Fork Chehalis",280,163,1526,1.89502773977927,592.839465812594
"258","Shade","Unnamed: Willapa Hills 2",42,29,291,1.61692332263104,110.079773383958
"259","Shade","Unnamed: Willapa Hills 1",0,0,0,0,NA
"260","Shade","Unnamed: Willapa Hills 4",4,5,45,1.40014747703954,13.9963144328528
"261","Shade","Stearns Creek",63,42,362,2.88517353048894,96.4186741862752
"262","Shade","Bunker Creek",66,43,388,1.60808634431038,174.537217810489
"263","Shade","Unnamed: Central Lowlands 9",2,2,14,1.18945185351558,12.5567718810179
"264","Shade","Newaukum River",734,421,4007,1.73688804144157,1730.08075951956
"265","Shade","Dillenbaugh Creek",9,7,70,1.43173650148344,29.8460483861711
"266","Shade","Unnamed: Central Lowlands 8",4,2,21,1.5706349920117,11.0097348672897
"267","Shade","Salzer Creek",0,0,0,0,NA
"268","Shade","Unnamed: Cascade Mountains 1",0,0,0,0.55965972376925,NA
"269","Shade","Unnamed: Central Lowlands 7",0,0,0,0,NA
"270","Shade","Skookumchuck River",146,88,792,1.94148261102843,301.07455824438
"271","Shade","Lincoln Creek",14,8,78,2.29377493625441,24.8210474694549
"272","Shade","Unnamed: Central Lowlands 6",0,0,0,0,NA
"273","Shade","Unnamed: Black River 1",0,0,0,0,NA
"274","Shade","Scatter Creek",0,0,0,0,NA
"275","Shade","Black River",349,194,1932,1.51605911918766,1025.27910645076
"276","Shade","Unnamed: Central Lowlands 5",0,0,0,0,NA
"277","Shade","Garrard Creek",45,28,260,1.76062020634247,104.162246315264
"278","Shade","Unnamed: Black Hills 5",0,0,0,0,NA
"279","Shade","Unnamed: Central Lowlands 4",0,0,0,2.07545064265418,0
"280","Shade","Rock Creek (Lower Chehalis)",17,11,94,2.30264838200115,30.0503367101138
"281","Shade","Cedar Creek",212,137,1146,2.56970286394081,347.057407914619
"282","Shade","Unnamed: Black Hills 4",0,0,0,0,NA
"283","Shade","Unnamed: Central Lowlands 3",0,0,0,0,NA
"284","Shade","Porter Creek",69,44,372,2.32671340732539,121.008217915806
"285","Shade","Unnamed: Black Hills 3",0,0,0,0,NA
"286","Shade","Mox Chehalis Creek",127,78,688,2.36102198034787,220.312232891007
"287","Shade","Unnamed: Black Hills 2",0,0,0,0,NA
"288","Shade","Unnamed: Central Lowlands 2",36,22,192,1.50360571282035,107.484494880704
"289","Shade","Cloquallum Creek",197,109,1077,1.43241295908754,652.583015864514
"290","Shade","Unnamed: Black Hills 1",0,0,0,0,NA
"291","Shade","Unnamed: Central Lowlands 1",0,0,0,0,NA
"292","Shade","Satsop River",2206,1308,12013,2.18018250438545,4075.20242572883
"293","Shade","Unnamed: Olympic Mountains 1",0,0,0,0.121343278879496,NA
"294","Shade","Wynoochee River",1237,801,6966,2.60590024602017,2007.28445762158
"295","Shade","Wishkah River",0,0,0,0.475706172078104,NA
"296","Shade","Hoquiam River",230,121,1276,1.38419458255094,828.654979653447
"297","Shade","Humptulips River",1576,940,8576,2.22929528652976,2858.03533949029
"298","Shade","Johns River",150,87,819,2.07036056287489,290.139692364145
"299","Shade","Elk River",73,44,414,2.09539895259173,139.642386161938
"300","Shade","Andrews",22,12,122,1.74673960311322,51.4614078432164
"301","Shade","Upper Chehalis Estuary",0,0,0,0,NA
"302","Shade","Lower Chehalis Estuary",0,0,0,0,NA
"303","Shade","Upper Skookumchuck",0,0,0,0,NA
"304","Shade","Mainstem: Upper Chehalis 1",0,0,0,0.873447677666834,NA
"305","Shade","Mainstem: Upper Chehalis 2",0,0,0,0.861139239472823,NA
"306","Shade","Mainstem: Middle Chehalis 1",16,9,85,1.35543584742991,61.0151556622469
"307","Shade","Mainstem: Middle Chehalis 2",0,0,0,0.567988574757824,NA
"308","Shade","Mainstem: Middle Chehalis 3",0,0,0,0,NA
"309","Shade","Mainstem: Lower Chehalis 1",56,34,306,1.67552875668582,138.898025355337
"310","Shade","Mainstem: Lower Chehalis 2",140,79,765,2.15486779712587,261.225996904944
"311","Shade","Mainstem: Lower Chehalis 3",141,92,757,2.1224252297542,266.62083982278
"312","Shade","Mainstem: Lower Chehalis 4",0,0,1,0.918509386301023,NA
"313","Shade","Mainstem: Lower Chehalis 5",0,0,0,0,NA
"314","Shade","Mainstem: Lower Chehalis 6",0,0,0,0,NA
"315","Shade","Mainstem: Lower Chehalis 7",157,123,830,1.98848001971969,315.82971518688
"316","LR.bank","Upper Chehalis: Above Proposed Dam",180,97,985,1.37449129848411,660.652022433134
"317","LR.bank","Upper Chehalis: Proposed Dam to Elk Creek",55,32,300,2.18606914379814,101.371664154312
"318","LR.bank","Elk Creek",126,71,687,1.87068071599729,270.714357036929
"319","LR.bank","Unnamed: Willapa Hills 3",17,9,90,2.09088484324285,32.5836797122091
"320","LR.bank","South Fork Chehalis",257,153,1397,1.79265353437757,581.227406873052
"321","LR.bank","Unnamed: Willapa Hills 2",41,28,281,1.56266558627901,113.867438492443
"322","LR.bank","Unnamed: Willapa Hills 1",0,0,0,0,NA
"323","LR.bank","Unnamed: Willapa Hills 4",0,0,2,1.00971423113308,0
"324","LR.bank","Stearns Creek",44,32,251,2.1827054931142,81.2028372711307
"325","LR.bank","Bunker Creek",20,14,115,1.19850629696828,120.752471359615
"326","LR.bank","Unnamed: Central Lowlands 9",0,0,0,0.659334379928065,NA
"327","LR.bank","Newaukum River",636,365,3468,1.64153265699596,1627.37587629309
"328","LR.bank","Dillenbaugh Creek",0,0,0,0.885189819523036,NA
"329","LR.bank","Unnamed: Central Lowlands 8",0,0,0,0.389300071542352,NA
"330","LR.bank","Salzer Creek",0,0,0,0,NA
"331","LR.bank","Unnamed: Cascade Mountains 1",0,0,0,0.066483355860816,NA
"332","LR.bank","Unnamed: Central Lowlands 7",0,0,0,0,NA
"333","LR.bank","Skookumchuck River",132,80,719,1.86284253142019,284.982723026802
"334","LR.bank","Lincoln Creek",13,7,71,2.07286867865312,25.1170468097924
"335","LR.bank","Unnamed: Central Lowlands 6",0,0,0,0,NA
"336","LR.bank","Unnamed: Black River 1",0,0,0,0,NA
"337","LR.bank","Scatter Creek",0,0,0,0,NA
"338","LR.bank","Black River",294,166,1626,1.4263739328048,983.535586910737
"339","LR.bank","Unnamed: Central Lowlands 5",0,0,0,0,NA
"340","LR.bank","Garrard Creek",37,24,212,1.61162236666184,97.4948445589739
"341","LR.bank","Unnamed: Black Hills 5",0,0,0,0,NA
"342","LR.bank","Unnamed: Central Lowlands 4",0,0,0,1.96885934985981,0
"343","LR.bank","Rock Creek (Lower Chehalis)",15,10,81,2.19457802847341,27.5567352173461
"344","LR.bank","Cedar Creek",187,129,1005,2.45676852039457,315.366310352005
"345","LR.bank","Unnamed: Black Hills 4",0,0,0,0,NA
"346","LR.bank","Unnamed: Central Lowlands 3",0,0,0,0,NA
"347","LR.bank","Porter Creek",57,42,303,2.04893248820115,111.340961540577
"348","LR.bank","Unnamed: Black Hills 3",0,0,0,0,NA
"349","LR.bank","Mox Chehalis Creek",96,68,516,2.08519299325716,184.463527314031
"350","LR.bank","Unnamed: Black Hills 2",0,0,0,0,NA
"351","LR.bank","Unnamed: Central Lowlands 2",20,14,105,1.32439847708968,81.6525705651533
"352","LR.bank","Cloquallum Creek",164,94,896,1.36616848066279,611.881258657618
"353","LR.bank","Unnamed: Black Hills 1",0,0,0,0,NA
"354","LR.bank","Unnamed: Central Lowlands 1",0,0,0,0,NA
"355","LR.bank","Satsop River",2134,1269,11614,2.13068299909141,4021.35481272367
"356","LR.bank","Unnamed: Olympic Mountains 1",0,0,0,0.0976899606788339,NA
"357","LR.bank","Wynoochee River",1237,801,6963,2.59352353348541,2013.26716769874
"358","LR.bank","Wishkah River",0,0,0,0.47411000164497,NA
"359","LR.bank","Hoquiam River",229,120,1270,1.38184896146084,828.713559842917
"360","LR.bank","Humptulips River",1566,934,8522,2.2189579660946,2850.70385653845
"361","LR.bank","Johns River",150,87,818,2.06953431732056,290.247954245906
"362","LR.bank","Elk River",73,44,414,2.09506811338709,139.662519990842
"363","LR.bank","Andrews",22,12,120,1.73339618383013,51.9974290636553
"364","LR.bank","Upper Chehalis Estuary",0,0,0,0,NA
"365","LR.bank","Lower Chehalis Estuary",0,0,0,0,NA
"366","LR.bank","Upper Skookumchuck",0,0,0,0,NA
"367","LR.bank","Mainstem: Upper Chehalis 1",0,0,0,0.822760265334938,NA
"368","LR.bank","Mainstem: Upper Chehalis 2",0,0,0,0.852689724150903,NA
"369","LR.bank","Mainstem: Middle Chehalis 1",9,5,47,1.22932346161195,48.2458753968639
"370","LR.bank","Mainstem: Middle Chehalis 2",0,0,0,0.359292552221274,NA
"371","LR.bank","Mainstem: Middle Chehalis 3",0,0,0,0,NA
"372","LR.bank","Mainstem: Lower Chehalis 1",45,27,244,1.5180794885034,131.859258084108
"373","LR.bank","Mainstem: Lower Chehalis 2",139,78,759,2.11493811988227,263.67059608176
"374","LR.bank","Mainstem: Lower Chehalis 3",87,58,470,1.63956095307114,223.030818614286
"375","LR.bank","Mainstem: Lower Chehalis 4",0,0,0,0.685697860066709,NA
"376","LR.bank","Mainstem: Lower Chehalis 5",0,0,0,0,NA
"377","LR.bank","Mainstem: Lower Chehalis 6",0,0,0,0,NA
"378","LR.bank","Mainstem: Lower Chehalis 7",32,27,169,1.17892958633511,210.841300957733
"379","LR.length","Upper Chehalis: Above Proposed Dam",179,97,984,1.3745031445214,656.966614215628
"380","LR.length","Upper Chehalis: Proposed Dam to Elk Creek",55,32,299,2.18603559206363,101.372975961289
"381","LR.length","Elk Creek",126,71,686,1.87061543499199,270.725208095076
"382","LR.length","Unnamed: Willapa Hills 3",16,9,90,2.08969784886735,30.6829692438419
"383","LR.length","South Fork Chehalis",258,153,1402,1.79420955335286,582.85129259755
"384","LR.length","Unnamed: Willapa Hills 2",41,28,280,1.56180470087525,113.979097426784
"385","LR.length","Unnamed: Willapa Hills 1",0,0,0,0,NA
"386","LR.length","Unnamed: Willapa Hills 4",0,0,3,1.01155151897726,0
"387","LR.length","Stearns Creek",45,33,253,2.18649632890093,82.9267924424883
"388","LR.length","Bunker Creek",21,15,120,1.20059648724241,125.687775387726
"389","LR.length","Unnamed: Central Lowlands 9",0,0,0,0.660663000640141,NA
"390","LR.length","Newaukum River",641,367,3500,1.64191588598595,1639.57319937714
"391","LR.length","Dillenbaugh Creek",0,0,0,0.885498731189742,NA
"392","LR.length","Unnamed: Central Lowlands 8",0,0,0,0.389522995607368,NA
"393","LR.length","Salzer Creek",0,0,0,0,NA
"394","LR.length","Unnamed: Cascade Mountains 1",0,0,0,0.0665214260822924,NA
"395","LR.length","Unnamed: Central Lowlands 7",0,0,0,0,NA
"396","LR.length","Skookumchuck River",164,99,890,1.86917109630517,352.685519683249
"397","LR.length","Lincoln Creek",13,7,72,2.09598339817083,24.8614935424174
"398","LR.length","Unnamed: Central Lowlands 6",0,0,0,0,NA
"399","LR.length","Unnamed: Black River 1",0,0,0,0,NA
"400","LR.length","Scatter Creek",0,0,0,0,NA
"401","LR.length","Black River",293,166,1624,1.42651388481021,979.96474003508
"402","LR.length","Unnamed: Central Lowlands 5",0,0,0,0,NA
"403","LR.length","Garrard Creek",37,24,211,1.61038081379542,97.6178948678447
"404","LR.length","Unnamed: Black Hills 5",0,0,0,0,NA
"405","LR.length","Unnamed: Central Lowlands 4",0,0,0,1.96741245728496,0
"406","LR.length","Rock Creek (Lower Chehalis)",15,10,81,2.19512403135712,27.5509985628577
"407","LR.length","Cedar Creek",187,129,1004,2.45737333830574,315.313037630697
"408","LR.length","Unnamed: Black Hills 4",0,0,0,0,NA
"409","LR.length","Unnamed: Central Lowlands 3",0,0,0,0,NA
"410","LR.length","Porter Creek",57,42,303,2.04911184278495,111.331671491468
"411","LR.length","Unnamed: Black Hills 3",0,0,0,0,NA
"412","LR.length","Mox Chehalis Creek",96,68,515,2.08555690332126,184.433871781652
"413","LR.length","Unnamed: Black Hills 2",0,0,0,0,NA
"414","LR.length","Unnamed: Central Lowlands 2",20,14,105,1.32451418371538,81.6305881333718
"415","LR.length","Cloquallum Creek",164,94,895,1.36621044170361,611.829939629996
"416","LR.length","Unnamed: Black Hills 1",0,0,0,0,NA
"417","LR.length","Unnamed: Central Lowlands 1",0,0,0,0,NA
"418","LR.length","Satsop River",2150,1280,11703,2.12548353492974,4060.29005158588
"419","LR.length","Unnamed: Olympic Mountains 1",0,0,0,0.0976517372915801,NA
"420","LR.length","Wynoochee River",1278,828,7193,2.58776300759584,2082.90601801784
"421","LR.length","Wishkah River",0,0,0,0.4740685740457,NA
"422","LR.length","Hoquiam River",229,120,1270,1.38184966503761,828.712454841215
"423","LR.length","Humptulips River",1600,955,8702,2.21616841574433,2915.60726235499
"424","LR.length","Johns River",150,87,818,2.06953431732056,290.247954245906
"425","LR.length","Elk River",73,44,414,2.09506811338709,139.662519990842
"426","LR.length","Andrews",22,12,120,1.73339618383013,51.9974290636553
"427","LR.length","Upper Chehalis Estuary",0,0,0,0,NA
"428","LR.length","Lower Chehalis Estuary",0,0,0,0,NA
"429","LR.length","Upper Skookumchuck",0,0,0,0,NA
"430","LR.length","Mainstem: Upper Chehalis 1",0,0,0,0.822669750015584,NA
"431","LR.length","Mainstem: Upper Chehalis 2",0,0,0,0.85240917848866,NA
"432","LR.length","Mainstem: Middle Chehalis 1",8,5,44,1.22670420098668,43.2882741704018
"433","LR.length","Mainstem: Middle Chehalis 2",0,0,0,0.360522083428772,NA
"434","LR.length","Mainstem: Middle Chehalis 3",0,0,0,0,NA
"435","LR.length","Mainstem: Lower Chehalis 1",55,33,297,1.52719970185756,159.324793443946
"436","LR.length","Mainstem: Lower Chehalis 2",168,94,921,2.14632200644012,314.555678994352
"437","LR.length","Mainstem: Lower Chehalis 3",85,57,459,1.63698290585938,218.441571536873
"438","LR.length","Mainstem: Lower Chehalis 4",0,0,0,0.683386807868074,NA
"439","LR.length","Mainstem: Lower Chehalis 5",0,0,0,0,NA
"440","LR.length","Mainstem: Lower Chehalis 6",0,0,0,0,NA
"441","LR.length","Mainstem: Lower Chehalis 7",32,27,168,1.17939733518957,210.375001870483
"442","Beaver","Upper Chehalis: Above Proposed Dam",207,110,1134,1.43746056790593,680.185505589409
"443","Beaver","Upper Chehalis: Proposed Dam to Elk Creek",57,32,309,2.33603715345527,99.6634842096913
"444","Beaver","Elk Creek",149,82,817,2.06187121558605,289.318334100211
"445","Beaver","Unnamed: Willapa Hills 3",20,11,109,2.39265055186597,34.3611044229313
"446","Beaver","South Fork Chehalis",283,165,1542,1.91182568484647,593.366339425557
"447","Beaver","Unnamed: Willapa Hills 2",55,38,381,1.78296435362395,125.245854419083
"448","Beaver","Unnamed: Willapa Hills 1",0,0,0,0,NA
"449","Beaver","Unnamed: Willapa Hills 4",2,3,21,1.18662931660632,12.7164299605662
"450","Beaver","Stearns Creek",53,38,300,2.50953462658461,88.1101584995867
"451","Beaver","Bunker Creek",36,26,210,1.34750895396088,139.594453005239
"452","Beaver","Unnamed: Central Lowlands 9",0,0,0,0.766442979362811,NA
"453","Beaver","Newaukum River",719,400,3930,1.75244296572216,1674.55415194816
"454","Beaver","Dillenbaugh Creek",0,0,0,1.01094775702728,0
"455","Beaver","Unnamed: Central Lowlands 8",0,0,0,0.625337299973185,NA
"456","Beaver","Salzer Creek",0,0,0,0,NA
"457","Beaver","Unnamed: Cascade Mountains 1",0,0,0,0.0705196856855573,NA
"458","Beaver","Unnamed: Central Lowlands 7",0,0,0,0,NA
"459","Beaver","Skookumchuck River",133,80,723,1.88100189501227,283.964487991422
"460","Beaver","Lincoln Creek",12,7,65,2.14011905683547,22.5252165798433
"461","Beaver","Unnamed: Central Lowlands 6",0,0,0,0,NA
"462","Beaver","Unnamed: Black River 1",0,0,0,0,NA
"463","Beaver","Scatter Creek",0,0,0,0,NA
"464","Beaver","Black River",343,189,1901,1.50688966975976,1019.67585366765
"465","Beaver","Unnamed: Central Lowlands 5",0,0,0,0,NA
"466","Beaver","Garrard Creek",42,27,243,1.76501846897797,96.9006353482029
"467","Beaver","Unnamed: Black Hills 5",0,0,0,0,NA
"468","Beaver","Unnamed: Central Lowlands 4",0,0,0,1.9649313072187,0
"469","Beaver","Rock Creek (Lower Chehalis)",17,12,93,2.41929071514159,28.9778138605691
"470","Beaver","Cedar Creek",189,126,1014,2.59741719025632,307.315992311109
"471","Beaver","Unnamed: Black Hills 4",0,0,0,0,NA
"472","Beaver","Unnamed: Central Lowlands 3",0,0,0,0,NA
"473","Beaver","Porter Creek",55,40,291,2.14136979396284,103.187712948877
"474","Beaver","Unnamed: Black Hills 3",0,0,0,0,NA
"475","Beaver","Mox Chehalis Creek",97,67,516,2.1809152222343,179.139681302841
"476","Beaver","Unnamed: Black Hills 2",0,0,0,0,NA
"477","Beaver","Unnamed: Central Lowlands 2",25,17,134,1.42171175637359,84.2821983787736
"478","Beaver","Cloquallum Creek",187,106,1025,1.44088576914946,611.146146428703
"479","Beaver","Unnamed: Black Hills 1",0,0,0,0,NA
"480","Beaver","Unnamed: Central Lowlands 1",0,0,0,0,NA
"481","Beaver","Satsop River",2267,1305,12372,2.22875048502542,4111.96366644616
"482","Beaver","Unnamed: Olympic Mountains 1",0,0,0,0.0999538015709636,NA
"483","Beaver","Wynoochee River",1323,826,7470,2.72160209855524,2091.47025285939
"484","Beaver","Wishkah River",0,0,0,0.483503933877232,NA
"485","Beaver","Hoquiam River",257,133,1423,1.45310247406634,824.20061069976
"486","Beaver","Humptulips River",1664,964,9077,2.33231953599924,2912.94963635882
"487","Beaver","Johns River",179,99,980,2.30862822846236,315.784455742885
"488","Beaver","Elk River",86,50,491,2.33348561597509,150.492634168471
"489","Beaver","Andrews",29,15,156,1.97611070742724,58.7097447854413
"490","Beaver","Upper Chehalis Estuary",0,0,0,0,NA
"491","Beaver","Lower Chehalis Estuary",0,0,0,0,NA
"492","Beaver","Upper Skookumchuck",0,0,0,0,NA
"493","Beaver","Mainstem: Upper Chehalis 1",0,0,0,0.822415481329379,NA
"494","Beaver","Mainstem: Upper Chehalis 2",0,0,0,0.852116399680517,NA
"495","Beaver","Mainstem: Middle Chehalis 1",5,3,26,1.2252606570243,27.1965081077631
"496","Beaver","Mainstem: Middle Chehalis 2",0,0,0,0.357043657501843,NA
"497","Beaver","Mainstem: Middle Chehalis 3",0,0,0,0,NA
"498","Beaver","Mainstem: Lower Chehalis 1",45,27,243,1.51788490403255,131.891893642013
"499","Beaver","Mainstem: Lower Chehalis 2",136,76,743,2.11111932242355,258.399095448507
"500","Beaver","Mainstem: Lower Chehalis 3",85,57,459,1.63698290585938,218.441571536873
"501","Beaver","Mainstem: Lower Chehalis 4",0,0,0,0.683318010339163,NA
"502","Beaver","Mainstem: Lower Chehalis 5",0,0,0,0,NA
"503","Beaver","Mainstem: Lower Chehalis 6",0,0,0,0,NA
"504","Beaver","Mainstem: Lower Chehalis 7",32,27,168,1.17939318478323,210.379128720344
"505","Floodplain","Upper Chehalis: Above Proposed Dam",197,106,1079,1.4172326782831,669.158606585291
"506","Floodplain","Upper Chehalis: Proposed Dam to Elk Creek",56,32,307,2.23293216282425,101.420179380934
"507","Floodplain","Elk Creek",130,72,708,1.88545838288646,276.816612177999
"508","Floodplain","Unnamed: Willapa Hills 3",17,9,90,2.14053369701377,31.9053027056638
"509","Floodplain","South Fork Chehalis",313,177,1709,1.94551672635156,644.035920652366
"510","Floodplain","Unnamed: Willapa Hills 2",41,28,281,1.5987002906948,109.481677121651
"511","Floodplain","Unnamed: Willapa Hills 1",0,0,0,0,NA
"512","Floodplain","Unnamed: Willapa Hills 4",4,4,41,1.33393062977021,15.9785357897613
"513","Floodplain","Stearns Creek",59,37,340,2.51873927796615,97.8480108837449
"514","Floodplain","Bunker Creek",49,31,290,1.38468929286454,176.375523335021
"515","Floodplain","Unnamed: Central Lowlands 9",3,2,25,1.18366807442556,19.3338130994335
"516","Floodplain","Newaukum River",736,415,4020,1.70738470107423,1776.45224455988
"517","Floodplain","Dillenbaugh Creek",0,0,0,0.910162575445754,NA
"518","Floodplain","Unnamed: Central Lowlands 8",0,0,0,0.407321495997798,NA
"519","Floodplain","Salzer Creek",0,0,0,0,NA
"520","Floodplain","Unnamed: Cascade Mountains 1",0,0,0,0.0695609940704454,NA
"521","Floodplain","Unnamed: Central Lowlands 7",0,0,0,0,NA
"522","Floodplain","Skookumchuck River",479,304,2591,3.72533834924138,654.757993547235
"523","Floodplain","Lincoln Creek",12,7,66,2.0899596675925,23.0095816907662
"524","Floodplain","Unnamed: Central Lowlands 6",0,0,0,0,NA
"525","Floodplain","Unnamed: Black River 1",0,0,0,3.64698008414431,0
"526","Floodplain","Scatter Creek",0,0,0,0,NA
"527","Floodplain","Black River",445,238,2472,1.65860399520754,1120.67157690832
"528","Floodplain","Unnamed: Central Lowlands 5",0,0,0,0,NA
"529","Floodplain","Garrard Creek",47,28,275,1.88410718457219,100.160975071979
"530","Floodplain","Unnamed: Black Hills 5",0,0,0,0,NA
"531","Floodplain","Unnamed: Central Lowlands 4",8,4,44,2.3681384665615,13.8473613567099
"532","Floodplain","Rock Creek (Lower Chehalis)",17,11,91,2.27330590697246,30.3510729094322
"533","Floodplain","Cedar Creek",210,137,1132,2.5572520864663,344.852925756247
"534","Floodplain","Unnamed: Black Hills 4",0,0,0,0,NA
"535","Floodplain","Unnamed: Central Lowlands 3",0,0,0,0,NA
"536","Floodplain","Porter Creek",64,44,342,2.07873439787941,123.328783921058
"537","Floodplain","Unnamed: Black Hills 3",0,0,0,0,NA
"538","Floodplain","Mox Chehalis Creek",125,81,671,2.20597697381094,228.650403543771
"539","Floodplain","Unnamed: Black Hills 2",0,0,0,0,NA
"540","Floodplain","Unnamed: Central Lowlands 2",27,18,146,1.34362451712237,105.574137334865
"541","Floodplain","Cloquallum Creek",188,106,1031,1.38951546926389,670.650921041168
"542","Floodplain","Unnamed: Black Hills 1",0,0,0,0,NA
"543","Floodplain","Unnamed: Central Lowlands 1",0,0,0,0,NA
"544","Floodplain","Satsop River",2561,1541,13925,2.38448781204514,4410.7815421119
"545","Floodplain","Unnamed: Olympic Mountains 1",0,0,0,0.143400211738175,NA
"546","Floodplain","Wynoochee River",1757,1171,9859,3.29230689859541,2523.47677545995
"547","Floodplain","Wishkah River",0,0,0,0.52669078890465,NA
"548","Floodplain","Hoquiam River",226,119,1255,1.37823889547201,823.505974942034
"549","Floodplain","Humptulips River",2001,1225,10862,2.60391981213579,3248.56860340509
"550","Floodplain","Johns River",152,88,829,2.07894497014723,292.878361923555
"551","Floodplain","Elk River",73,44,414,2.09506811338709,139.662519990842
"552","Floodplain","Andrews",22,12,120,1.73339618383013,51.9974290636553
"553","Floodplain","Upper Chehalis Estuary",0,0,0,0,NA
"554","Floodplain","Lower Chehalis Estuary",0,0,0,0,NA
"555","Floodplain","Upper Skookumchuck",0,0,0,0,NA
"556","Floodplain","Mainstem: Upper Chehalis 1",0,0,0,0.8932083521594,NA
"557","Floodplain","Mainstem: Upper Chehalis 2",0,0,0,0.881519081220086,NA
"558","Floodplain","Mainstem: Middle Chehalis 1",18,11,100,1.38879203248366,64.2972450464414
"559","Floodplain","Mainstem: Middle Chehalis 2",0,0,0,0.907755306889236,NA
"560","Floodplain","Mainstem: Middle Chehalis 3",0,0,0,0.519347266377946,NA
"561","Floodplain","Mainstem: Lower Chehalis 1",129,83,694,2.41262919783779,220.319080900671
"562","Floodplain","Mainstem: Lower Chehalis 2",220,134,1196,2.90199244666652,335.668177539599
"563","Floodplain","Mainstem: Lower Chehalis 3",166,103,898,2.40464054111209,284.179701597231
"564","Floodplain","Mainstem: Lower Chehalis 4",53,31,287,1.39079170075004,188.622122727473
"565","Floodplain","Mainstem: Lower Chehalis 5",0,0,0,0,NA
"566","Floodplain","Mainstem: Lower Chehalis 6",0,0,0,0,NA
"567","Floodplain","Mainstem: Lower Chehalis 7",217,154,1161,2.70312788865749,344.412627933098
"568","FP.wood.comb","Upper Chehalis: Above Proposed Dam",277,147,1523,1.59292216370963,744.177678545437
"569","FP.wood.comb","Upper Chehalis: Proposed Dam to Elk Creek",63,35,342,2.38472581550209,108.496371407762
"570","FP.wood.comb","Elk Creek",145,80,796,1.92426619283729,301.881211412572
"571","FP.wood.comb","Unnamed: Willapa Hills 3",18,10,100,2.31954576510342,31.6410577609556
"572","FP.wood.comb","South Fork Chehalis",376,209,2055,2.08881104881245,721.330808692746
"573","FP.wood.comb","Unnamed: Willapa Hills 2",44,31,310,1.7012756474281,106.742803291927
"574","FP.wood.comb","Unnamed: Willapa Hills 1",0,0,0,0,NA
"575","FP.wood.comb","Unnamed: Willapa Hills 4",6,6,60,1.54519410697117,17.0052546850388
"576","FP.wood.comb","Stearns Creek",66,41,386,2.74696377518736,103.779833181098
"577","FP.wood.comb","Bunker Creek",62,38,366,1.49026938751863,188.4610876763
"578","FP.wood.comb","Unnamed: Central Lowlands 9",6,4,44,1.38171246441648,21.7186378735944
"579","FP.wood.comb","Newaukum River",876,488,4788,1.82600317443779,1936.52861188608
"580","FP.wood.comb","Dillenbaugh Creek",0,0,0,1.08458812581825,0
"581","FP.wood.comb","Unnamed: Central Lowlands 8",0,0,0,0.485781126269778,NA
"582","FP.wood.comb","Salzer Creek",0,0,0,0,NA
"583","FP.wood.comb","Unnamed: Cascade Mountains 1",0,0,0,0.100353693509317,NA
"584","FP.wood.comb","Unnamed: Central Lowlands 7",0,0,0,0,NA
"585","FP.wood.comb","Skookumchuck River",557,346,3017,4.21266919945735,730.376082446983
"586","FP.wood.comb","Lincoln Creek",13,7,70,2.18016561382358,24.0154031330245
"587","FP.wood.comb","Unnamed: Central Lowlands 6",0,0,0,0,NA
"588","FP.wood.comb","Unnamed: Black River 1",0,0,0,4.01584631104126,0
"589","FP.wood.comb","Scatter Creek",0,0,0,0,NA
"590","FP.wood.comb","Black River",513,272,2851,1.75549361523807,1192.02625469355
"591","FP.wood.comb","Unnamed: Central Lowlands 5",0,0,0,0,NA
"592","FP.wood.comb","Garrard Creek",57,34,330,2.18576090724396,105.070399059186
"593","FP.wood.comb","Unnamed: Black Hills 5",0,0,0,0,NA
"594","FP.wood.comb","Unnamed: Central Lowlands 4",15,7,81,3.75872311953649,20.4372981085975
"595","FP.wood.comb","Rock Creek (Lower Chehalis)",20,12,106,2.48141485406224,33.5006071696644
"596","FP.wood.comb","Cedar Creek",238,150,1284,2.69267164434319,378.606124522368
"597","FP.wood.comb","Unnamed: Black Hills 4",0,0,0,0,NA
"598","FP.wood.comb","Unnamed: Central Lowlands 3",0,0,0,0,NA
"599","FP.wood.comb","Porter Creek",69,46,370,2.15305743913384,128.840904414816
"600","FP.wood.comb","Unnamed: Black Hills 3",0,0,0,0,NA
"601","FP.wood.comb","Mox Chehalis Creek",138,88,745,2.31082381404103,243.277306165633
"602","FP.wood.comb","Unnamed: Black Hills 2",0,0,0,0,NA
"603","FP.wood.comb","Unnamed: Central Lowlands 2",37,24,198,1.46784476930822,116.086061076861
"604","FP.wood.comb","Cloquallum Creek",214,120,1174,1.42406343253175,718.64148422884
"605","FP.wood.comb","Unnamed: Black Hills 1",0,0,0,0,NA
"606","FP.wood.comb","Unnamed: Central Lowlands 1",0,0,0,0,NA
"607","FP.wood.comb","Satsop River",2997,1786,16307,2.59878364106709,4871.5500785833
"608","FP.wood.comb","Unnamed: Olympic Mountains 1",0,0,0,0.154855998910663,NA
"609","FP.wood.comb","Wynoochee River",2029,1335,11402,3.63724717376809,2798.36284933087
"610","FP.wood.comb","Wishkah River",0,0,0,0.527373545801299,NA
"611","FP.wood.comb","Hoquiam River",251,130,1389,1.38325403830004,905.918082829165
"612","FP.wood.comb","Humptulips River",2314,1402,12568,2.80691200160583,3594.6379048584
"613","FP.wood.comb","Johns River",168,97,914,2.12624508984475,317.168241899423
"614","FP.wood.comb","Elk River",78,47,447,2.09281373829323,149.375383806779
"615","FP.wood.comb","Andrews",25,14,138,1.81110902081455,55.8219972389089
"616","FP.wood.comb","Upper Chehalis Estuary",0,0,0,0,NA
"617","FP.wood.comb","Lower Chehalis Estuary",0,0,0,0,NA
"618","FP.wood.comb","Upper Skookumchuck",0,0,0,0,NA
"619","FP.wood.comb","Mainstem: Upper Chehalis 1",0,0,0,1.11600327463771,0
"620","FP.wood.comb","Mainstem: Upper Chehalis 2",0,0,0,1.08995835112004,0
"621","FP.wood.comb","Mainstem: Middle Chehalis 1",38,22,205,1.73168603556307,89.9348438442684
"622","FP.wood.comb","Mainstem: Middle Chehalis 2",1,0,3,1.05937427487525,17.8423109520257
"623","FP.wood.comb","Mainstem: Middle Chehalis 3",0,0,0,0.630082993130805,NA
"624","FP.wood.comb","Mainstem: Lower Chehalis 1",159,102,860,2.80413330970211,247.130959694022
"625","FP.wood.comb","Mainstem: Lower Chehalis 2",271,161,1472,3.4234768056489,382.822815621063
"626","FP.wood.comb","Mainstem: Lower Chehalis 3",220,133,1194,2.97732862240047,331.261222594816
"627","FP.wood.comb","Mainstem: Lower Chehalis 4",96,56,524,1.66768338174638,239.780723954675
"628","FP.wood.comb","Mainstem: Lower Chehalis 5",0,0,0,0,NA
"629","FP.wood.comb","Mainstem: Lower Chehalis 6",0,0,0,0,NA
"630","FP.wood.comb","Mainstem: Lower Chehalis 7",271,187,1451,3.21808033994414,393.177720581043
"631","Historical","Upper Chehalis: Above Proposed Dam",575,355,3115,3.9054045456296,772.907035309397
"632","Historical","Upper Chehalis: Proposed Dam to Elk Creek",83,52,448,5.69175513020869,100.690607820854
"633","Historical","Elk Creek",241,143,1311,4.26805217196034,314.744232747495
"634","Historical","Unnamed: Willapa Hills 3",26,16,142,4.61744623544124,33.1873908574701
"635","Historical","South Fork Chehalis",561,337,3044,4.58873106436018,717.322663899592
"636","Historical","Unnamed: Willapa Hills 2",141,86,765,5.3031161920558,173.766951601332
"637","Historical","Unnamed: Willapa Hills 1",0,0,0,0,NA
"638","Historical","Unnamed: Willapa Hills 4",41,25,224,4.69213827069622,52.1046762049539
"639","Historical","Stearns Creek",106,62,577,4.80432768783525,133.863004635207
"640","Historical","Bunker Creek",196,115,1068,4.32941878035678,254.869133903004
"641","Historical","Unnamed: Central Lowlands 9",41,23,226,4.20096542696567,53.8086356867858
"642","Historical","Newaukum River",1442,847,7846,3.23688691722328,2086.64590896262
"643","Historical","Dillenbaugh Creek",90,56,489,4.66869667607411,114.531872745694
"644","Historical","Unnamed: Central Lowlands 8",10,6,54,3.37971866495021,14.2021774032727
"645","Historical","Salzer Creek",0,0,0,0,NA
"646","Historical","Unnamed: Cascade Mountains 1",0,0,0,2.70788548839595,0
"647","Historical","Unnamed: Central Lowlands 7",0,0,0,0,NA
"648","Historical","Skookumchuck River",684,433,3697,4.73118888826604,867.319585387667
"649","Historical","Lincoln Creek",15,9,82,3.54021399678963,20.9050143094075
"650","Historical","Unnamed: Central Lowlands 6",0,0,0,0,NA
"651","Historical","Unnamed: Black River 1",0,0,0,4.80623340253416,0
"652","Historical","Scatter Creek",0,0,0,0,NA
"653","Historical","Black River",821,455,4491,2.98042570241353,1235.55733431426
"654","Historical","Unnamed: Central Lowlands 5",0,0,0,0,NA
"655","Historical","Garrard Creek",88,52,481,4.56787278028906,112.664556563273
"656","Historical","Unnamed: Black Hills 5",0,0,0,0,NA
"657","Historical","Unnamed: Central Lowlands 4",65,35,359,3.69239217193489,89.1420996085009
"658","Historical","Rock Creek (Lower Chehalis)",26,15,140,3.5473063140706,36.2068604220794
"659","Historical","Cedar Creek",299,178,1625,4.9752021323317,374.216300969485
"660","Historical","Unnamed: Black Hills 4",0,0,0,0,NA
"661","Historical","Unnamed: Central Lowlands 3",0,0,0,0,NA
"662","Historical","Porter Creek",87,53,470,4.44315027355626,112.267558220787
"663","Historical","Unnamed: Black Hills 3",0,0,0,0,NA
"664","Historical","Mox Chehalis Creek",195,117,1060,4.52278504962544,250.353930839673
"665","Historical","Unnamed: Black Hills 2",0,0,0,0,NA
"666","Historical","Unnamed: Central Lowlands 2",89,54,480,3.48207206951855,124.857137708843
"667","Historical","Cloquallum Creek",449,260,2447,2.70728348065036,711.990888794262
"668","Historical","Unnamed: Black Hills 1",0,0,0,0,NA
"669","Historical","Unnamed: Central Lowlands 1",0,0,0,0,NA
"670","Historical","Satsop River",3975,2462,21522,4.50209380085021,5110.03527490754
"671","Historical","Unnamed: Olympic Mountains 1",0,0,0,0.181074188407695,NA
"672","Historical","Wynoochee River",2757,1779,14870,5.60196633898377,3356.09173534042
"673","Historical","Wishkah River",0,0,0,0.750504460468494,NA
"674","Historical","Hoquiam River",513,292,2796,2.35218384493059,892.386280884262
"675","Historical","Humptulips River",2885,1776,15636,3.86864087776166,3890.70274319283
"676","Historical","Johns River",268,159,1457,4.09761498337963,354.518176544846
"677","Historical","Elk River",126,75,683,4.09652084542624,166.690828930188
"678","Historical","Andrews",44,26,241,3.70500348490249,60.2661527963193
"679","Historical","Upper Chehalis Estuary",0,0,0,0,NA
"680","Historical","Lower Chehalis Estuary",0,0,0,0,NA
"681","Historical","Upper Skookumchuck",0,0,0,0,NA
"682","Historical","Mainstem: Upper Chehalis 1",31,24,166,2.12385111428676,58.5837249311034
"683","Historical","Mainstem: Upper Chehalis 2",12,8,65,1.91789188891424,25.073435058016
"684","Historical","Mainstem: Middle Chehalis 1",90,67,478,3.2437786729229,130.110908034775
"685","Historical","Mainstem: Middle Chehalis 2",103,67,555,1.82674500536718,227.584967954242
"686","Historical","Mainstem: Middle Chehalis 3",0,0,0,0.784968162668875,NA
"687","Historical","Mainstem: Lower Chehalis 1",251,171,1348,4.08516086851842,332.357183854253
"688","Historical","Mainstem: Lower Chehalis 2",411,261,2221,4.85955576260936,517.488939473732
"689","Historical","Mainstem: Lower Chehalis 3",82,57,437,4.82824857443817,103.419716720468
"690","Historical","Mainstem: Lower Chehalis 4",172,113,927,2.5309140897966,284.351177081956
"691","Historical","Mainstem: Lower Chehalis 5",0,0,0,0,NA
"692","Historical","Mainstem: Lower Chehalis 6",0,0,0,0,NA
"693","Historical","Mainstem: Lower Chehalis 7",386,276,2059,7.52305985034859,445.174683178688
"694","ASRP.scenario.1.2040","Upper Chehalis: Above Proposed Dam",218,116,1194,1.4607675976281,691.123546712485
"695","ASRP.scenario.1.2040","Upper Chehalis: Proposed Dam to Elk Creek",56,32,304,2.23158970315543,101.469688368231
"696","ASRP.scenario.1.2040","Elk Creek",129,72,707,1.88523319023807,274.724314703233
"697","ASRP.scenario.1.2040","Unnamed: Willapa Hills 3",10,6,57,1.62654582944752,25.9605244022099
"698","ASRP.scenario.1.2040","South Fork Chehalis",273,161,1483,1.831734129146,601.229887933429
"699","ASRP.scenario.1.2040","Unnamed: Willapa Hills 2",37,25,253,1.49292709195898,112.061810567066
"700","ASRP.scenario.1.2040","Unnamed: Willapa Hills 1",0,0,0,0,NA
"701","ASRP.scenario.1.2040","Unnamed: Willapa Hills 4",0,0,0,0.807017607925792,NA
"702","ASRP.scenario.1.2040","Stearns Creek",31,23,173,1.81903460160925,68.8494387649691
"703","ASRP.scenario.1.2040","Bunker Creek",7,5,43,1.11238467225934,69.2860738860053
"704","ASRP.scenario.1.2040","Unnamed: Central Lowlands 9",0,0,0,0.628657792198608,NA
"705","ASRP.scenario.1.2040","Newaukum River",679,390,3705,1.67206174810672,1689.32383097659
"706","ASRP.scenario.1.2040","Dillenbaugh Creek",0,0,0,1.10023831984669,0
"707","ASRP.scenario.1.2040","Unnamed: Central Lowlands 8",0,0,0,0.827441325643171,NA
"708","ASRP.scenario.1.2040","Salzer Creek",0,0,0,0,NA
"709","ASRP.scenario.1.2040","Unnamed: Cascade Mountains 1",0,0,0,0.111092392352381,NA
"710","ASRP.scenario.1.2040","Unnamed: Central Lowlands 7",0,0,0,0,NA
"711","ASRP.scenario.1.2040","Skookumchuck River",332,209,1793,3.22936394495193,480.921400093406
"712","ASRP.scenario.1.2040","Lincoln Creek",7,4,37,1.54720980673124,19.792168403952
"713","ASRP.scenario.1.2040","Unnamed: Central Lowlands 6",0,0,0,0,NA
"714","ASRP.scenario.1.2040","Unnamed: Black River 1",1,1,6,1.13342386144728,8.49491124865346
"715","ASRP.scenario.1.2040","Scatter Creek",0,0,0,0,NA
"716","ASRP.scenario.1.2040","Black River",315,173,1725,1.4327629209958,1042.88121328688
"717","ASRP.scenario.1.2040","Unnamed: Central Lowlands 5",0,0,0,0,NA
"718","ASRP.scenario.1.2040","Garrard Creek",29,20,170,1.48037387609669,89.3696442355305
"719","ASRP.scenario.1.2040","Unnamed: Black Hills 5",0,0,0,0,NA
"720","ASRP.scenario.1.2040","Unnamed: Central Lowlands 4",0,0,0,1.94225115783266,0
"721","ASRP.scenario.1.2040","Rock Creek (Lower Chehalis)",15,10,83,2.22551740713004,27.2397282264049
"722","ASRP.scenario.1.2040","Cedar Creek",199,132,1067,2.56387823366189,326.247758627622
"723","ASRP.scenario.1.2040","Unnamed: Black Hills 4",0,0,0,0,NA
"724","ASRP.scenario.1.2040","Unnamed: Central Lowlands 3",0,0,0,0,NA
"725","ASRP.scenario.1.2040","Porter Creek",58,42,306,2.02175019080964,114.765342959262
"726","ASRP.scenario.1.2040","Unnamed: Black Hills 3",0,0,0,0,NA
"727","ASRP.scenario.1.2040","Mox Chehalis Creek",98,68,524,2.06709698139082,189.837950728968
"728","ASRP.scenario.1.2040","Unnamed: Black Hills 2",0,0,0,0,NA
"729","ASRP.scenario.1.2040","Unnamed: Central Lowlands 2",20,14,106,1.3056795926729,85.4279856405116
"730","ASRP.scenario.1.2040","Cloquallum Creek",165,95,902,1.36087857377828,622.217501921781
"731","ASRP.scenario.1.2040","Unnamed: Black Hills 1",0,0,0,0,NA
"732","ASRP.scenario.1.2040","Unnamed: Central Lowlands 1",0,0,0,0,NA
"733","ASRP.scenario.1.2040","Satsop River",2370,1414,12885,2.26869064421356,4238.067689164
"734","ASRP.scenario.1.2040","Unnamed: Olympic Mountains 1",0,0,0,0.127573391701206,NA
"735","ASRP.scenario.1.2040","Wynoochee River",1461,953,8187,2.92528333232297,2219.84934724761
"736","ASRP.scenario.1.2040","Wishkah River",0,0,0,0.506507657139251,NA
"737","ASRP.scenario.1.2040","Hoquiam River",231,120,1279,1.3808794429859,837.491120101095
"738","ASRP.scenario.1.2040","Humptulips River",1785,1072,9704,2.40967966732601,3051.2451203442
"739","ASRP.scenario.1.2040","Johns River",150,87,816,2.06574249710193,290.74694441471
"740","ASRP.scenario.1.2040","Elk River",73,44,413,2.09133147204708,139.89076771796
"741","ASRP.scenario.1.2040","Andrews",22,12,121,1.73683539899048,51.8574146005224
"742","ASRP.scenario.1.2040","Upper Chehalis Estuary",0,0,0,0,NA
"743","ASRP.scenario.1.2040","Lower Chehalis Estuary",0,0,0,0,NA
"744","ASRP.scenario.1.2040","Upper Skookumchuck",0,0,0,0,NA
"745","ASRP.scenario.1.2040","Mainstem: Upper Chehalis 1",0,0,0,0.910369476062299,NA
"746","ASRP.scenario.1.2040","Mainstem: Upper Chehalis 2",0,0,0,0.958962171772663,NA
"747","ASRP.scenario.1.2040","Mainstem: Middle Chehalis 1",8,5,46,1.20560615503864,46.9093410092537
"748","ASRP.scenario.1.2040","Mainstem: Middle Chehalis 2",0,0,0,0.369672574105869,NA
"749","ASRP.scenario.1.2040","Mainstem: Middle Chehalis 3",0,0,0,0,NA
"750","ASRP.scenario.1.2040","Mainstem: Lower Chehalis 1",56,36,301,1.764812064178,129.220602319064
"751","ASRP.scenario.1.2040","Mainstem: Lower Chehalis 2",159,91,869,2.33872109960892,277.770070962838
"752","ASRP.scenario.1.2040","Mainstem: Lower Chehalis 3",76,51,410,1.58340213257935,206.270349996815
"753","ASRP.scenario.1.2040","Mainstem: Lower Chehalis 4",0,0,0,0.628666985588175,NA
"754","ASRP.scenario.1.2040","Mainstem: Lower Chehalis 5",0,0,0,0,NA
"755","ASRP.scenario.1.2040","Mainstem: Lower Chehalis 6",0,0,0,0,NA
"756","ASRP.scenario.1.2040","Mainstem: Lower Chehalis 7",146,110,777,2.33408835679481,255.438028790514
"757","ASRP.scenario.1.2080","Upper Chehalis: Above Proposed Dam",183,99,1004,1.37596890999946,669.742374523098
"758","ASRP.scenario.1.2080","Upper Chehalis: Proposed Dam to Elk Creek",47,28,257,2.01294712761467,93.3992628230038
"759","ASRP.scenario.1.2080","Elk Creek",124,70,678,1.84014775766428,271.593085702848
"760","ASRP.scenario.1.2080","Unnamed: Willapa Hills 3",0,0,0,0.90729933906213,NA
"761","ASRP.scenario.1.2080","South Fork Chehalis",221,135,1198,1.66699446174271,552.33708400303
"762","ASRP.scenario.1.2080","Unnamed: Willapa Hills 2",27,19,184,1.31529411045547,112.634330311456
"763","ASRP.scenario.1.2080","Unnamed: Willapa Hills 1",0,0,0,0,NA
"764","ASRP.scenario.1.2080","Unnamed: Willapa Hills 4",0,0,0,0.563160223561555,NA
"765","ASRP.scenario.1.2080","Stearns Creek",8,7,43,1.25293222185963,39.6290267059763
"766","ASRP.scenario.1.2080","Bunker Creek",0,0,0,0.806767055456939,NA
"767","ASRP.scenario.1.2080","Unnamed: Central Lowlands 9",0,0,0,0.433643070407326,NA
"768","ASRP.scenario.1.2080","Newaukum River",535,313,2915,1.5319011258417,1540.82603421527
"769","ASRP.scenario.1.2080","Dillenbaugh Creek",0,0,0,0.922275884844296,NA
"770","ASRP.scenario.1.2080","Unnamed: Central Lowlands 8",0,0,0,0.571470390693118,NA
"771","ASRP.scenario.1.2080","Salzer Creek",0,0,0,0,NA
"772","ASRP.scenario.1.2080","Unnamed: Cascade Mountains 1",0,0,0,0.0708399051129958,NA
"773","ASRP.scenario.1.2080","Unnamed: Central Lowlands 7",0,0,0,0,NA
"774","ASRP.scenario.1.2080","Skookumchuck River",301,192,1626,3.2398673986806,435.382955070155
"775","ASRP.scenario.1.2080","Lincoln Creek",0,0,0,0.757551991854626,NA
"776","ASRP.scenario.1.2080","Unnamed: Central Lowlands 6",0,0,0,0,NA
"777","ASRP.scenario.1.2080","Unnamed: Black River 1",1,1,5,1.09063174278615,12.0336618193423
"778","ASRP.scenario.1.2080","Scatter Creek",0,0,0,0,NA
"779","ASRP.scenario.1.2080","Black River",169,99,920,1.21447059455562,956.986811666018
"780","ASRP.scenario.1.2080","Unnamed: Central Lowlands 5",0,0,0,0,NA
"781","ASRP.scenario.1.2080","Garrard Creek",0,0,0,0.887024249480381,NA
"782","ASRP.scenario.1.2080","Unnamed: Black Hills 5",0,0,0,0,NA
"783","ASRP.scenario.1.2080","Unnamed: Central Lowlands 4",0,0,0,1.5328664722257,0
"784","ASRP.scenario.1.2080","Rock Creek (Lower Chehalis)",8,6,44,1.6565654368836,20.1846194614998
"785","ASRP.scenario.1.2080","Cedar Creek",165,118,882,2.29610310735727,292.30468668996
"786","ASRP.scenario.1.2080","Unnamed: Black Hills 4",0,0,0,0,NA
"787","ASRP.scenario.1.2080","Unnamed: Central Lowlands 3",0,0,0,0,NA
"788","ASRP.scenario.1.2080","Porter Creek",50,38,266,2.08564121215859,96.0557313410982
"789","ASRP.scenario.1.2080","Unnamed: Black Hills 3",0,0,0,0,NA
"790","ASRP.scenario.1.2080","Mox Chehalis Creek",91,65,483,2.18261239266998,167.948288859505
"791","ASRP.scenario.1.2080","Unnamed: Black Hills 2",0,0,0,0,NA
"792","ASRP.scenario.1.2080","Unnamed: Central Lowlands 2",12,8,63,1.33192413188092,48.1528399035023
"793","ASRP.scenario.1.2080","Cloquallum Creek",154,89,839,1.37947191759712,559.8271320185
"794","ASRP.scenario.1.2080","Unnamed: Black Hills 1",0,0,0,0,NA
"795","ASRP.scenario.1.2080","Unnamed: Central Lowlands 1",0,0,0,0,NA
"796","ASRP.scenario.1.2080","Satsop River",2244,1344,12197,2.21076871620397,4097.36800494436
"797","ASRP.scenario.1.2080","Unnamed: Olympic Mountains 1",0,0,0,0.0988379683832689,NA
"798","ASRP.scenario.1.2080","Wynoochee River",1443,943,8082,2.8913837884597,2205.93347167533
"799","ASRP.scenario.1.2080","Wishkah River",0,0,0,0.505381066405697,NA
"800","ASRP.scenario.1.2080","Hoquiam River",228,119,1267,1.37642747164398,833.694369234672
"801","ASRP.scenario.1.2080","Humptulips River",1753,1055,9526,2.37688939989546,3026.15963078305
"802","ASRP.scenario.1.2080","Johns River",147,85,800,2.03657461047457,288.813236128463
"803","ASRP.scenario.1.2080","Elk River",71,43,405,2.06519237174014,137.654626791977
"804","ASRP.scenario.1.2080","Andrews",22,12,119,1.71952929065745,52.5755447146539
"805","ASRP.scenario.1.2080","Upper Chehalis Estuary",0,0,0,0,NA
"806","ASRP.scenario.1.2080","Lower Chehalis Estuary",0,0,0,0,NA
"807","ASRP.scenario.1.2080","Upper Skookumchuck",0,0,0,0,NA
"808","ASRP.scenario.1.2080","Mainstem: Upper Chehalis 1",0,0,0,0.733695526934738,NA
"809","ASRP.scenario.1.2080","Mainstem: Upper Chehalis 2",0,0,0,0.923553246835228,NA
"810","ASRP.scenario.1.2080","Mainstem: Middle Chehalis 1",0,0,1,0.922498731374185,NA
"811","ASRP.scenario.1.2080","Mainstem: Middle Chehalis 2",0,0,0,0.248402737517412,NA
"812","ASRP.scenario.1.2080","Mainstem: Middle Chehalis 3",0,0,0,0,NA
"813","ASRP.scenario.1.2080","Mainstem: Lower Chehalis 1",21,14,111,1.33938281368734,82.8770283970437
"814","ASRP.scenario.1.2080","Mainstem: Lower Chehalis 2",124,72,673,1.97783526818807,250.810725726606
"815","ASRP.scenario.1.2080","Mainstem: Lower Chehalis 3",0,0,0,0.869238403188259,NA
"816","ASRP.scenario.1.2080","Mainstem: Lower Chehalis 4",0,0,0,0.149682262397542,NA
"817","ASRP.scenario.1.2080","Mainstem: Lower Chehalis 5",0,0,0,0,NA
"818","ASRP.scenario.1.2080","Mainstem: Lower Chehalis 6",0,0,0,0,NA
"819","ASRP.scenario.1.2080","Mainstem: Lower Chehalis 7",66,55,347,1.67463762309032,163.830298431435
"820","ASRP.scenario.2.2040","Upper Chehalis: Above Proposed Dam",223,119,1222,1.47073119642783,696.731084092683
"821","ASRP.scenario.2.2040","Upper Chehalis: Proposed Dam to Elk Creek",56,32,303,2.2315830951742,101.469932332969
"822","ASRP.scenario.2.2040","Elk Creek",130,72,710,1.88563944186194,276.786597180781
"823","ASRP.scenario.2.2040","Unnamed: Willapa Hills 3",10,6,57,1.62654582944752,25.9605244022099
"824","ASRP.scenario.2.2040","South Fork Chehalis",277,164,1507,1.84633865675445,604.292151657401
"825","ASRP.scenario.2.2040","Unnamed: Willapa Hills 2",37,25,253,1.49292709195898,112.061810567066
"826","ASRP.scenario.2.2040","Unnamed: Willapa Hills 1",0,0,0,0,NA
"827","ASRP.scenario.2.2040","Unnamed: Willapa Hills 4",0,0,0,0.807015213058429,NA
"828","ASRP.scenario.2.2040","Stearns Creek",31,23,173,1.81902945457187,68.8496766226858
"829","ASRP.scenario.2.2040","Bunker Creek",7,5,43,1.11238162282142,69.2877639978866
"830","ASRP.scenario.2.2040","Unnamed: Central Lowlands 9",0,0,0,0.628655849152068,NA
"831","ASRP.scenario.2.2040","Newaukum River",679,390,3705,1.67206174810672,1689.32383097659
"832","ASRP.scenario.2.2040","Dillenbaugh Creek",0,0,0,1.10023831984669,0
"833","ASRP.scenario.2.2040","Unnamed: Central Lowlands 8",0,0,0,0.827441325643171,NA
"834","ASRP.scenario.2.2040","Salzer Creek",0,0,0,0,NA
"835","ASRP.scenario.2.2040","Unnamed: Cascade Mountains 1",0,0,0,0.111092392352381,NA
"836","ASRP.scenario.2.2040","Unnamed: Central Lowlands 7",0,0,0,0,NA
"837","ASRP.scenario.2.2040","Skookumchuck River",332,209,1793,3.22936394495193,480.921400093406
"838","ASRP.scenario.2.2040","Lincoln Creek",7,4,37,1.5726495474071,19.2238811358453
"839","ASRP.scenario.2.2040","Unnamed: Central Lowlands 6",0,0,0,0,NA
"840","ASRP.scenario.2.2040","Unnamed: Black River 1",1,1,6,1.13341169537067,8.49559472444764
"841","ASRP.scenario.2.2040","Scatter Creek",0,0,0,0,NA
"842","ASRP.scenario.2.2040","Black River",324,178,1775,1.4419297444056,1057.14820760885
"843","ASRP.scenario.2.2040","Unnamed: Central Lowlands 5",0,0,0,0,NA
"844","ASRP.scenario.2.2040","Garrard Creek",29,20,169,1.48037362943743,89.3696752337591
"845","ASRP.scenario.2.2040","Unnamed: Black Hills 5",0,0,0,0,NA
"846","ASRP.scenario.2.2040","Unnamed: Central Lowlands 4",0,0,0,1.94225086866879,0
"847","ASRP.scenario.2.2040","Rock Creek (Lower Chehalis)",15,10,83,2.23054904939212,27.1896807018053
"848","ASRP.scenario.2.2040","Cedar Creek",204,134,1095,2.61644600347733,330.20279276954
"849","ASRP.scenario.2.2040","Unnamed: Black Hills 4",0,0,0,0,NA
"850","ASRP.scenario.2.2040","Unnamed: Central Lowlands 3",0,0,0,0,NA
"851","ASRP.scenario.2.2040","Porter Creek",59,43,313,2.02812282942267,116.38613939069
"852","ASRP.scenario.2.2040","Unnamed: Black Hills 3",0,0,0,0,NA
"853","ASRP.scenario.2.2040","Mox Chehalis Creek",98,68,523,2.06708834327282,189.838694160437
"854","ASRP.scenario.2.2040","Unnamed: Black Hills 2",0,0,0,0,NA
"855","ASRP.scenario.2.2040","Unnamed: Central Lowlands 2",20,14,106,1.30567396263325,85.4291907223906
"856","ASRP.scenario.2.2040","Cloquallum Creek",174,99,951,1.38099020529743,630.704654294623
"857","ASRP.scenario.2.2040","Unnamed: Black Hills 1",0,0,0,0,NA
"858","ASRP.scenario.2.2040","Unnamed: Central Lowlands 1",0,0,0,0,NA
"859","ASRP.scenario.2.2040","Satsop River",2443,1456,13278,2.30543096503976,4314.41263339467
"860","ASRP.scenario.2.2040","Unnamed: Olympic Mountains 1",0,0,0,0.127573391701206,NA
"861","ASRP.scenario.2.2040","Wynoochee River",1508,984,8442,2.99636955794576,2263.37116562312
"862","ASRP.scenario.2.2040","Wishkah River",0,0,0,0.50547781734339,NA
"863","ASRP.scenario.2.2040","Hoquiam River",231,120,1279,1.3808794429859,837.491120101095
"864","ASRP.scenario.2.2040","Humptulips River",1833,1099,9959,2.45372547671168,3093.89831220832
"865","ASRP.scenario.2.2040","Johns River",163,95,890,2.11899825797643,308.665999779808
"866","ASRP.scenario.2.2040","Elk River",73,44,413,2.09133147204708,139.89076771796
"867","ASRP.scenario.2.2040","Andrews",22,12,121,1.73683539899048,51.8574146005224
"868","ASRP.scenario.2.2040","Upper Chehalis Estuary",0,0,0,0,NA
"869","ASRP.scenario.2.2040","Lower Chehalis Estuary",0,0,0,0,NA
"870","ASRP.scenario.2.2040","Upper Skookumchuck",0,0,0,0,NA
"871","ASRP.scenario.2.2040","Mainstem: Upper Chehalis 1",0,0,0,0.910364090441757,NA
"872","ASRP.scenario.2.2040","Mainstem: Upper Chehalis 2",0,0,0,0.958964294606072,NA
"873","ASRP.scenario.2.2040","Mainstem: Middle Chehalis 1",8,5,46,1.20560615503864,46.9093410092537
"874","ASRP.scenario.2.2040","Mainstem: Middle Chehalis 2",0,0,0,0.369670438710007,NA
"875","ASRP.scenario.2.2040","Mainstem: Middle Chehalis 3",0,0,0,0,NA
"876","ASRP.scenario.2.2040","Mainstem: Lower Chehalis 1",56,36,301,1.764812064178,129.220602319064
"877","ASRP.scenario.2.2040","Mainstem: Lower Chehalis 2",159,91,869,2.33867542707732,277.77412312493
"878","ASRP.scenario.2.2040","Mainstem: Lower Chehalis 3",76,51,410,1.58435332712235,206.05829944404
"879","ASRP.scenario.2.2040","Mainstem: Lower Chehalis 4",0,0,0,0.628666735745907,NA
"880","ASRP.scenario.2.2040","Mainstem: Lower Chehalis 5",0,0,0,0,NA
"881","ASRP.scenario.2.2040","Mainstem: Lower Chehalis 6",0,0,0,0,NA
"882","ASRP.scenario.2.2040","Mainstem: Lower Chehalis 7",146,110,777,2.33408835679481,255.438028790514
"883","ASRP.scenario.2.2080","Upper Chehalis: Above Proposed Dam",189,102,1033,1.38632159439444,678.229705878231
"884","ASRP.scenario.2.2080","Upper Chehalis: Proposed Dam to Elk Creek",47,28,256,2.01294094544255,93.3995460065697
"885","ASRP.scenario.2.2080","Elk Creek",125,70,682,1.84147042231402,273.549487522394
"886","ASRP.scenario.2.2080","Unnamed: Willapa Hills 3",0,0,0,0.90729933906213,NA
"887","ASRP.scenario.2.2080","South Fork Chehalis",226,138,1227,1.6848000288381,556.023350588135
"888","ASRP.scenario.2.2080","Unnamed: Willapa Hills 2",27,19,184,1.31529411045547,112.634330311456
"889","ASRP.scenario.2.2080","Unnamed: Willapa Hills 1",0,0,0,0,NA
"890","ASRP.scenario.2.2080","Unnamed: Willapa Hills 4",0,0,0,0.563157829480979,NA
"891","ASRP.scenario.2.2080","Stearns Creek",8,7,43,1.25292706367253,39.6296717474157
"892","ASRP.scenario.2.2080","Bunker Creek",0,0,0,0.806763887680447,NA
"893","ASRP.scenario.2.2080","Unnamed: Central Lowlands 9",0,0,0,0.433641146248274,NA
"894","ASRP.scenario.2.2080","Newaukum River",535,313,2915,1.5319011258417,1540.82603421527
"895","ASRP.scenario.2.2080","Dillenbaugh Creek",0,0,0,0.922275884844296,NA
"896","ASRP.scenario.2.2080","Unnamed: Central Lowlands 8",0,0,0,0.571470390693118,NA
"897","ASRP.scenario.2.2080","Salzer Creek",0,0,0,0,NA
"898","ASRP.scenario.2.2080","Unnamed: Cascade Mountains 1",0,0,0,0.0708399051129958,NA
"899","ASRP.scenario.2.2080","Unnamed: Central Lowlands 7",0,0,0,0,NA
"900","ASRP.scenario.2.2080","Skookumchuck River",301,192,1626,3.2398673986806,435.382955070155
"901","ASRP.scenario.2.2080","Lincoln Creek",0,0,0,0.763069012007454,NA
"902","ASRP.scenario.2.2080","Unnamed: Central Lowlands 6",0,0,0,0,NA
"903","ASRP.scenario.2.2080","Unnamed: Black River 1",1,1,5,1.09062577669155,12.0343881896162
"904","ASRP.scenario.2.2080","Scatter Creek",0,0,0,0,NA
"905","ASRP.scenario.2.2080","Black River",174,102,948,1.21843333123582,970.581725946167
"906","ASRP.scenario.2.2080","Unnamed: Central Lowlands 5",0,0,0,0,NA
"907","ASRP.scenario.2.2080","Garrard Creek",0,0,0,0.887024362346726,NA
"908","ASRP.scenario.2.2080","Unnamed: Black Hills 5",0,0,0,0,NA
"909","ASRP.scenario.2.2080","Unnamed: Central Lowlands 4",0,0,0,1.53286662381467,0
"910","ASRP.scenario.2.2080","Rock Creek (Lower Chehalis)",8,6,44,1.66033505832741,20.1150617389051
"911","ASRP.scenario.2.2080","Cedar Creek",170,121,910,2.3449446908339,296.399249841713
"912","ASRP.scenario.2.2080","Unnamed: Black Hills 4",0,0,0,0,NA
"913","ASRP.scenario.2.2080","Unnamed: Central Lowlands 3",0,0,0,0,NA
"914","ASRP.scenario.2.2080","Porter Creek",51,39,271,2.09177760626211,97.7128101066366
"915","ASRP.scenario.2.2080","Unnamed: Black Hills 3",0,0,0,0,NA
"916","ASRP.scenario.2.2080","Mox Chehalis Creek",90,64,481,2.18258636428357,166.104378266295
"917","ASRP.scenario.2.2080","Unnamed: Black Hills 2",0,0,0,0,NA
"918","ASRP.scenario.2.2080","Unnamed: Central Lowlands 2",12,8,62,1.33190751320073,48.1546500839307
"919","ASRP.scenario.2.2080","Cloquallum Creek",163,93,889,1.40056272125069,569.927533074121
"920","ASRP.scenario.2.2080","Unnamed: Black Hills 1",0,0,0,0,NA
"921","ASRP.scenario.2.2080","Unnamed: Central Lowlands 1",0,0,0,0,NA
"922","ASRP.scenario.2.2080","Satsop River",2309,1382,12543,2.23895916727123,4172.66109634226
"923","ASRP.scenario.2.2080","Unnamed: Olympic Mountains 1",0,0,0,0.0988379683832689,NA
"924","ASRP.scenario.2.2080","Wynoochee River",1490,974,8338,2.96274205014039,2249.14203799395
"925","ASRP.scenario.2.2080","Wishkah River",0,0,0,0.504353327977348,NA
"926","ASRP.scenario.2.2080","Hoquiam River",228,119,1267,1.37642747164398,833.694369234672
"927","ASRP.scenario.2.2080","Humptulips River",1802,1083,9789,2.42231724125445,3068.94660497168
"928","ASRP.scenario.2.2080","Johns River",160,93,872,2.08843350095405,307.00025298721
"929","ASRP.scenario.2.2080","Elk River",71,43,405,2.06519237174014,137.654626791977
"930","ASRP.scenario.2.2080","Andrews",22,12,119,1.71952929065745,52.5755447146539
"931","ASRP.scenario.2.2080","Upper Chehalis Estuary",0,0,0,0,NA
"932","ASRP.scenario.2.2080","Lower Chehalis Estuary",0,0,0,0,NA
"933","ASRP.scenario.2.2080","Upper Skookumchuck",0,0,0,0,NA
"934","ASRP.scenario.2.2080","Mainstem: Upper Chehalis 1",0,0,0,0.733690856768732,NA
"935","ASRP.scenario.2.2080","Mainstem: Upper Chehalis 2",0,0,0,0.923553987710685,NA
"936","ASRP.scenario.2.2080","Mainstem: Middle Chehalis 1",0,0,1,0.922498731374185,NA
"937","ASRP.scenario.2.2080","Mainstem: Middle Chehalis 2",0,0,0,0.248400604024584,NA
"938","ASRP.scenario.2.2080","Mainstem: Middle Chehalis 3",0,0,0,0,NA
"939","ASRP.scenario.2.2080","Mainstem: Lower Chehalis 1",21,14,111,1.33938281368734,82.8770283970437
"940","ASRP.scenario.2.2080","Mainstem: Lower Chehalis 2",124,72,673,1.97781488614016,250.813369030901
"941","ASRP.scenario.2.2080","Mainstem: Lower Chehalis 3",0,0,1,0.87116553650949,NA
"942","ASRP.scenario.2.2080","Mainstem: Lower Chehalis 4",0,0,0,0.149682325238117,NA
"943","ASRP.scenario.2.2080","Mainstem: Lower Chehalis 5",0,0,0,0,NA
"944","ASRP.scenario.2.2080","Mainstem: Lower Chehalis 6",0,0,0,0,NA
"945","ASRP.scenario.2.2080","Mainstem: Lower Chehalis 7",66,55,347,1.67463762309032,163.830298431435
"946","ASRP.scenario.3.2040","Upper Chehalis: Above Proposed Dam",244,131,1339,1.5175786069663,715.425976104705
"947","ASRP.scenario.3.2040","Upper Chehalis: Proposed Dam to Elk Creek",55,32,299,2.23155402895675,99.6590232395981
"948","ASRP.scenario.3.2040","Elk Creek",130,72,711,1.88643792681176,276.654374850103
"949","ASRP.scenario.3.2040","Unnamed: Willapa Hills 3",11,6,57,1.68327822756449,27.0988592292907
"950","ASRP.scenario.3.2040","South Fork Chehalis",303,174,1649,1.90872548564828,636.434029071872
"951","ASRP.scenario.3.2040","Unnamed: Willapa Hills 2",37,26,256,1.54062319421141,105.439534959225
"952","ASRP.scenario.3.2040","Unnamed: Willapa Hills 1",0,0,0,0,NA
"953","ASRP.scenario.3.2040","Unnamed: Willapa Hills 4",3,3,21,1.21128253352781,17.1989967173746
"954","ASRP.scenario.3.2040","Stearns Creek",43,29,233,2.12493482443965,81.2244367102947
"955","ASRP.scenario.3.2040","Bunker Creek",19,13,113,1.19694472866758,115.473767683672
"956","ASRP.scenario.3.2040","Unnamed: Central Lowlands 9",0,0,0,0.934735928346045,NA
"957","ASRP.scenario.3.2040","Newaukum River",707,401,3860,1.69776729648086,1720.23178023061
"958","ASRP.scenario.3.2040","Dillenbaugh Creek",1,1,8,1.17195870106583,6.8153498124947
"959","ASRP.scenario.3.2040","Unnamed: Central Lowlands 8",0,0,0,0.866514966976548,NA
"960","ASRP.scenario.3.2040","Salzer Creek",0,0,0,0,NA
"961","ASRP.scenario.3.2040","Unnamed: Cascade Mountains 1",0,0,0,0.223617479963098,NA
"962","ASRP.scenario.3.2040","Unnamed: Central Lowlands 7",0,0,0,0,NA
"963","ASRP.scenario.3.2040","Skookumchuck River",333,210,1800,3.24769607839377,481.15170218118
"964","ASRP.scenario.3.2040","Lincoln Creek",7,4,37,1.58555715732887,18.9544265019862
"965","ASRP.scenario.3.2040","Unnamed: Central Lowlands 6",0,0,0,0,NA
"966","ASRP.scenario.3.2040","Unnamed: Black River 1",2,1,9,1.79371748088536,4.51978827248341
"967","ASRP.scenario.3.2040","Scatter Creek",0,0,0,0,NA
"968","ASRP.scenario.3.2040","Black River",361,198,1978,1.51337934676329,1064.18372228256
"969","ASRP.scenario.3.2040","Unnamed: Central Lowlands 5",0,0,0,0,NA
"970","ASRP.scenario.3.2040","Garrard Creek",46,29,249,1.84775255453895,100.261116352539
"971","ASRP.scenario.3.2040","Unnamed: Black Hills 5",0,0,0,0,NA
"972","ASRP.scenario.3.2040","Unnamed: Central Lowlands 4",0,0,0,2.00711561690223,0
"973","ASRP.scenario.3.2040","Rock Creek (Lower Chehalis)",16,10,85,2.26102572038817,28.6880837887072
"974","ASRP.scenario.3.2040","Cedar Creek",208,137,1120,2.61462369935747,336.822585772011
"975","ASRP.scenario.3.2040","Unnamed: Black Hills 4",0,0,0,0,NA
"976","ASRP.scenario.3.2040","Unnamed: Central Lowlands 3",0,0,0,0,NA
"977","ASRP.scenario.3.2040","Porter Creek",60,44,321,2.02889735347041,118.314855021857
"978","ASRP.scenario.3.2040","Unnamed: Black Hills 3",0,0,0,0,NA
"979","ASRP.scenario.3.2040","Mox Chehalis Creek",100,69,534,2.06785247136356,193.645894617173
"980","ASRP.scenario.3.2040","Unnamed: Black Hills 2",0,0,0,0,NA
"981","ASRP.scenario.3.2040","Unnamed: Central Lowlands 2",21,14,111,1.30617199605314,89.588898627931
"982","ASRP.scenario.3.2040","Cloquallum Creek",176,100,962,1.38116539841358,637.741807447682
"983","ASRP.scenario.3.2040","Unnamed: Black Hills 1",0,0,0,0,NA
"984","ASRP.scenario.3.2040","Unnamed: Central Lowlands 1",0,0,0,0,NA
"985","ASRP.scenario.3.2040","Satsop River",2482,1480,13490,2.32822262017178,4350.66264909643
"986","ASRP.scenario.3.2040","Unnamed: Olympic Mountains 1",0,0,0,0.115400302399557,NA
"987","ASRP.scenario.3.2040","Wynoochee River",1630,1043,8805,3.2741769435753,2346.74282188326
"988","ASRP.scenario.3.2040","Wishkah River",0,0,0,0.506659858289451,NA
"989","ASRP.scenario.3.2040","Hoquiam River",231,120,1279,1.3808794429859,837.491120101095
"990","ASRP.scenario.3.2040","Humptulips River",1924,1157,10453,2.52828921599324,3182.92401769621
"991","ASRP.scenario.3.2040","Johns River",166,96,902,2.1270007880575,313.293597093324
"992","ASRP.scenario.3.2040","Elk River",73,44,413,2.09133147204708,139.89076771796
"993","ASRP.scenario.3.2040","Andrews",22,12,121,1.73683539899048,51.8574146005224
"994","ASRP.scenario.3.2040","Upper Chehalis Estuary",0,0,0,0,NA
"995","ASRP.scenario.3.2040","Lower Chehalis Estuary",0,0,0,0,NA
"996","ASRP.scenario.3.2040","Upper Skookumchuck",0,0,0,0,NA
"997","ASRP.scenario.3.2040","Mainstem: Upper Chehalis 1",0,0,0,0.910340400964981,NA
"998","ASRP.scenario.3.2040","Mainstem: Upper Chehalis 2",0,0,0,0.963185581178601,NA
"999","ASRP.scenario.3.2040","Mainstem: Middle Chehalis 1",20,12,109,1.38682019054403,71.7036092967939
"1000","ASRP.scenario.3.2040","Mainstem: Middle Chehalis 2",0,0,0,0.579542722163693,NA
"1001","ASRP.scenario.3.2040","Mainstem: Middle Chehalis 3",0,0,0,0.492438478308647,NA
"1002","ASRP.scenario.3.2040","Mainstem: Lower Chehalis 1",76,49,409,1.95129285437388,155.891276015126
"1003","ASRP.scenario.3.2040","Mainstem: Lower Chehalis 2",178,103,970,2.52655213474546,294.602634098494
"1004","ASRP.scenario.3.2040","Mainstem: Lower Chehalis 3",98,64,526,1.76815109555547,225.57906688805
"1005","ASRP.scenario.3.2040","Mainstem: Lower Chehalis 4",0,0,0,0.755970269362389,NA
"1006","ASRP.scenario.3.2040","Mainstem: Lower Chehalis 5",0,0,0,0,NA
"1007","ASRP.scenario.3.2040","Mainstem: Lower Chehalis 6",0,0,0,0,NA
"1008","ASRP.scenario.3.2040","Mainstem: Lower Chehalis 7",96,77,507,2.02537918263832,189.623901894507
"1009","ASRP.scenario.3.2080","Upper Chehalis: Above Proposed Dam",216,117,1183,1.446275159248,700.006325523416
"1010","ASRP.scenario.3.2080","Upper Chehalis: Proposed Dam to Elk Creek",46,28,251,2.01290753244978,91.4138196492093
"1011","ASRP.scenario.3.2080","Elk Creek",125,70,683,1.8427471734075,273.324436965578
"1012","ASRP.scenario.3.2080","Unnamed: Willapa Hills 3",0,0,0,0.963910931955427,NA
"1013","ASRP.scenario.3.2080","South Fork Chehalis",252,149,1371,1.74679507207086,589.441969590404
"1014","ASRP.scenario.3.2080","Unnamed: Willapa Hills 2",30,21,204,1.38115531487173,108.708072088923
"1015","ASRP.scenario.3.2080","Unnamed: Willapa Hills 1",0,0,0,0,NA
"1016","ASRP.scenario.3.2080","Unnamed: Willapa Hills 4",0,0,0,0.921367920518034,NA
"1017","ASRP.scenario.3.2080","Stearns Creek",16,12,87,1.49930183166676,48.0447452527645
"1018","ASRP.scenario.3.2080","Bunker Creek",0,0,0,0.887853978227727,NA
"1019","ASRP.scenario.3.2080","Unnamed: Central Lowlands 9",0,0,0,0.728673495063143,NA
"1020","ASRP.scenario.3.2080","Newaukum River",578,331,3152,1.57790496856663,1578.16444128107
"1021","ASRP.scenario.3.2080","Dillenbaugh Creek",0,0,0,1.02448080845337,0
"1022","ASRP.scenario.3.2080","Unnamed: Central Lowlands 8",0,0,0,0.630161689538031,NA
"1023","ASRP.scenario.3.2080","Salzer Creek",0,0,0,0,NA
"1024","ASRP.scenario.3.2080","Unnamed: Cascade Mountains 1",0,0,0,0.152097783345199,NA
"1025","ASRP.scenario.3.2080","Unnamed: Central Lowlands 7",0,0,0,0,NA
"1026","ASRP.scenario.3.2080","Skookumchuck River",303,193,1634,3.26870091669029,436.556608440937
"1027","ASRP.scenario.3.2080","Lincoln Creek",0,0,0,0.7722939825922,NA
"1028","ASRP.scenario.3.2080","Unnamed: Central Lowlands 6",0,0,0,0,NA
"1029","ASRP.scenario.3.2080","Unnamed: Black River 1",2,1,9,1.73321532457871,4.72771167344213
"1030","ASRP.scenario.3.2080","Scatter Creek",0,0,0,0,NA
"1031","ASRP.scenario.3.2080","Black River",209,122,1139,1.27870561733629,958.895183303091
"1032","ASRP.scenario.3.2080","Unnamed: Central Lowlands 5",0,0,0,0,NA
"1033","ASRP.scenario.3.2080","Garrard Creek",8,6,42,1.11019119465942,80.6010823707496
"1034","ASRP.scenario.3.2080","Unnamed: Black Hills 5",0,0,0,0,NA
"1035","ASRP.scenario.3.2080","Unnamed: Central Lowlands 4",0,0,0,1.58094966534704,0
"1036","ASRP.scenario.3.2080","Rock Creek (Lower Chehalis)",9,7,47,1.70049106154528,21.8481296822633
"1037","ASRP.scenario.3.2080","Cedar Creek",176,124,941,2.36268948294924,305.156350145953
"1038","ASRP.scenario.3.2080","Unnamed: Black Hills 4",0,0,0,0,NA
"1039","ASRP.scenario.3.2080","Unnamed: Central Lowlands 3",0,0,0,0,NA
"1040","ASRP.scenario.3.2080","Porter Creek",52,39,275,2.04433033390464,101.79267412982
"1041","ASRP.scenario.3.2080","Unnamed: Black Hills 3",0,0,0,0,NA
"1042","ASRP.scenario.3.2080","Mox Chehalis Creek",91,65,487,2.13513461019691,171.166703739404
"1043","ASRP.scenario.3.2080","Unnamed: Black Hills 2",0,0,0,0,NA
"1044","ASRP.scenario.3.2080","Unnamed: Central Lowlands 2",12,9,64,1.30161037861997,51.7864292830588
"1045","ASRP.scenario.3.2080","Cloquallum Creek",164,94,894,1.38958186450268,584.964153989443
"1046","ASRP.scenario.3.2080","Unnamed: Black Hills 1",0,0,0,0,NA
"1047","ASRP.scenario.3.2080","Unnamed: Central Lowlands 1",0,0,0,0,NA
"1048","ASRP.scenario.3.2080","Satsop River",2348,1406,12759,2.26248276029825,4207.82737653012
"1049","ASRP.scenario.3.2080","Unnamed: Olympic Mountains 1",0,0,0,0.0925757260115854,NA
"1050","ASRP.scenario.3.2080","Wynoochee River",1612,1034,8702,3.23774807373049,2332.36705960054
"1051","ASRP.scenario.3.2080","Wishkah River",0,0,0,0.50553343121444,NA
"1052","ASRP.scenario.3.2080","Hoquiam River",228,119,1267,1.37642747164398,833.694369234672
"1053","ASRP.scenario.3.2080","Humptulips River",1896,1142,10300,2.50022241744995,3159.8126040156
"1054","ASRP.scenario.3.2080","Johns River",162,94,884,2.09638176357376,309.758750995589
"1055","ASRP.scenario.3.2080","Elk River",71,43,405,2.06519237174014,137.654626791977
"1056","ASRP.scenario.3.2080","Andrews",22,12,119,1.71952929065745,52.5755447146539
"1057","ASRP.scenario.3.2080","Upper Chehalis Estuary",0,0,0,0,NA
"1058","ASRP.scenario.3.2080","Lower Chehalis Estuary",0,0,0,0,NA
"1059","ASRP.scenario.3.2080","Upper Skookumchuck",0,0,0,0,NA
"1060","ASRP.scenario.3.2080","Mainstem: Upper Chehalis 1",0,0,0,0.733665615766057,NA
"1061","ASRP.scenario.3.2080","Mainstem: Upper Chehalis 2",0,0,0,0.930364083703355,NA
"1062","ASRP.scenario.3.2080","Mainstem: Middle Chehalis 1",8,5,46,1.15214830041459,60.5802784401838
"1063","ASRP.scenario.3.2080","Mainstem: Middle Chehalis 2",0,0,0,0.418689715065847,NA
"1064","ASRP.scenario.3.2080","Mainstem: Middle Chehalis 3",0,0,0,0.429791099355047,NA
"1065","ASRP.scenario.3.2080","Mainstem: Lower Chehalis 1",43,28,231,1.54178944215133,122.36662595206
"1066","ASRP.scenario.3.2080","Mainstem: Lower Chehalis 2",145,85,792,2.18090892814233,267.786775969335
"1067","ASRP.scenario.3.2080","Mainstem: Lower Chehalis 3",4,3,24,0.980760225068842,NA
"1068","ASRP.scenario.3.2080","Mainstem: Lower Chehalis 4",0,0,0,0.19745632035908,NA
"1069","ASRP.scenario.3.2080","Mainstem: Lower Chehalis 5",0,0,0,0,NA
"1070","ASRP.scenario.3.2080","Mainstem: Lower Chehalis 6",0,0,0,0,NA
"1071","ASRP.scenario.3.2080","Mainstem: Lower Chehalis 7",41,36,215,1.58655782578822,110.899331655671
