"","Subbasin","scenario","spawners","natal.smolts","non.natal.smolts","Pn","Cn"
"1","Upper Chehalis: Above Proposed Dam","ASRP.Current.asrp",374,10522,721,1.55257877279336,1152.6020579263
"2","Upper Chehalis: Above Proposed Dam","ASRP.scenario.1.2040",255,7120,542,1.30925092395859,1216.95816587939
"3","Upper Chehalis: Above Proposed Dam","ASRP.scenario.1.2080",7,175,13,1,953.038006846799
"4","Upper Chehalis: Above Proposed Dam","ASRP.scenario.2.2040",330,9242,678,1.37122837443487,1319.57918197659
"5","Upper Chehalis: Above Proposed Dam","ASRP.scenario.2.2080",27,747,53,1.04308872496469,1035.99000980127
"6","Upper Chehalis: Above Proposed Dam","ASRP.scenario.3.2040",447,12595,828,1.4695832961584,1477.60820777974
"7","Upper Chehalis: Above Proposed Dam","ASRP.scenario.3.2080",91,2579,160,1.11252112948426,1160.64707418486
"8","Upper Chehalis: Above Proposed Dam","Barriers",481,13571,909,1.67101475203124,1291.10633899041
"9","Upper Chehalis: Above Proposed Dam","Beaver",2451,72577,1230,2.48963611699445,4036.5839185523
"10","Upper Chehalis: Above Proposed Dam","Current",488,13689,993,1.6706227544961,1292.59072993276
"11","Upper Chehalis: Above Proposed Dam","Fine.sediment",955,26569,2183,3.87932557834929,1300.87175758011
"12","Upper Chehalis: Above Proposed Dam","Floodplain",660,16760,3129,1.84086614372096,1573.60382823058
"13","Upper Chehalis: Above Proposed Dam","FP.wood.comb",800,20423,3669,1.88745962604815,1852.57997942299
"14","Upper Chehalis: Above Proposed Dam","Historical",4507,130402,5083,6.81716349566854,5235.05143649491
"15","Upper Chehalis: Above Proposed Dam","LR.bank",488,13702,991,1.67069356841157,1292.91201194184
"16","Upper Chehalis: Above Proposed Dam","LR.length",488,13694,997,1.67028589613716,1292.85740354801
"17","Upper Chehalis: Above Proposed Dam","Shade",580,16333,1131,1.85360260812577,1328.88730445352
"18","Upper Chehalis: Above Proposed Dam","Wood",855,24503,1238,2.09879037729598,1661.86512242782
"19","Upper Chehalis: Proposed Dam to Elk Creek","ASRP.Current.asrp",443,12833,1123,1.82712494976936,1008.16063371168
"20","Upper Chehalis: Proposed Dam to Elk Creek","ASRP.scenario.1.2040",137,3913,417,1.29368653005945,774.263469679614
"21","Upper Chehalis: Proposed Dam to Elk Creek","ASRP.scenario.1.2080",0,1,0,NA,NA
"22","Upper Chehalis: Proposed Dam to Elk Creek","ASRP.scenario.2.2040",136,3880,409,1.29382016939003,773.779187379403
"23","Upper Chehalis: Proposed Dam to Elk Creek","ASRP.scenario.2.2080",0,1,0,NA,NA
"24","Upper Chehalis: Proposed Dam to Elk Creek","ASRP.scenario.3.2040",140,3988,438,1.29778770950362,785.259485110089
"25","Upper Chehalis: Proposed Dam to Elk Creek","ASRP.scenario.3.2080",0,2,0,NA,NA
"26","Upper Chehalis: Proposed Dam to Elk Creek","Barriers",753,19615,1470,2.29772910590437,1332.31065530693
"27","Upper Chehalis: Proposed Dam to Elk Creek","Beaver",2251,69839,1284,3.00236476109613,3208.61788973678
"28","Upper Chehalis: Proposed Dam to Elk Creek","Current",601,17639,1346,2.052134633721,1178.03143038464
"29","Upper Chehalis: Proposed Dam to Elk Creek","Fine.sediment",914,26891,1979,4.0810098774247,1193.53039392267
"30","Upper Chehalis: Proposed Dam to Elk Creek","Floodplain",959,25742,4570,2.48991852279528,1582.5650130839
"31","Upper Chehalis: Proposed Dam to Elk Creek","FP.wood.comb",1159,31098,5517,2.77370690979571,1788.89259872613
"32","Upper Chehalis: Proposed Dam to Elk Creek","Historical",4648,124959,4937,9.25280190420274,5079.79401532815
"33","Upper Chehalis: Proposed Dam to Elk Creek","LR.bank",601,17641,1343,2.05227316484244,1177.420161341
"34","Upper Chehalis: Proposed Dam to Elk Creek","LR.length",601,17643,1351,2.05213008171387,1178.21309484906
"35","Upper Chehalis: Proposed Dam to Elk Creek","Shade",747,21942,1654,2.37687355330314,1271.0790630405
"36","Upper Chehalis: Proposed Dam to Elk Creek","Wood",999,29881,1682,2.8131732418736,1518.70473857649
"37","Elk Creek","ASRP.Current.asrp",2439,65198,5160,3.67280527179179,3268.4100589159
"38","Elk Creek","ASRP.scenario.1.2040",2207,56931,6156,3.1779271680863,3160.2208097496
"39","Elk Creek","ASRP.scenario.1.2080",1726,44554,4790,2.54010541253296,2813.02999772841
"40","Elk Creek","ASRP.scenario.2.2040",2205,56918,6123,3.17790581764842,3160.14179490019
"41","Elk Creek","ASRP.scenario.2.2080",1725,44542,4767,2.54003536549395,2813.37691337411
"42","Elk Creek","ASRP.scenario.3.2040",2229,57114,6607,3.19119553291729,3211.21475881746
"43","Elk Creek","ASRP.scenario.3.2080",1739,44689,5023,2.54952270150183,2849.24198826573
"44","Elk Creek","Barriers",2443,64898,5082,3.68953093568138,3293.22448123517
"45","Elk Creek","Beaver",6293,178525,3360,4.89653494266129,7569.07178995931
"46","Elk Creek","Current",2432,64812,5480,3.65510646869893,3266.74137309148
"47","Elk Creek","Fine.sediment",2882,76960,6344,7.14108043605396,3299.66773424439
"48","Elk Creek","Floodplain",3959,93745,20701,4.4564879672867,4967.08634144577
"49","Elk Creek","FP.wood.comb",4624,109265,24378,4.5611330250297,5753.93777670853
"50","Elk Creek","Historical",10047,273359,13847,10.7876713791547,10726.4591750504
"51","Elk Creek","LR.bank",2431,64810,5470,3.65537018574277,3265.00974686207
"52","Elk Creek","LR.length",2433,64820,5503,3.6546114681671,3268.4604452384
"53","Elk Creek","Shade",2398,64593,4714,3.68896759953031,3228.7860936467
"54","Elk Creek","Wood",3258,88808,5365,4.49726285507496,4102.81672199997
"55","Unnamed: Willapa Hills 3","ASRP.Current.asrp",312,8180,578,2.89055475806833,465.213800518814
"56","Unnamed: Willapa Hills 3","ASRP.scenario.1.2040",134,3456,284,1.79232586221373,305.216644999699
"57","Unnamed: Willapa Hills 3","ASRP.scenario.1.2080",30,764,73,1.2803148750037,147.032413970731
"58","Unnamed: Willapa Hills 3","ASRP.scenario.2.2040",134,3458,280,1.79232586221373,305.216644999699
"59","Unnamed: Willapa Hills 3","ASRP.scenario.2.2080",30,764,72,1.28021484351926,147.084109691244
"60","Unnamed: Willapa Hills 3","ASRP.scenario.3.2040",169,4324,397,1.92514812659654,356.296596517726
"61","Unnamed: Willapa Hills 3","ASRP.scenario.3.2080",40,1033,98,1.40442100441341,169.589180513828
"62","Unnamed: Willapa Hills 3","Barriers",317,8350,524,2.90720359598057,474.621075351464
"63","Unnamed: Willapa Hills 3","Beaver",551,15045,476,3.30928824957848,759.841598164617
"64","Unnamed: Willapa Hills 3","Current",317,8364,576,2.90304713369242,473.185845111602
"65","Unnamed: Willapa Hills 3","Fine.sediment",388,10264,673,4.97960023067472,477.605922619619
"66","Unnamed: Willapa Hills 3","Floodplain",456,11191,1666,3.30799068645619,671.072066902951
"67","Unnamed: Willapa Hills 3","FP.wood.comb",497,12284,1717,3.16864496776985,754.593983008356
"68","Unnamed: Willapa Hills 3","Historical",1004,26211,1854,6.54401879065129,1211.63518190614
"69","Unnamed: Willapa Hills 3","LR.bank",318,8370,588,2.90216531658418,474.372635771046
"70","Unnamed: Willapa Hills 3","LR.length",317,8365,577,2.9028785227876,473.291400288832
"71","Unnamed: Willapa Hills 3","Shade",377,9905,701,3.35699328442929,522.049492838349
"72","Unnamed: Willapa Hills 3","Wood",380,10099,595,2.96883903411582,563.018316877655
"73","South Fork Chehalis","ASRP.Current.asrp",3576,106043,6520,2.19045784011111,6633.81800785632
"74","South Fork Chehalis","ASRP.scenario.1.2040",2106,59822,5030,1.7825230329871,5022.81401734297
"75","South Fork Chehalis","ASRP.scenario.1.2080",1311,37018,3337,1.78558133184546,3171.47622144386
"76","South Fork Chehalis","ASRP.scenario.2.2040",2102,59712,5000,1.77955522067462,5025.55222384236
"77","South Fork Chehalis","ASRP.scenario.2.2080",1303,36819,3308,1.7794348522779,3169.89943069151
"78","South Fork Chehalis","ASRP.scenario.3.2040",3047,84377,7424,2.11672811095307,6289.76949720044
"79","South Fork Chehalis","ASRP.scenario.3.2080",2091,57822,5176,2.22100588403408,4238.64532401946
"80","South Fork Chehalis","Barriers",4427,120375,6434,2.44639257848489,7573.45679129153
"81","South Fork Chehalis","Beaver",7089,218702,4837,2.47129049940051,11689.6411547682
"82","South Fork Chehalis","Current",3659,108875,6510,2.20121638033221,6763.2496568228
"83","South Fork Chehalis","Fine.sediment",5304,158745,8502,4.38944188717356,6846.89497744842
"84","South Fork Chehalis","Floodplain",6245,167622,29311,2.7060854146071,10173.3985669533
"85","South Fork Chehalis","FP.wood.comb",7033,189411,32371,2.81558522208663,11176.5001042693
"86","South Fork Chehalis","Historical",18221,484094,36901,7.23746945690387,21215.9912933162
"87","South Fork Chehalis","LR.bank",3666,108981,6631,2.20235106878109,6771.20087403293
"88","South Fork Chehalis","LR.length",3664,108942,6591,2.19981810675849,6769.44574815855
"89","South Fork Chehalis","Shade",4637,138342,7897,2.58954416275073,7582.15326514137
"90","South Fork Chehalis","Wood",4763,143896,6308,2.48027216031965,7981.90047552445
"91","Unnamed: Willapa Hills 2","ASRP.Current.asrp",283,10379,747,2.01245739337617,561.423123552282
"92","Unnamed: Willapa Hills 2","ASRP.scenario.1.2040",140,5022,456,1.46961818764415,451.819822704326
"93","Unnamed: Willapa Hills 2","ASRP.scenario.1.2080",41,1451,143,1.16332414118238,343.203260264166
"94","Unnamed: Willapa Hills 2","ASRP.scenario.2.2040",139,5017,453,1.46964614243483,451.77960946539
"95","Unnamed: Willapa Hills 2","ASRP.scenario.2.2080",41,1447,142,1.16322853622803,343.098661417851
"96","Unnamed: Willapa Hills 2","ASRP.scenario.3.2040",595,21551,1690,2.24036756119856,1025.76658660714
"97","Unnamed: Willapa Hills 2","ASRP.scenario.3.2080",452,16355,1324,2.12256815935602,827.584416385918
"98","Unnamed: Willapa Hills 2","Barriers",567,14773,1091,2.58540009008186,913.609047046183
"99","Unnamed: Willapa Hills 2","Beaver",1082,41534,1025,2.64544105532529,1605.01750641885
"100","Unnamed: Willapa Hills 2","Current",313,11490,805,2.06219618860559,601.853437187936
"101","Unnamed: Willapa Hills 2","Fine.sediment",472,17241,1314,4.16728796475187,614.085477783063
"102","Unnamed: Willapa Hills 2","Floodplain",379,12579,2324,2.23694289762031,730.758952346007
"103","Unnamed: Willapa Hills 2","FP.wood.comb",456,15147,2791,2.41094331728806,833.482729884487
"104","Unnamed: Willapa Hills 2","Historical",3227,82647,7533,9.71127493251339,3559.96511192338
"105","Unnamed: Willapa Hills 2","LR.bank",313,11498,815,2.06243140509098,602.708872446391
"106","Unnamed: Willapa Hills 2","LR.length",313,11492,808,2.06066343618535,602.067916281383
"107","Unnamed: Willapa Hills 2","Shade",365,13422,926,2.33016892552596,633.787335820992
"108","Unnamed: Willapa Hills 2","Wood",449,16696,969,2.50774389810773,735.195509308063
"109","Unnamed: Willapa Hills 1","ASRP.Current.asrp",0,0,0,NA,NA
"110","Unnamed: Willapa Hills 1","ASRP.scenario.1.2040",0,0,0,NA,NA
"111","Unnamed: Willapa Hills 1","ASRP.scenario.1.2080",0,0,0,NA,NA
"112","Unnamed: Willapa Hills 1","ASRP.scenario.2.2040",0,0,0,NA,NA
"113","Unnamed: Willapa Hills 1","ASRP.scenario.2.2080",0,0,0,NA,NA
"114","Unnamed: Willapa Hills 1","ASRP.scenario.3.2040",0,0,0,NA,NA
"115","Unnamed: Willapa Hills 1","ASRP.scenario.3.2080",0,0,0,NA,NA
"116","Unnamed: Willapa Hills 1","Barriers",0,0,0,NA,NA
"117","Unnamed: Willapa Hills 1","Beaver",0,0,0,NA,NA
"118","Unnamed: Willapa Hills 1","Current",0,0,0,NA,NA
"119","Unnamed: Willapa Hills 1","Fine.sediment",0,0,0,NA,NA
"120","Unnamed: Willapa Hills 1","Floodplain",0,0,0,NA,NA
"121","Unnamed: Willapa Hills 1","FP.wood.comb",0,0,0,NA,NA
"122","Unnamed: Willapa Hills 1","Historical",0,0,0,NA,NA
"123","Unnamed: Willapa Hills 1","LR.bank",0,0,0,NA,NA
"124","Unnamed: Willapa Hills 1","LR.length",0,0,0,NA,NA
"125","Unnamed: Willapa Hills 1","Shade",0,0,0,NA,NA
"126","Unnamed: Willapa Hills 1","Wood",0,0,0,NA,NA
"127","Unnamed: Willapa Hills 4","ASRP.Current.asrp",0,0,0,NA,NA
"128","Unnamed: Willapa Hills 4","ASRP.scenario.1.2040",0,3,0,NA,NA
"129","Unnamed: Willapa Hills 4","ASRP.scenario.1.2080",0,4,0,NA,NA
"130","Unnamed: Willapa Hills 4","ASRP.scenario.2.2040",0,3,0,NA,NA
"131","Unnamed: Willapa Hills 4","ASRP.scenario.2.2080",0,4,0,NA,NA
"132","Unnamed: Willapa Hills 4","ASRP.scenario.3.2040",13,928,87,1.39378215848232,54.1224391139133
"133","Unnamed: Willapa Hills 4","ASRP.scenario.3.2080",10,743,75,1.40477869943216,41.9513184677638
"134","Unnamed: Willapa Hills 4","Barriers",200,5179,421,4.32852076835614,246.422006508677
"135","Unnamed: Willapa Hills 4","Beaver",0,13,0,NA,NA
"136","Unnamed: Willapa Hills 4","Current",0,0,0,NA,NA
"137","Unnamed: Willapa Hills 4","Fine.sediment",2,182,6,1.07502121804494,55.1973171663584
"138","Unnamed: Willapa Hills 4","Floodplain",17,1657,185,1.28237873004385,102.74847812372
"139","Unnamed: Willapa Hills 4","FP.wood.comb",46,4598,530,1.5770627897316,128.991929234034
"140","Unnamed: Willapa Hills 4","Historical",1019,26248,2237,7.71041211939894,1106.33577847073
"141","Unnamed: Willapa Hills 4","LR.bank",0,0,0,NA,NA
"142","Unnamed: Willapa Hills 4","LR.length",0,0,0,NA,NA
"143","Unnamed: Willapa Hills 4","Shade",1,152,6,1.06897177051335,66.1434179203605
"144","Unnamed: Willapa Hills 4","Wood",15,1567,52,1.27407787100022,70.4994091088539
"145","Stearns Creek","ASRP.Current.asrp",1043,35101,3083,2.7239772489582,1613.60372748431
"146","Stearns Creek","ASRP.scenario.1.2040",664,21691,2600,2.08756344370877,1284.4990388966
"147","Stearns Creek","ASRP.scenario.1.2080",349,11350,1426,1.76581239971797,883.091038339311
"148","Stearns Creek","ASRP.scenario.2.2040",663,21689,2565,2.0875912712178,1283.58922002167
"149","Stearns Creek","ASRP.scenario.2.2080",349,11349,1409,1.76581312542556,882.956311268817
"150","Stearns Creek","ASRP.scenario.3.2040",1153,27933,4283,2.8871914622848,1817.94350856925
"151","Stearns Creek","ASRP.scenario.3.2080",673,16342,2462,2.47852065681832,1265.76233509271
"152","Stearns Creek","Barriers",1699,43941,3635,3.71457230608601,2257.63731978201
"153","Stearns Creek","Beaver",2478,88255,2612,3.48298558789913,3297.71965833447
"154","Stearns Creek","Current",1110,37528,3162,2.77301189407069,1692.54616034422
"155","Stearns Creek","Fine.sediment",1232,42499,2693,3.58732408133155,1693.66470140224
"156","Stearns Creek","Floodplain",3443,105941,20314,3.87979712332046,4199.1362728159
"157","Stearns Creek","FP.wood.comb",3935,121135,23150,4.4436737634397,4664.56362878739
"158","Stearns Creek","Historical",10116,261282,21454,10.1281965953837,10553.7672137992
"159","Stearns Creek","LR.bank",1112,37564,3228,2.7763312744113,1693.39843573268
"160","Stearns Creek","LR.length",1111,37551,3204,2.77321073820045,1694.21486591711
"161","Stearns Creek","Shade",1536,51806,4519,3.95407007109134,1985.97963760247
"162","Stearns Creek","Wood",1477,50938,3214,3.59446738653629,2004.05541791525
"163","Bunker Creek","ASRP.Current.asrp",0,0,0,NA,NA
"164","Bunker Creek","ASRP.scenario.1.2040",2,52,4,1.10749507546607,319.275473308113
"165","Bunker Creek","ASRP.scenario.1.2080",0,13,1,NA,NA
"166","Bunker Creek","ASRP.scenario.2.2040",2,51,4,1.10749507546607,319.275473308113
"167","Bunker Creek","ASRP.scenario.2.2080",0,13,1,NA,NA
"168","Bunker Creek","ASRP.scenario.3.2040",3,77,7,1.19109186013071,359.409054988633
"169","Bunker Creek","ASRP.scenario.3.2080",1,17,2,1.17783836272928,212.050200143291
"170","Bunker Creek","Barriers",2,56,3,1.06003372040234,938.743532159947
"171","Bunker Creek","Beaver",287,9441,200,1.31151445281923,1527.28798583135
"172","Bunker Creek","Current",0,0,0,NA,NA
"173","Bunker Creek","Fine.sediment",296,9428,512,1.79223908271462,798.704842891996
"174","Bunker Creek","Floodplain",6,159,30,1.15282116759563,1040.29442907929
"175","Bunker Creek","FP.wood.comb",53,1502,272,1.2672228298688,1150.3465228609
"176","Bunker Creek","Historical",3500,90191,7640,5.98178934330965,4155.35021830595
"177","Bunker Creek","LR.bank",0,0,0,NA,NA
"178","Bunker Creek","LR.length",0,0,0,NA,NA
"179","Bunker Creek","Shade",405,12805,791,1.57418595671896,1289.69570192296
"180","Bunker Creek","Wood",74,2363,99,1.17886127692575,1016.55867590436
"181","Unnamed: Central Lowlands 9","ASRP.Current.asrp",0,0,0,NA,NA
"182","Unnamed: Central Lowlands 9","ASRP.scenario.1.2040",0,0,0,NA,NA
"183","Unnamed: Central Lowlands 9","ASRP.scenario.1.2080",0,0,0,NA,NA
"184","Unnamed: Central Lowlands 9","ASRP.scenario.2.2040",0,0,0,NA,NA
"185","Unnamed: Central Lowlands 9","ASRP.scenario.2.2080",0,0,0,NA,NA
"186","Unnamed: Central Lowlands 9","ASRP.scenario.3.2040",0,0,0,NA,NA
"187","Unnamed: Central Lowlands 9","ASRP.scenario.3.2080",0,0,0,NA,NA
"188","Unnamed: Central Lowlands 9","Barriers",134,3663,245,1.75815793332971,316.338149001358
"189","Unnamed: Central Lowlands 9","Beaver",0,0,0,NA,NA
"190","Unnamed: Central Lowlands 9","Current",0,0,0,NA,NA
"191","Unnamed: Central Lowlands 9","Fine.sediment",0,0,0,NA,NA
"192","Unnamed: Central Lowlands 9","Floodplain",46,4316,437,1.27422807364239,278.845888839486
"193","Unnamed: Central Lowlands 9","FP.wood.comb",98,9201,946,1.49190852936,311.100323210674
"194","Unnamed: Central Lowlands 9","Historical",2464,66424,5233,9.06482516778475,2585.62128288126
"195","Unnamed: Central Lowlands 9","LR.bank",0,0,0,NA,NA
"196","Unnamed: Central Lowlands 9","LR.length",0,0,0,NA,NA
"197","Unnamed: Central Lowlands 9","Shade",0,0,0,NA,NA
"198","Unnamed: Central Lowlands 9","Wood",0,0,0,NA,NA
"199","Newaukum River","ASRP.Current.asrp",3358,106397,6690,2.21748746307758,6268.43153935288
"200","Newaukum River","ASRP.scenario.1.2040",2953,92165,7277,1.86166240631426,6573.37570760822
"201","Newaukum River","ASRP.scenario.1.2080",1546,48175,3905,1.52224277307774,4845.65443108365
"202","Newaukum River","ASRP.scenario.2.2040",2949,92106,7222,1.86171317484386,6572.41488586305
"203","Newaukum River","ASRP.scenario.2.2080",1545,48134,3882,1.52228920959639,4844.93407097879
"204","Newaukum River","ASRP.scenario.3.2040",2988,93277,7345,1.87262892418541,6629.9429305067
"205","Newaukum River","ASRP.scenario.3.2080",1570,48975,3902,1.53000987158802,4882.42233648781
"206","Newaukum River","Barriers",5160,137198,7288,2.73041384397595,8276.5920296764
"207","Newaukum River","Beaver",9892,328497,5276,2.96952393315159,14647.9581776121
"208","Newaukum River","Current",3622,115440,6758,2.27776436725986,6588.27490667904
"209","Newaukum River","Fine.sediment",4899,156886,8422,3.93135180938985,6625.80960426913
"210","Newaukum River","Floodplain",8696,246796,46618,3.15124617230288,12777.9476433682
"211","Newaukum River","FP.wood.comb",9821,279793,51573,3.27739409461119,14235.1435123576
"212","Newaukum River","Historical",27451,719813,47415,8.23505942972988,31225.8067521646
"213","Newaukum River","LR.bank",3624,115471,6790,2.27773721248844,6591.81478072559
"214","Newaukum River","LR.length",3629,115549,6900,2.27791816125031,6597.1042089725
"215","Newaukum River","Shade",4457,142481,7896,2.72797678191128,7153.83410049338
"216","Newaukum River","Wood",5190,167944,7185,2.7742632808871,8178.55078905204
"217","Dillenbaugh Creek","ASRP.Current.asrp",0,0,0,NA,NA
"218","Dillenbaugh Creek","ASRP.scenario.1.2040",0,0,0,NA,NA
"219","Dillenbaugh Creek","ASRP.scenario.1.2080",0,0,0,NA,NA
"220","Dillenbaugh Creek","ASRP.scenario.2.2040",0,0,0,NA,NA
"221","Dillenbaugh Creek","ASRP.scenario.2.2080",0,0,0,NA,NA
"222","Dillenbaugh Creek","ASRP.scenario.3.2040",0,0,0,NA,NA
"223","Dillenbaugh Creek","ASRP.scenario.3.2080",0,0,0,NA,NA
"224","Dillenbaugh Creek","Barriers",1290,34772,1361,3.54652051296832,1744.79804452464
"225","Dillenbaugh Creek","Beaver",0,0,0,NA,NA
"226","Dillenbaugh Creek","Current",0,0,0,NA,NA
"227","Dillenbaugh Creek","Fine.sediment",0,0,0,NA,NA
"228","Dillenbaugh Creek","Floodplain",0,0,0,NA,NA
"229","Dillenbaugh Creek","FP.wood.comb",1,84,9,1.01044345818988,379.562226457928
"230","Dillenbaugh Creek","Historical",3734,97748,6615,9.46135850149934,4041.45186145829
"231","Dillenbaugh Creek","LR.bank",0,0,0,NA,NA
"232","Dillenbaugh Creek","LR.length",0,0,0,NA,NA
"233","Dillenbaugh Creek","Shade",33,3211,82,1.12618140884577,438.722516101545
"234","Dillenbaugh Creek","Wood",1,72,2,1,365.006959214988
"235","Unnamed: Central Lowlands 8","ASRP.Current.asrp",22,570,35,1.26752157184456,118.998023951914
"236","Unnamed: Central Lowlands 8","ASRP.scenario.1.2040",0,5,0,NA,NA
"237","Unnamed: Central Lowlands 8","ASRP.scenario.1.2080",0,0,0,NA,NA
"238","Unnamed: Central Lowlands 8","ASRP.scenario.2.2040",0,5,0,NA,NA
"239","Unnamed: Central Lowlands 8","ASRP.scenario.2.2080",0,0,0,NA,NA
"240","Unnamed: Central Lowlands 8","ASRP.scenario.3.2040",0,6,1,NA,NA
"241","Unnamed: Central Lowlands 8","ASRP.scenario.3.2080",0,0,0,NA,NA
"242","Unnamed: Central Lowlands 8","Barriers",38,1019,48,1.42671928226546,137.818484924181
"243","Unnamed: Central Lowlands 8","Beaver",230,6356,92,2.23526488280904,392.927758295592
"244","Unnamed: Central Lowlands 8","Current",39,1042,59,1.42653438130466,137.994710233144
"245","Unnamed: Central Lowlands 8","Fine.sediment",76,2013,105,2.23343857521746,138.91085873022
"246","Unnamed: Central Lowlands 8","Floodplain",349,8615,1170,2.6314412202662,515.337808405602
"247","Unnamed: Central Lowlands 8","FP.wood.comb",418,10308,1395,3.12774192944501,568.120183411616
"248","Unnamed: Central Lowlands 8","Historical",1048,27937,1351,7.36958158744973,1143.06137230286
"249","Unnamed: Central Lowlands 8","LR.bank",39,1043,59,1.42653438130466,137.994710233144
"250","Unnamed: Central Lowlands 8","LR.length",39,1045,60,1.42654060265556,137.999673062746
"251","Unnamed: Central Lowlands 8","Shade",88,2327,141,2.24855544347161,161.459439708953
"252","Unnamed: Central Lowlands 8","Wood",94,2530,106,2.19867360115352,172.944910002802
"253","Salzer Creek","ASRP.Current.asrp",196,7384,339,1.4594758084336,687.490887130716
"254","Salzer Creek","ASRP.scenario.1.2040",75,2779,173,1.18934488368249,614.390110051273
"255","Salzer Creek","ASRP.scenario.1.2080",2,62,4,1,516.119432377653
"256","Salzer Creek","ASRP.scenario.2.2040",75,2772,171,1.18934552985834,614.38868733267
"257","Salzer Creek","ASRP.scenario.2.2080",2,61,4,1,515.827994245894
"258","Salzer Creek","ASRP.scenario.3.2040",77,2842,190,1.19372299160908,622.330453172239
"259","Salzer Creek","ASRP.scenario.3.2080",2,67,5,1,522.330005362694
"260","Salzer Creek","Barriers",565,14838,987,2.18277354793042,1062.71589500407
"261","Salzer Creek","Beaver",1293,50227,791,2.55416195362891,1978.96255957741
"262","Salzer Creek","Current",241,8944,573,1.5454460022861,742.958556073768
"263","Salzer Creek","Fine.sediment",405,15097,894,2.22728484038958,753.559396455613
"264","Salzer Creek","Floodplain",1997,68938,9825,2.87364997913186,2726.30690949119
"265","Salzer Creek","FP.wood.comb",2281,78904,11092,3.29573834825833,2957.6819025315
"266","Salzer Creek","Historical",6265,165712,9403,8.89804472161947,6626.55453599497
"267","Salzer Creek","LR.bank",241,8947,574,1.54548438685283,742.917300854386
"268","Salzer Creek","LR.length",242,8964,583,1.54537700442658,743.725674237714
"269","Salzer Creek","Shade",386,14308,903,1.976611924337,808.968990320026
"270","Salzer Creek","Wood",538,20313,928,2.3477583989304,937.425406241143
"271","Unnamed: Cascade Mountains 1","ASRP.Current.asrp",0,0,0,NA,NA
"272","Unnamed: Cascade Mountains 1","ASRP.scenario.1.2040",0,0,0,NA,NA
"273","Unnamed: Cascade Mountains 1","ASRP.scenario.1.2080",0,0,0,NA,NA
"274","Unnamed: Cascade Mountains 1","ASRP.scenario.2.2040",0,0,0,NA,NA
"275","Unnamed: Cascade Mountains 1","ASRP.scenario.2.2080",0,0,0,NA,NA
"276","Unnamed: Cascade Mountains 1","ASRP.scenario.3.2040",0,0,0,NA,NA
"277","Unnamed: Cascade Mountains 1","ASRP.scenario.3.2080",0,0,0,NA,NA
"278","Unnamed: Cascade Mountains 1","Barriers",384,10306,444,3.16884345534743,549.290155906934
"279","Unnamed: Cascade Mountains 1","Beaver",0,0,0,NA,NA
"280","Unnamed: Cascade Mountains 1","Current",0,0,0,NA,NA
"281","Unnamed: Cascade Mountains 1","Fine.sediment",0,0,0,NA,NA
"282","Unnamed: Cascade Mountains 1","Floodplain",0,0,0,NA,NA
"283","Unnamed: Cascade Mountains 1","FP.wood.comb",0,0,0,NA,NA
"284","Unnamed: Cascade Mountains 1","Historical",836,22008,1352,6.91137624549485,948.598687745467
"285","Unnamed: Cascade Mountains 1","LR.bank",0,0,0,NA,NA
"286","Unnamed: Cascade Mountains 1","LR.length",0,0,0,NA,NA
"287","Unnamed: Cascade Mountains 1","Shade",0,0,0,NA,NA
"288","Unnamed: Cascade Mountains 1","Wood",0,0,0,NA,NA
"289","Unnamed: Central Lowlands 7","ASRP.Current.asrp",0,0,0,NA,NA
"290","Unnamed: Central Lowlands 7","ASRP.scenario.1.2040",0,0,0,NA,NA
"291","Unnamed: Central Lowlands 7","ASRP.scenario.1.2080",0,0,0,NA,NA
"292","Unnamed: Central Lowlands 7","ASRP.scenario.2.2040",0,0,0,NA,NA
"293","Unnamed: Central Lowlands 7","ASRP.scenario.2.2080",0,0,0,NA,NA
"294","Unnamed: Central Lowlands 7","ASRP.scenario.3.2040",0,0,0,NA,NA
"295","Unnamed: Central Lowlands 7","ASRP.scenario.3.2080",0,0,0,NA,NA
"296","Unnamed: Central Lowlands 7","Barriers",122,3222,188,1.7828330637228,268.841038302255
"297","Unnamed: Central Lowlands 7","Beaver",0,0,0,NA,NA
"298","Unnamed: Central Lowlands 7","Current",0,0,0,NA,NA
"299","Unnamed: Central Lowlands 7","Fine.sediment",0,0,0,NA,NA
"300","Unnamed: Central Lowlands 7","Floodplain",0,0,0,NA,NA
"301","Unnamed: Central Lowlands 7","FP.wood.comb",0,0,0,NA,NA
"302","Unnamed: Central Lowlands 7","Historical",1365,35114,3046,7.72547334928151,1503.31659568178
"303","Unnamed: Central Lowlands 7","LR.bank",0,0,0,NA,NA
"304","Unnamed: Central Lowlands 7","LR.length",0,0,0,NA,NA
"305","Unnamed: Central Lowlands 7","Shade",0,0,0,NA,NA
"306","Unnamed: Central Lowlands 7","Wood",0,0,0,NA,NA
"307","Skookumchuck River","ASRP.Current.asrp",5804,190190,8549,2.25560059606032,10267.9837152984
"308","Skookumchuck River","ASRP.scenario.1.2040",4330,137160,11122,1.95301326917973,9203.86299378737
"309","Skookumchuck River","ASRP.scenario.1.2080",2809,88692,7491,1.70250158011515,7554.33392608221
"310","Skookumchuck River","ASRP.scenario.2.2040",4326,136945,11198,1.95313451652738,9204.61072912881
"311","Skookumchuck River","ASRP.scenario.2.2080",2806,88528,7547,1.70257005261514,7554.75762096075
"312","Skookumchuck River","ASRP.scenario.3.2040",5825,163307,14358,2.22037064426985,10968.486061483
"313","Skookumchuck River","ASRP.scenario.3.2080",3987,111449,10139,1.92924851867826,9012.83260276461
"314","Skookumchuck River","Barriers",8573,230867,9201,2.7338475808593,13253.4449945692
"315","Skookumchuck River","Beaver",9564,322829,5294,2.4823017470932,15329.6682665961
"316","Skookumchuck River","Current",5831,191753,8286,2.255796915337,10312.6590847156
"317","Skookumchuck River","Fine.sediment",8396,277228,10817,4.67383771530405,10543.7734453714
"318","Skookumchuck River","Floodplain",14529,438497,59950,2.71651173453982,22047.6163389243
"319","Skookumchuck River","FP.wood.comb",17316,524558,69515,2.98356792655608,25016.1882689844
"320","Skookumchuck River","Historical",41651,1092734,71393,8.23294995417596,46231.7244110262
"321","Skookumchuck River","LR.bank",5838,191993,8279,2.25456887631518,10330.8092896542
"322","Skookumchuck River","LR.length",5868,192819,8504,2.24846317909721,10398.0293756906
"323","Skookumchuck River","Shade",6927,228520,9124,2.56003346323141,11178.0542935421
"324","Skookumchuck River","Wood",7583,251900,8271,2.64836827680732,11993.7951192536
"325","Lincoln Creek","ASRP.Current.asrp",1428,39103,3752,2.05970081590171,2836.97163526927
"326","Lincoln Creek","ASRP.scenario.1.2040",875,23314,2960,1.7397252244499,2540.95482920363
"327","Lincoln Creek","ASRP.scenario.1.2080",481,12785,1666,1.5883333738656,1921.28591781627
"328","Lincoln Creek","ASRP.scenario.2.2040",1072,26476,3483,1.86276880004576,2787.8417889663
"329","Lincoln Creek","ASRP.scenario.2.2080",619,15235,2054,1.69953127528577,2102.76405383579
"330","Lincoln Creek","ASRP.scenario.3.2040",1076,26541,3535,1.87189022831804,2895.50353176106
"331","Lincoln Creek","ASRP.scenario.3.2080",619,15251,2062,1.71333598809675,2198.04827348617
"332","Lincoln Creek","Barriers",1773,45647,4011,2.28055670588379,3202.53792410064
"333","Lincoln Creek","Beaver",3848,110121,5597,2.74903289903507,5497.2029018529
"334","Lincoln Creek","Current",1530,42103,3909,2.10949040723076,2949.84037782945
"335","Lincoln Creek","Fine.sediment",2187,60083,5672,3.49519907155305,3058.90597201156
"336","Lincoln Creek","Floodplain",3546,89689,16942,2.75677890557399,5576.53443046529
"337","Lincoln Creek","FP.wood.comb",4284,107089,21748,3.34991710175757,6240.94392553631
"338","Lincoln Creek","Historical",10545,258604,36126,8.61801898698433,11623.7841193057
"339","Lincoln Creek","LR.bank",1533,42138,3948,2.10946052424922,2954.91011231699
"340","Lincoln Creek","LR.length",1534,42159,3972,2.10834972079743,2958.93593740482
"341","Lincoln Creek","Shade",2254,62142,5650,2.87986316682806,3386.51651810309
"342","Lincoln Creek","Wood",2380,66553,5012,2.97981168515419,3605.0112114528
"343","Unnamed: Central Lowlands 6","ASRP.Current.asrp",1265,41948,2389,2.91621912535087,1844.38760285577
"344","Unnamed: Central Lowlands 6","ASRP.scenario.1.2040",1216,36277,6337,2.85120689204928,1896.10505327097
"345","Unnamed: Central Lowlands 6","ASRP.scenario.1.2080",1061,31295,5890,3.06002716681628,1641.37364769501
"346","Unnamed: Central Lowlands 6","ASRP.scenario.2.2040",1210,36217,6190,2.85272579613375,1890.24900249846
"347","Unnamed: Central Lowlands 6","ASRP.scenario.2.2080",1057,31252,5771,3.06175586231719,1636.1952045532
"348","Unnamed: Central Lowlands 6","ASRP.scenario.3.2040",1232,36419,6737,2.86133587413164,1939.25848861617
"349","Unnamed: Central Lowlands 6","ASRP.scenario.3.2080",1075,31406,6265,3.05761950765308,1683.31620871072
"350","Unnamed: Central Lowlands 6","Barriers",1876,49153,3366,3.64151096122421,2469.72196245506
"351","Unnamed: Central Lowlands 6","Beaver",2199,74438,2769,3.17961215595471,2979.28330684769
"352","Unnamed: Central Lowlands 6","Current",1263,41719,2626,2.86108336469094,1863.25091789458
"353","Unnamed: Central Lowlands 6","Fine.sediment",1535,50730,3151,4.60564557911422,1898.02463455122
"354","Unnamed: Central Lowlands 6","Floodplain",2042,62411,9282,3.34542454034975,2828.29013733285
"355","Unnamed: Central Lowlands 6","FP.wood.comb",2263,69521,9937,3.7009663869763,3062.48264866729
"356","Unnamed: Central Lowlands 6","Historical",5872,151624,12486,8.64889378645329,6518.41880918968
"357","Unnamed: Central Lowlands 6","LR.bank",1263,41717,2623,2.86103937401156,1864.08063143556
"358","Unnamed: Central Lowlands 6","LR.length",1263,41718,2625,2.8610878140167,1863.23264305455
"359","Unnamed: Central Lowlands 6","Shade",1460,48459,2793,3.28375431444078,2028.27925056469
"360","Unnamed: Central Lowlands 6","Wood",1578,52584,2831,3.47580148627376,2149.06792452095
"361","Unnamed: Black River 1","ASRP.Current.asrp",601,21145,1454,2.21808386307471,984.454615416832
"362","Unnamed: Black River 1","ASRP.scenario.1.2040",595,20783,1577,2.0223335136629,1068.7877786451
"363","Unnamed: Black River 1","ASRP.scenario.1.2080",442,15399,1201,1.80959062301373,941.999944548577
"364","Unnamed: Black River 1","ASRP.scenario.2.2040",594,20763,1557,2.02294101245686,1067.01697900594
"365","Unnamed: Black River 1","ASRP.scenario.2.2080",441,15384,1188,1.81055943578862,940.131102293481
"366","Unnamed: Black River 1","ASRP.scenario.3.2040",661,23183,1653,2.09200307294597,1152.9583474795
"367","Unnamed: Black River 1","ASRP.scenario.3.2080",491,17189,1256,1.85853547784019,1013.51451780125
"368","Unnamed: Black River 1","Barriers",951,24907,1716,2.67859435771776,1387.30397691256
"369","Unnamed: Black River 1","Beaver",955,34787,1189,2.48544425933465,1338.93447292245
"370","Unnamed: Black River 1","Current",601,21222,1431,2.21418187008699,986.101307344209
"371","Unnamed: Black River 1","Fine.sediment",747,26539,1605,3.03077267365836,1026.0568828855
"372","Unnamed: Black River 1","Floodplain",1249,41057,5966,2.7156080503143,1705.30861342663
"373","Unnamed: Black River 1","FP.wood.comb",1580,51228,8274,3.64395284738406,1956.77445469096
"374","Unnamed: Black River 1","Historical",3176,80744,8022,7.01276646984474,3430.06615425117
"375","Unnamed: Black River 1","LR.bank",602,21230,1441,2.21709658197888,986.660536186586
"376","Unnamed: Black River 1","LR.length",602,21236,1448,2.21415495313232,987.761070995561
"377","Unnamed: Black River 1","Shade",618,21970,1319,2.28010312389939,998.499514340008
"378","Unnamed: Black River 1","Wood",883,31389,1855,3.32445698512214,1176.5471173557
"379","Scatter Creek","ASRP.Current.asrp",624,16986,1037,1.53184975147954,2162.08804502282
"380","Scatter Creek","ASRP.scenario.1.2040",511,12386,2374,1.58834663638882,1948.5213286309
"381","Scatter Creek","ASRP.scenario.1.2080",252,6019,1250,1.4970949226039,1337.03307967577
"382","Scatter Creek","ASRP.scenario.2.2040",572,13408,2583,1.63917500942357,2024.29846211781
"383","Scatter Creek","ASRP.scenario.2.2080",287,6638,1389,1.54483182302708,1389.01176718838
"384","Scatter Creek","ASRP.scenario.3.2040",611,14168,2911,1.65328370162788,2114.78787259185
"385","Scatter Creek","ASRP.scenario.3.2080",310,7090,1575,1.54802789305929,1470.80945843327
"386","Scatter Creek","Barriers",745,19777,1092,1.59802216278598,2305.95457857623
"387","Scatter Creek","Beaver",1562,43467,1709,1.84744236674334,3301.85963391065
"388","Scatter Creek","Current",678,18513,1087,1.55771840796662,2228.35700034167
"389","Scatter Creek","Fine.sediment",1051,28952,1451,1.93360191620269,2275.5802169175
"390","Scatter Creek","Floodplain",2053,52070,7325,2.28923970415295,3679.38796172661
"391","Scatter Creek","FP.wood.comb",2223,56970,7341,2.38018576501323,3892.82523767828
"392","Scatter Creek","Historical",6694,176124,10980,5.42209877474584,7726.4975218168
"393","Scatter Creek","LR.bank",677,18510,1086,1.55772165137517,2229.63138222001
"394","Scatter Creek","LR.length",678,18512,1087,1.55766794199425,2228.25651748778
"395","Scatter Creek","Shade",2249,61454,3603,2.92434742755218,3275.40830883497
"396","Scatter Creek","Wood",1160,31990,1560,1.83188043687571,2648.73866847958
"397","Black River","ASRP.Current.asrp",7781,260643,7169,2.75983964846224,11958.6996760303
"398","Black River","ASRP.scenario.1.2040",5577,179089,12864,2.37631868163527,9471.5113448368
"399","Black River","ASRP.scenario.1.2080",3681,117848,8832,2.16547404441089,7000.42347622224
"400","Black River","ASRP.scenario.2.2040",6518,192113,14247,2.56014378940692,10441.9446600529
"401","Black River","ASRP.scenario.2.2080",4218,123756,9795,2.29060457300311,7595.32907507365
"402","Black River","ASRP.scenario.3.2040",6627,193774,14707,2.62116240987364,10616.4465364291
"403","Black River","ASRP.scenario.3.2080",4474,129800,10950,2.3828601418002,7881.71738688245
"404","Black River","Barriers",10583,289843,6501,3.27248517121509,14928.4065893739
"405","Black River","Beaver",10650,361846,5396,2.88844608539731,15673.1598687711
"406","Black River","Current",7800,262072,6891,2.76080077985536,11986.6778768791
"407","Black River","Fine.sediment",8920,301478,6098,3.62704385861304,12112.017768492
"408","Black River","Floodplain",13431,415995,47165,3.32177211851277,18359.3242921295
"409","Black River","FP.wood.comb",15265,477028,49367,3.45893809981283,20680.5222643959
"410","Black River","Historical",32022,856767,38234,5.99080419191043,37039.5477056063
"411","Black River","LR.bank",7807,262303,6903,2.76035725605505,11998.7999608121
"412","Black River","LR.length",7800,262069,6885,2.76081978583052,11986.0971571094
"413","Black River","Shade",9750,328776,7436,3.22713591689997,13769.4145812001
"414","Black River","Wood",9857,332920,6999,3.06552240704782,14347.5212704929
"415","Unnamed: Central Lowlands 5","ASRP.Current.asrp",0,0,0,NA,NA
"416","Unnamed: Central Lowlands 5","ASRP.scenario.1.2040",0,0,0,NA,NA
"417","Unnamed: Central Lowlands 5","ASRP.scenario.1.2080",0,0,0,NA,NA
"418","Unnamed: Central Lowlands 5","ASRP.scenario.2.2040",0,0,0,NA,NA
"419","Unnamed: Central Lowlands 5","ASRP.scenario.2.2080",0,0,0,NA,NA
"420","Unnamed: Central Lowlands 5","ASRP.scenario.3.2040",0,0,0,NA,NA
"421","Unnamed: Central Lowlands 5","ASRP.scenario.3.2080",0,0,0,NA,NA
"422","Unnamed: Central Lowlands 5","Barriers",12,320,10,1.46037823230555,44.0780681739982
"423","Unnamed: Central Lowlands 5","Beaver",0,0,0,NA,NA
"424","Unnamed: Central Lowlands 5","Current",0,0,0,NA,NA
"425","Unnamed: Central Lowlands 5","Fine.sediment",0,0,0,NA,NA
"426","Unnamed: Central Lowlands 5","Floodplain",0,0,0,NA,NA
"427","Unnamed: Central Lowlands 5","FP.wood.comb",0,0,0,NA,NA
"428","Unnamed: Central Lowlands 5","Historical",239,6232,445,7.17135285828185,277.714088200533
"429","Unnamed: Central Lowlands 5","LR.bank",0,0,0,NA,NA
"430","Unnamed: Central Lowlands 5","LR.length",0,0,0,NA,NA
"431","Unnamed: Central Lowlands 5","Shade",0,0,0,NA,NA
"432","Unnamed: Central Lowlands 5","Wood",0,0,0,NA,NA
"433","Garrard Creek","ASRP.Current.asrp",696,22102,858,1.96051397053643,1456.54628223064
"434","Garrard Creek","ASRP.scenario.1.2040",443,13372,1237,1.65756080479697,1255.70523393755
"435","Garrard Creek","ASRP.scenario.1.2080",116,3480,329,1.28125981238623,967.270513804301
"436","Garrard Creek","ASRP.scenario.2.2040",440,13307,1197,1.65779698172682,1254.72287527954
"437","Garrard Creek","ASRP.scenario.2.2080",115,3466,325,1.28150976573393,966.41400571341
"438","Garrard Creek","ASRP.scenario.3.2040",708,17866,1910,1.96048553054604,1550.15345243354
"439","Garrard Creek","ASRP.scenario.3.2080",319,7993,919,1.53396169069862,1199.30528006849
"440","Garrard Creek","Barriers",1087,29438,1000,2.46072210537525,1837.60138855747
"441","Garrard Creek","Beaver",2360,76656,1309,2.73276880050782,3424.7887125978
"442","Garrard Creek","Current",756,24081,892,1.99912925911999,1531.27040407671
"443","Garrard Creek","Fine.sediment",1148,36583,1327,3.67158515851144,1568.46391350154
"444","Garrard Creek","Floodplain",1559,44409,7099,2.63347141860192,2468.24163869139
"445","Garrard Creek","FP.wood.comb",1851,52765,8376,3.08956701452864,2722.79506138124
"446","Garrard Creek","Historical",6041,157334,11520,8.98254728687324,6605.69643073688
"447","Garrard Creek","LR.bank",756,24090,892,1.9991214444594,1531.47995780096
"448","Garrard Creek","LR.length",756,24081,891,1.99920502549018,1531.23718544881
"449","Garrard Creek","Shade",1004,32072,1095,2.51025718646586,1671.54882301747
"450","Garrard Creek","Wood",1216,38968,1186,2.76969392844766,1888.57830930076
"451","Unnamed: Black Hills 5","ASRP.Current.asrp",256,7293,327,3.97123065026648,327.463939663047
"452","Unnamed: Black Hills 5","ASRP.scenario.1.2040",203,5486,544,3.03762414002033,281.860089718637
"453","Unnamed: Black Hills 5","ASRP.scenario.1.2080",136,3674,363,2.29038983915445,233.086832685421
"454","Unnamed: Black Hills 5","ASRP.scenario.2.2040",202,5478,528,3.03930837343912,281.327277130841
"455","Unnamed: Black Hills 5","ASRP.scenario.2.2080",136,3673,361,2.29043969710399,233.068816062555
"456","Unnamed: Black Hills 5","ASRP.scenario.3.2040",205,5542,541,3.07292504861815,286.65404928425
"457","Unnamed: Black Hills 5","ASRP.scenario.3.2080",139,3748,388,2.32423811502596,238.335265232981
"458","Unnamed: Black Hills 5","Barriers",278,7525,273,4.22166085015461,351.232916335181
"459","Unnamed: Black Hills 5","Beaver",507,14802,305,4.74663988541418,589.678286963153
"460","Unnamed: Black Hills 5","Current",258,7375,319,3.96487387902998,330.066127422114
"461","Unnamed: Black Hills 5","Fine.sediment",285,8200,297,5.68597110988627,335.296954766528
"462","Unnamed: Black Hills 5","Floodplain",401,10041,1903,4.71045196171795,470.241100825517
"463","Unnamed: Black Hills 5","FP.wood.comb",434,10942,1982,5.19027418284445,504.676366417594
"464","Unnamed: Black Hills 5","Historical",818,21375,1481,9.54290111204884,868.082734850126
"465","Unnamed: Black Hills 5","LR.bank",258,7375,319,3.96487387902998,330.066127422114
"466","Unnamed: Black Hills 5","LR.length",258,7375,319,3.96487387902998,330.066127422114
"467","Unnamed: Black Hills 5","Shade",257,7380,269,3.97851371991343,329.958544211021
"468","Unnamed: Black Hills 5","Wood",314,9033,314,4.96361077384287,380.280884551934
"469","Unnamed: Central Lowlands 4","ASRP.Current.asrp",0,0,0,NA,NA
"470","Unnamed: Central Lowlands 4","ASRP.scenario.1.2040",0,0,0,NA,NA
"471","Unnamed: Central Lowlands 4","ASRP.scenario.1.2080",0,0,0,NA,NA
"472","Unnamed: Central Lowlands 4","ASRP.scenario.2.2040",0,0,0,NA,NA
"473","Unnamed: Central Lowlands 4","ASRP.scenario.2.2080",0,0,0,NA,NA
"474","Unnamed: Central Lowlands 4","ASRP.scenario.3.2040",0,0,0,NA,NA
"475","Unnamed: Central Lowlands 4","ASRP.scenario.3.2080",0,0,0,NA,NA
"476","Unnamed: Central Lowlands 4","Barriers",1060,28991,695,3.06863989139745,1489.51362755414
"477","Unnamed: Central Lowlands 4","Beaver",0,0,0,NA,NA
"478","Unnamed: Central Lowlands 4","Current",0,0,0,NA,NA
"479","Unnamed: Central Lowlands 4","Fine.sediment",0,0,0,NA,NA
"480","Unnamed: Central Lowlands 4","Floodplain",0,0,0,NA,NA
"481","Unnamed: Central Lowlands 4","FP.wood.comb",1,138,10,1.05160055697515,248.807355588066
"482","Unnamed: Central Lowlands 4","Historical",2579,69161,2910,6.194319918927,3167.87876530806
"483","Unnamed: Central Lowlands 4","LR.bank",0,0,0,NA,NA
"484","Unnamed: Central Lowlands 4","LR.length",0,0,0,NA,NA
"485","Unnamed: Central Lowlands 4","Shade",0,0,0,NA,NA
"486","Unnamed: Central Lowlands 4","Wood",0,24,0,NA,NA
"487","Rock Creek (Lower Chehalis)","ASRP.Current.asrp",1189,31954,1291,3.38481458940574,1647.87944816839
"488","Rock Creek (Lower Chehalis)","ASRP.scenario.1.2040",757,20140,1031,2.26348344974517,1324.47579015833
"489","Rock Creek (Lower Chehalis)","ASRP.scenario.1.2080",362,9498,613,1.59713749714875,1012.17773628488
"490","Rock Creek (Lower Chehalis)","ASRP.scenario.2.2040",756,20124,1010,2.26348344974517,1324.47579015833
"491","Rock Creek (Lower Chehalis)","ASRP.scenario.2.2080",361,9481,603,1.59721749557842,1012.20404462215
"492","Rock Creek (Lower Chehalis)","ASRP.scenario.3.2040",761,20236,1041,2.26977871076802,1330.32223965919
"493","Rock Creek (Lower Chehalis)","ASRP.scenario.3.2080",365,9585,619,1.6017387504208,1018.12543030726
"494","Rock Creek (Lower Chehalis)","Barriers",1226,33197,1145,3.42146095454358,1698.29400889974
"495","Rock Creek (Lower Chehalis)","Beaver",2941,80924,1438,4.48182746633782,3589.76626303222
"496","Rock Creek (Lower Chehalis)","Current",1234,33258,1295,3.42106826744284,1699.63247648784
"497","Rock Creek (Lower Chehalis)","Fine.sediment",1380,37445,1205,4.88629113738901,1707.75973011508
"498","Rock Creek (Lower Chehalis)","Floodplain",1747,40407,8500,4.13860371692214,2348.20798213532
"499","Rock Creek (Lower Chehalis)","FP.wood.comb",1952,45422,9240,4.52739744714317,2568.96772398039
"500","Rock Creek (Lower Chehalis)","Historical",4389,113543,9113,8.30142827841607,4912.18651218877
"501","Rock Creek (Lower Chehalis)","LR.bank",1234,33263,1305,3.42110614232415,1699.79252562068
"502","Rock Creek (Lower Chehalis)","LR.length",1234,33258,1294,3.42106926508358,1699.62906401437
"503","Rock Creek (Lower Chehalis)","Shade",1327,35921,1239,3.7853441757682,1764.81984865679
"504","Rock Creek (Lower Chehalis)","Wood",1619,43727,1603,4.41139292857953,2044.26414210829
"505","Cedar Creek","ASRP.Current.asrp",1494,40518,1669,4.16731188034173,1930.14912598647
"506","Cedar Creek","ASRP.scenario.1.2040",1114,29459,1678,2.95891498470871,1645.66861282228
"507","Cedar Creek","ASRP.scenario.1.2080",736,19162,1404,2.11705640805661,1360.84854568681
"508","Cedar Creek","ASRP.scenario.2.2040",1112,29443,1645,2.95891402908684,1645.67190897745
"509","Cedar Creek","ASRP.scenario.2.2080",734,19145,1382,2.11704417083598,1360.9013601249
"510","Cedar Creek","ASRP.scenario.3.2040",1116,29473,1705,2.95945311466408,1651.44569175282
"511","Cedar Creek","ASRP.scenario.3.2080",737,19173,1417,2.12125485565569,1366.94065672697
"512","Cedar Creek","Barriers",1502,40369,1690,4.1473499224744,1959.47815008993
"513","Cedar Creek","Beaver",3795,105201,2141,5.75827855593355,4428.60951874237
"514","Cedar Creek","Current",1493,40331,1899,4.10769969126486,1941.8148726455
"515","Cedar Creek","Fine.sediment",1697,46004,1992,6.9670078998372,1960.09110541667
"516","Cedar Creek","Floodplain",2553,58147,14084,5.26960836421951,3220.52111919549
"517","Cedar Creek","FP.wood.comb",2908,66757,15513,5.47997731196158,3624.38224133924
"518","Cedar Creek","Historical",6228,157793,16288,12.1793134572394,6736.16645569242
"519","Cedar Creek","LR.bank",1494,40336,1914,4.10843167092165,1942.53565279012
"520","Cedar Creek","LR.length",1493,40331,1898,4.10770021873385,1941.81330103812
"521","Cedar Creek","Shade",1561,42392,1762,4.40756923552928,1992.95759789061
"522","Cedar Creek","Wood",2039,55326,2362,5.20513547043732,2477.67385405479
"523","Unnamed: Black Hills 4","ASRP.Current.asrp",77,2062,103,3.28665469541899,110.563673790612
"524","Unnamed: Black Hills 4","ASRP.scenario.1.2040",40,1059,65,2.01993037364,82.8939301672595
"525","Unnamed: Black Hills 4","ASRP.scenario.1.2080",6,154,12,1.17074528910644,60.0295194955435
"526","Unnamed: Black Hills 4","ASRP.scenario.2.2040",40,1057,64,2.01993037364,82.8939301672595
"527","Unnamed: Black Hills 4","ASRP.scenario.2.2080",6,152,12,1.17077413690221,60.0309218219907
"528","Unnamed: Black Hills 4","ASRP.scenario.3.2040",40,1059,66,2.01543271818721,83.452446234105
"529","Unnamed: Black Hills 4","ASRP.scenario.3.2080",6,154,12,1.18985008970091,60.0531381684843
"530","Unnamed: Black Hills 4","Barriers",83,2227,95,3.40584310144667,116.664520541688
"531","Unnamed: Black Hills 4","Beaver",332,9107,180,5.52226427367877,384.316130935383
"532","Unnamed: Black Hills 4","Current",84,2233,108,3.4018587836561,117.223467191535
"533","Unnamed: Black Hills 4","Fine.sediment",95,2551,106,5.07764079065531,117.279412392857
"534","Unnamed: Black Hills 4","Floodplain",111,2412,689,4.01556518672283,161.619526348793
"535","Unnamed: Black Hills 4","FP.wood.comb",141,3104,845,4.35703436460139,199.491963264323
"536","Unnamed: Black Hills 4","Historical",488,12471,1168,9.95583354557639,535.157631974156
"537","Unnamed: Black Hills 4","LR.bank",84,2233,108,3.40311015597981,117.262831220706
"538","Unnamed: Black Hills 4","LR.length",84,2233,108,3.4018587836561,117.223467191535
"539","Unnamed: Black Hills 4","Shade",85,2287,96,3.50109625606658,118.238008041279
"540","Unnamed: Black Hills 4","Wood",129,3453,151,4.6570119899048,161.940668013096
"541","Unnamed: Central Lowlands 3","ASRP.Current.asrp",0,18,0,NA,NA
"542","Unnamed: Central Lowlands 3","ASRP.scenario.1.2040",0,0,0,NA,NA
"543","Unnamed: Central Lowlands 3","ASRP.scenario.1.2080",0,0,0,NA,NA
"544","Unnamed: Central Lowlands 3","ASRP.scenario.2.2040",0,0,0,NA,NA
"545","Unnamed: Central Lowlands 3","ASRP.scenario.2.2080",0,0,0,NA,NA
"546","Unnamed: Central Lowlands 3","ASRP.scenario.3.2040",0,0,0,NA,NA
"547","Unnamed: Central Lowlands 3","ASRP.scenario.3.2080",0,0,0,NA,NA
"548","Unnamed: Central Lowlands 3","Barriers",82,2240,63,1.98284671225783,164.094701080028
"549","Unnamed: Central Lowlands 3","Beaver",99,5334,41,1.6259826498561,232.894582623527
"550","Unnamed: Central Lowlands 3","Current",1,34,1,1.00981156116771,80.0320523285906
"551","Unnamed: Central Lowlands 3","Fine.sediment",29,1562,30,1.56828481414784,82.7874256508038
"552","Unnamed: Central Lowlands 3","Floodplain",31,1519,166,1.41597830029635,133.279614246596
"553","Unnamed: Central Lowlands 3","FP.wood.comb",53,2612,297,1.67420890158276,148.861222296544
"554","Unnamed: Central Lowlands 3","Historical",638,16785,1047,6.32971121878813,717.808355597499
"555","Unnamed: Central Lowlands 3","LR.bank",1,34,1,1.00981156116771,80.0320523285906
"556","Unnamed: Central Lowlands 3","LR.length",1,34,1,1.00981156116771,80.0320523285906
"557","Unnamed: Central Lowlands 3","Shade",1,67,1,1.02746046293151,80.6769603200162
"558","Unnamed: Central Lowlands 3","Wood",34,1804,33,1.5329598522149,100.949624160428
"559","Porter Creek","ASRP.Current.asrp",754,20686,961,3.69086843719216,1036.04533755202
"560","Porter Creek","ASRP.scenario.1.2040",590,16076,856,2.87623498153956,916.749272933341
"561","Porter Creek","ASRP.scenario.1.2080",400,10830,656,2.14656572127156,784.676130763894
"562","Porter Creek","ASRP.scenario.2.2040",617,16423,820,2.95364306193592,947.630894318107
"563","Porter Creek","ASRP.scenario.2.2080",422,11154,628,2.2046854817748,809.840936328643
"564","Porter Creek","ASRP.scenario.3.2040",629,16851,736,2.99914190274055,954.21745200924
"565","Porter Creek","ASRP.scenario.3.2080",436,11600,575,2.24532734139615,817.436075697205
"566","Porter Creek","Barriers",789,21288,811,3.83977367277466,1075.57834727709
"567","Porter Creek","Beaver",2521,71216,1302,6.30068673311985,2884.98384050942
"568","Porter Creek","Current",760,20926,941,3.72971885874911,1040.7471885682
"569","Porter Creek","Fine.sediment",869,24059,948,5.9181061897492,1047.90336472163
"570","Porter Creek","Floodplain",988,22712,5708,4.3859110824107,1390.41803940416
"571","Porter Creek","FP.wood.comb",1216,28544,6445,4.63276962427415,1645.8508348815
"572","Porter Creek","Historical",3816,98530,8115,12.4172905494564,4084.87608005564
"573","Porter Creek","LR.bank",761,20930,948,3.72988972694694,1041.0883961205
"574","Porter Creek","LR.length",760,20926,941,3.72971885874911,1040.7471885682
"575","Porter Creek","Shade",776,21395,919,3.83889977122615,1051.41286521581
"576","Porter Creek","Wood",1164,32305,1186,5.26659550281105,1425.66036378407
"577","Unnamed: Black Hills 3","ASRP.Current.asrp",0,0,0,NA,NA
"578","Unnamed: Black Hills 3","ASRP.scenario.1.2040",0,0,0,NA,NA
"579","Unnamed: Black Hills 3","ASRP.scenario.1.2080",0,0,0,NA,NA
"580","Unnamed: Black Hills 3","ASRP.scenario.2.2040",0,0,0,NA,NA
"581","Unnamed: Black Hills 3","ASRP.scenario.2.2080",0,0,0,NA,NA
"582","Unnamed: Black Hills 3","ASRP.scenario.3.2040",0,0,0,NA,NA
"583","Unnamed: Black Hills 3","ASRP.scenario.3.2080",0,0,0,NA,NA
"584","Unnamed: Black Hills 3","Barriers",21,560,18,NA,NA
"585","Unnamed: Black Hills 3","Beaver",0,0,0,NA,NA
"586","Unnamed: Black Hills 3","Current",0,0,0,NA,NA
"587","Unnamed: Black Hills 3","Fine.sediment",0,0,0,NA,NA
"588","Unnamed: Black Hills 3","Floodplain",0,0,0,NA,NA
"589","Unnamed: Black Hills 3","FP.wood.comb",0,0,0,NA,NA
"590","Unnamed: Black Hills 3","Historical",136,3530,284,NA,NA
"591","Unnamed: Black Hills 3","LR.bank",0,0,0,NA,NA
"592","Unnamed: Black Hills 3","LR.length",0,0,0,NA,NA
"593","Unnamed: Black Hills 3","Shade",0,0,0,NA,NA
"594","Unnamed: Black Hills 3","Wood",0,0,0,NA,NA
"595","Mox Chehalis Creek","ASRP.Current.asrp",2507,80587,1979,3.93366096066254,3222.66994640384
"596","Mox Chehalis Creek","ASRP.scenario.1.2040",2232,71391,2102,3.46514973813264,2995.15537437365
"597","Mox Chehalis Creek","ASRP.scenario.1.2080",1977,62893,2212,3.15764670683693,2756.09551314342
"598","Mox Chehalis Creek","ASRP.scenario.2.2040",2224,71323,1935,3.46529420463382,2994.12907858474
"599","Mox Chehalis Creek","ASRP.scenario.2.2080",1968,62803,2018,3.15772725510254,2755.03483828258
"600","Mox Chehalis Creek","ASRP.scenario.3.2040",2226,71338,1971,3.46612948674537,2996.29134276861
"601","Mox Chehalis Creek","ASRP.scenario.3.2080",1970,62820,2053,3.15909891671911,2757.13006491091
"602","Mox Chehalis Creek","Barriers",3573,97946,2109,4.80086678865229,4337.09876285917
"603","Mox Chehalis Creek","Beaver",3633,118380,1503,4.36993233334836,4448.15757285359
"604","Mox Chehalis Creek","Current",2504,80655,1948,3.92733729512924,3219.77818415818
"605","Mox Chehalis Creek","Fine.sediment",2808,90852,1801,6.10363359304053,3270.74530448431
"606","Mox Chehalis Creek","Floodplain",4156,123139,13974,4.55796776065486,4973.30503109809
"607","Mox Chehalis Creek","FP.wood.comb",4492,134025,14184,4.96504830665176,5354.59968952735
"608","Mox Chehalis Creek","Historical",8497,224000,13480,9.80339868698233,9089.60664376707
"609","Mox Chehalis Creek","LR.bank",2508,80788,1969,3.92712754652158,3225.18012152773
"610","Mox Chehalis Creek","LR.length",2503,80655,1947,3.92733724391919,3219.77666347578
"611","Mox Chehalis Creek","Shade",2524,81394,1873,3.98607156234726,3233.22706191983
"612","Mox Chehalis Creek","Wood",2934,94761,2058,4.66016751987012,3625.13406797442
"613","Unnamed: Black Hills 2","ASRP.Current.asrp",0,0,0,NA,NA
"614","Unnamed: Black Hills 2","ASRP.scenario.1.2040",0,0,0,NA,NA
"615","Unnamed: Black Hills 2","ASRP.scenario.1.2080",0,0,0,NA,NA
"616","Unnamed: Black Hills 2","ASRP.scenario.2.2040",0,0,0,NA,NA
"617","Unnamed: Black Hills 2","ASRP.scenario.2.2080",0,0,0,NA,NA
"618","Unnamed: Black Hills 2","ASRP.scenario.3.2040",0,0,0,NA,NA
"619","Unnamed: Black Hills 2","ASRP.scenario.3.2080",0,0,0,NA,NA
"620","Unnamed: Black Hills 2","Barriers",0,0,0,NA,NA
"621","Unnamed: Black Hills 2","Beaver",0,0,0,NA,NA
"622","Unnamed: Black Hills 2","Current",0,0,0,NA,NA
"623","Unnamed: Black Hills 2","Fine.sediment",0,0,0,NA,NA
"624","Unnamed: Black Hills 2","Floodplain",0,0,0,NA,NA
"625","Unnamed: Black Hills 2","FP.wood.comb",0,0,0,NA,NA
"626","Unnamed: Black Hills 2","Historical",0,0,0,NA,NA
"627","Unnamed: Black Hills 2","LR.bank",0,0,0,NA,NA
"628","Unnamed: Black Hills 2","LR.length",0,0,0,NA,NA
"629","Unnamed: Black Hills 2","Shade",0,0,0,NA,NA
"630","Unnamed: Black Hills 2","Wood",0,0,0,NA,NA
"631","Unnamed: Central Lowlands 2","ASRP.Current.asrp",530,16807,505,1.98719663659463,1085.71656849484
"632","Unnamed: Central Lowlands 2","ASRP.scenario.1.2040",243,7696,251,1.44718445351169,908.213792916269
"633","Unnamed: Central Lowlands 2","ASRP.scenario.1.2080",16,480,18,1.06654240864999,762.711967769148
"634","Unnamed: Central Lowlands 2","ASRP.scenario.2.2040",241,7646,232,1.44744910157315,907.213614990365
"635","Unnamed: Central Lowlands 2","ASRP.scenario.2.2080",14,448,15,1.06668880691865,762.14855135789
"636","Unnamed: Central Lowlands 2","ASRP.scenario.3.2040",244,7731,236,1.45061486952722,909.918499672855
"637","Unnamed: Central Lowlands 2","ASRP.scenario.3.2080",16,488,17,1.07251924189133,763.978249125885
"638","Unnamed: Central Lowlands 2","Barriers",730,19896,558,2.37491661742081,1278.15197313376
"639","Unnamed: Central Lowlands 2","Beaver",2294,74177,870,3.30520423323161,3060.58453644583
"640","Unnamed: Central Lowlands 2","Current",532,16897,502,1.98586821068935,1088.13682027009
"641","Unnamed: Central Lowlands 2","Fine.sediment",792,25182,742,3.48259739794254,1110.79354434671
"642","Unnamed: Central Lowlands 2","Floodplain",795,22482,3527,2.4490136701454,1461.76134260694
"643","Unnamed: Central Lowlands 2","FP.wood.comb",1035,29333,4514,2.86978091590489,1702.7366266598
"644","Unnamed: Central Lowlands 2","Historical",4444,116814,7405,8.65533256591795,4927.54397829518
"645","Unnamed: Central Lowlands 2","LR.bank",532,16900,504,1.98585657059373,1088.29669304471
"646","Unnamed: Central Lowlands 2","LR.length",532,16897,502,1.98586821068935,1088.13682027009
"647","Unnamed: Central Lowlands 2","Shade",541,17224,479,2.02207216809078,1093.31067882909
"648","Unnamed: Central Lowlands 2","Wood",982,31313,803,3.07451712152674,1443.47386932472
"649","Cloquallum Creek","ASRP.Current.asrp",5651,193721,4377,3.33488222378752,7841.40335729225
"650","Cloquallum Creek","ASRP.scenario.1.2040",4949,168918,4575,2.94056792828141,7279.08563350519
"651","Cloquallum Creek","ASRP.scenario.1.2080",3955,134373,4278,2.47106767619183,6460.58972675635
"652","Cloquallum Creek","ASRP.scenario.2.2040",6909,188377,5242,3.66710863807204,9233.05004127282
"653","Cloquallum Creek","ASRP.scenario.2.2080",5698,154645,5031,3.08359823325667,8194.5837890179
"654","Cloquallum Creek","ASRP.scenario.3.2040",6914,188416,5345,3.66987524755565,9239.64694543464
"655","Cloquallum Creek","ASRP.scenario.3.2080",5703,154691,5125,3.08429961869477,8202.41730582768
"656","Cloquallum Creek","Barriers",7717,212415,4262,4.14917422976908,9907.72650692593
"657","Cloquallum Creek","Beaver",9632,334589,3699,3.75388875061057,12401.4508312396
"658","Cloquallum Creek","Current",5648,194129,4238,3.33439177667925,7838.47975074578
"659","Cloquallum Creek","Fine.sediment",6810,234638,4527,6.15712065353952,7990.39646742412
"660","Cloquallum Creek","Floodplain",7999,253802,27120,3.8240185530867,10561.4360109053
"661","Cloquallum Creek","FP.wood.comb",9024,287894,29040,4.20204571378931,11658.8689347554
"662","Cloquallum Creek","Historical",21269,561513,34571,10.3503706396608,23029.6545782018
"663","Cloquallum Creek","LR.bank",5650,194158,4270,3.33453834805824,7840.23579556054
"664","Cloquallum Creek","LR.length",5648,194128,4235,3.3343912192871,7838.47722119009
"665","Cloquallum Creek","Shade",5640,194086,4003,3.33814802424946,7832.56497254799
"666","Cloquallum Creek","Wood",7016,241690,4707,3.99861174004194,9150.9675934852
"667","Unnamed: Black Hills 1","ASRP.Current.asrp",1936,70203,1089,1.96622458374393,3338.68182107797
"668","Unnamed: Black Hills 1","ASRP.scenario.1.2040",1558,56319,1062,1.77996659626899,3048.87787290844
"669","Unnamed: Black Hills 1","ASRP.scenario.1.2080",1303,46893,1077,1.6669460072931,2819.01798765581
"670","Unnamed: Black Hills 1","ASRP.scenario.2.2040",1553,56212,986,1.77995799973547,3048.74980116437
"671","Unnamed: Black Hills 1","ASRP.scenario.2.2080",1297,46756,993,1.6669945333483,2818.33258583677
"672","Unnamed: Black Hills 1","ASRP.scenario.3.2040",1554,56232,1000,1.78021523434227,3049.7497536532
"673","Unnamed: Black Hills 1","ASRP.scenario.3.2080",1298,46776,1005,1.66720489072427,2819.35357206424
"674","Unnamed: Black Hills 1","Barriers",3411,94185,1340,2.67315704335081,4755.92697026794
"675","Unnamed: Black Hills 1","Beaver",2825,103427,771,2.17332018862312,4041.02544981004
"676","Unnamed: Black Hills 1","Current",1945,70684,1048,1.96856824453169,3345.9990344372
"677","Unnamed: Black Hills 1","Fine.sediment",2908,105931,1360,3.41717899137716,3692.79429675512
"678","Unnamed: Black Hills 1","Floodplain",1604,54544,4610,2.04426140214662,2838.75394953426
"679","Unnamed: Black Hills 1","FP.wood.comb",2416,81329,7783,3.24401020397766,3272.84614883624
"680","Unnamed: Black Hills 1","Historical",6288,166791,8945,7.891844152409,6803.71232276303
"681","Unnamed: Black Hills 1","LR.bank",1945,70691,1054,1.96856824453169,3345.9990344372
"682","Unnamed: Black Hills 1","LR.length",1944,70683,1048,1.96856739182116,3345.99759405843
"683","Unnamed: Black Hills 1","Shade",2029,73811,1032,2.02023759164293,3402.99184017434
"684","Unnamed: Black Hills 1","Wood",3135,113914,1748,3.30813727741846,4101.00467535984
"685","Unnamed: Central Lowlands 1","ASRP.Current.asrp",63,2422,51,2.25833329374617,114.16062532184
"686","Unnamed: Central Lowlands 1","ASRP.scenario.1.2040",38,1462,29,1.68112018486579,96.6566930406018
"687","Unnamed: Central Lowlands 1","ASRP.scenario.1.2080",14,550,11,1.25295392752901,80.8682876504832
"688","Unnamed: Central Lowlands 1","ASRP.scenario.2.2040",38,1460,28,1.68112018486579,96.6566930406018
"689","Unnamed: Central Lowlands 1","ASRP.scenario.2.2080",14,548,11,1.25295392752901,80.8682876504832
"690","Unnamed: Central Lowlands 1","ASRP.scenario.3.2040",38,1459,27,1.68112396982559,96.655415327936
"691","Unnamed: Central Lowlands 1","ASRP.scenario.3.2080",14,547,10,1.25218195583259,80.8001005837121
"692","Unnamed: Central Lowlands 1","Barriers",112,3073,69,3.26372512448569,161.036558544136
"693","Unnamed: Central Lowlands 1","Beaver",294,11425,101,3.59075700646001,377.412272048999
"694","Unnamed: Central Lowlands 1","Current",63,2419,50,2.25421367297836,113.906164790528
"695","Unnamed: Central Lowlands 1","Fine.sediment",89,3397,73,4.19143107593481,115.752299563224
"696","Unnamed: Central Lowlands 1","Floodplain",68,2506,164,2.48559854505299,120.840499797262
"697","Unnamed: Central Lowlands 1","FP.wood.comb",89,3300,207,2.79848581968438,145.964802828098
"698","Unnamed: Central Lowlands 1","Historical",639,17345,519,11.3297395559048,685.963707854138
"699","Unnamed: Central Lowlands 1","LR.bank",63,2419,50,2.25421367297836,113.906164790528
"700","Unnamed: Central Lowlands 1","LR.length",63,2419,50,2.25421367297836,113.906164790528
"701","Unnamed: Central Lowlands 1","Shade",63,2417,48,2.25622223585016,113.396934922767
"702","Unnamed: Central Lowlands 1","Wood",104,3987,75,3.20861156689542,149.303322903423
"703","Satsop River","ASRP.Current.asrp",22569,723072,11115,4.23587900279773,29020.1255006286
"704","Satsop River","ASRP.scenario.1.2040",25187,738839,12149,4.51791773204621,31803.64181912
"705","Satsop River","ASRP.scenario.1.2080",23233,680294,12435,4.16745640073489,30055.8383414669
"706","Satsop River","ASRP.scenario.2.2040",27266,792987,12129,4.61341394664085,34199.6966970872
"707","Satsop River","ASRP.scenario.2.2080",25104,728871,12415,4.26104744326652,32233.4117809769
"708","Satsop River","ASRP.scenario.3.2040",27680,795371,11923,4.66890698446319,34628.3976850987
"709","Satsop River","ASRP.scenario.3.2080",25497,731469,12155,4.31360748219636,32639.7466539094
"710","Satsop River","Barriers",27656,763788,10641,4.88581682662001,34225.3085115244
"711","Satsop River","Beaver",34375,1109931,10444,4.67541370873971,42343.8742181919
"712","Satsop River","Current",22505,722566,10918,4.22724467120482,28957.7778534305
"713","Satsop River","Fine.sediment",25732,827841,10842,7.58992760531208,29311.1738574027
"714","Satsop River","Floodplain",32102,1003891,42385,4.6892291867119,39940.8385928629
"715","Satsop River","FP.wood.comb",35394,1109847,43751,5.00149965863011,43508.8990580188
"716","Satsop River","Historical",65652,1789971,44968,11.0327758259971,71177.5218595419
"717","Satsop River","LR.bank",22516,722867,10985,4.22750723936579,28971.6053886319
"718","Satsop River","LR.length",22548,723970,10927,4.2257935829439,29014.6018492818
"719","Satsop River","Shade",22508,722753,10834,4.23963414753007,28951.8051346429
"720","Satsop River","Wood",26631,855494,12477,4.84650759220336,33080.2351736127
"721","Unnamed: Olympic Mountains 1","ASRP.Current.asrp",0,0,0,NA,NA
"722","Unnamed: Olympic Mountains 1","ASRP.scenario.1.2040",119,3301,12,2.10757673113657,223.796368242538
"723","Unnamed: Olympic Mountains 1","ASRP.scenario.1.2080",67,1854,7,1.53561945074585,189.200304350313
"724","Unnamed: Olympic Mountains 1","ASRP.scenario.2.2040",118,3300,11,2.10757673113657,223.796368242538
"725","Unnamed: Olympic Mountains 1","ASRP.scenario.2.2080",67,1853,6,1.53561945074585,189.200304350313
"726","Unnamed: Olympic Mountains 1","ASRP.scenario.3.2040",0,0,0,NA,NA
"727","Unnamed: Olympic Mountains 1","ASRP.scenario.3.2080",0,0,0,NA,NA
"728","Unnamed: Olympic Mountains 1","Barriers",169,4635,109,3.09923326708242,248.535257508736
"729","Unnamed: Olympic Mountains 1","Beaver",0,0,0,NA,NA
"730","Unnamed: Olympic Mountains 1","Current",0,0,0,NA,NA
"731","Unnamed: Olympic Mountains 1","Fine.sediment",0,0,0,NA,NA
"732","Unnamed: Olympic Mountains 1","Floodplain",0,0,0,NA,NA
"733","Unnamed: Olympic Mountains 1","FP.wood.comb",0,0,0,NA,NA
"734","Unnamed: Olympic Mountains 1","Historical",1023,27818,769,10.216840650005,1120.0183407789
"735","Unnamed: Olympic Mountains 1","LR.bank",0,0,0,NA,NA
"736","Unnamed: Olympic Mountains 1","LR.length",0,0,0,NA,NA
"737","Unnamed: Olympic Mountains 1","Shade",0,0,0,NA,NA
"738","Unnamed: Olympic Mountains 1","Wood",0,0,0,NA,NA
"739","Wynoochee River","ASRP.Current.asrp",4019,131649,0,3.84390829072701,5390.33915252192
"740","Wynoochee River","ASRP.scenario.1.2040",4095,134040,0,3.57005066619432,5640.66343001727
"741","Wynoochee River","ASRP.scenario.1.2080",3702,121174,0,3.24951524450807,5300.89478974602
"742","Wynoochee River","ASRP.scenario.2.2040",4098,134129,0,3.57130623070647,5643.30642248868
"743","Wynoochee River","ASRP.scenario.2.2080",3704,121241,0,3.2543782453766,5301.94202818916
"744","Wynoochee River","ASRP.scenario.3.2040",4474,137392,0,3.80560373620413,6023.377439203
"745","Wynoochee River","ASRP.scenario.3.2080",4058,124605,0,3.46787864181971,5659.11676679791
"746","Wynoochee River","Barriers",4976,140018,0,4.6597886969922,6297.58719928962
"747","Wynoochee River","Beaver",12439,408199,0,4.75201324653528,15303.5468641975
"748","Wynoochee River","Current",4009,131562,0,3.83669532305847,5380.22057793448
"749","Wynoochee River","Fine.sediment",4583,150391,0,6.40292341071357,5404.29577085641
"750","Wynoochee River","Floodplain",6968,228667,0,4.14713469373372,9082.50629100757
"751","Wynoochee River","FP.wood.comb",7695,252516,0,4.41963518809067,9850.99894432627
"752","Wynoochee River","Historical",22941,644270,0,9.63014409458514,25302.2957496079
"753","Wynoochee River","LR.bank",4034,132375,0,3.82356158340821,5418.71347593066
"754","Wynoochee River","LR.length",4035,132411,0,3.82330610293603,5420.31802154615
"755","Wynoochee River","Shade",4011,131643,0,3.84070464858562,5381.66874701792
"756","Wynoochee River","Wood",4914,161252,0,4.49679415708555,6277.15830007633
"757","Wishkah River","ASRP.Current.asrp",2594,89198,0,2.13390012703414,4799.13110725039
"758","Wishkah River","ASRP.scenario.1.2040",2591,87233,0,2.0980501974105,4860.13556468531
"759","Wishkah River","ASRP.scenario.1.2080",1887,63513,0,1.72758271827048,4406.92328069648
"760","Wishkah River","ASRP.scenario.2.2040",2591,87233,0,2.0980501974105,4860.13556468531
"761","Wishkah River","ASRP.scenario.2.2080",1887,63513,0,1.72758271827048,4406.92328069648
"762","Wishkah River","ASRP.scenario.3.2040",2591,87233,0,2.0980501974105,4860.13556468531
"763","Wishkah River","ASRP.scenario.3.2080",1887,63513,0,1.72758271827048,4406.92328069648
"764","Wishkah River","Barriers",3716,106629,0,2.7258514464754,5789.08147976896
"765","Wishkah River","Beaver",8633,297451,0,2.92241615287827,12558.8699856661
"766","Wishkah River","Current",2585,89049,0,2.12989426260781,4790.12194082387
"767","Wishkah River","Fine.sediment",3630,125063,0,3.89980837941737,4837.36106680987
"768","Wishkah River","Floodplain",4599,158465,0,2.49767566359229,7500.59035747145
"769","Wishkah River","FP.wood.comb",5475,188643,0,2.679265931731,8568.05448553903
"770","Wishkah River","Historical",18809,538677,0,7.37970515468259,21402.0491568753
"771","Wishkah River","LR.bank",2585,89049,0,2.12989426260781,4790.12194082387
"772","Wishkah River","LR.length",2588,89183,0,2.12903340086842,4800.49346493579
"773","Wishkah River","Shade",2585,89049,0,2.12989426260781,4790.12194082387
"774","Wishkah River","Wood",3966,136656,0,2.78837360444177,6103.93551331633
"775","Hoquiam River","ASRP.Current.asrp",4443,156585,0,3.90865120288789,5898.58014922135
"776","Hoquiam River","ASRP.scenario.1.2040",4780,168464,0,3.72616377893674,6443.94391720983
"777","Hoquiam River","ASRP.scenario.1.2080",3862,136110,0,3.02582106738744,5684.68735099306
"778","Hoquiam River","ASRP.scenario.2.2040",4780,168464,0,3.72616377893674,6443.94391720983
"779","Hoquiam River","ASRP.scenario.2.2080",3862,136110,0,3.02582106738744,5684.68735099306
"780","Hoquiam River","ASRP.scenario.3.2040",4780,168464,0,3.72616377893674,6443.94391720983
"781","Hoquiam River","ASRP.scenario.3.2080",3862,136110,0,3.02582106738744,5684.68735099306
"782","Hoquiam River","Barriers",5892,172306,0,4.80157582797278,7368.88037240304
"783","Hoquiam River","Beaver",8629,304709,0,4.20552741862405,10997.3757109452
"784","Hoquiam River","Current",4432,156483,0,3.90131368810265,5887.50703845483
"785","Hoquiam River","Fine.sediment",5075,179206,0,6.71380032873218,5922.16750833257
"786","Hoquiam River","Floodplain",4589,162031,0,3.94252900799306,6074.09829109341
"787","Hoquiam River","FP.wood.comb",5232,184763,0,4.00683551182735,6886.70955413148
"788","Hoquiam River","Historical",15481,451826,0,9.21562342735524,17115.8053945093
"789","Hoquiam River","LR.bank",4432,156486,0,3.90126674954667,5887.93419159767
"790","Hoquiam River","LR.length",4432,156483,0,3.90131368810265,5887.50703845483
"791","Hoquiam River","Shade",4432,156483,0,3.90131368810265,5887.50703845483
"792","Hoquiam River","Wood",5297,187030,0,4.23109074965613,6855.3320127993
"793","Humptulips River","ASRP.Current.asrp",13239,415594,0,4.99722738365763,16421.7233540665
"794","Humptulips River","ASRP.scenario.1.2040",13411,420970,0,4.75418432630514,16845.4962458429
"795","Humptulips River","ASRP.scenario.1.2080",11958,375369,0,4.23540225387177,15523.5431577202
"796","Humptulips River","ASRP.scenario.2.2040",13943,427788,0,4.88387616169331,17396.280083925
"797","Humptulips River","ASRP.scenario.2.2080",12453,382070,0,4.35368407641932,16037.4604415645
"798","Humptulips River","ASRP.scenario.3.2040",13909,426753,0,4.87926232320039,17358.9487673576
"799","Humptulips River","ASRP.scenario.3.2080",12422,381119,0,4.35311544645578,15999.6485841911
"800","Humptulips River","Barriers",14246,420942,0,5.25852564891797,17458.6657414799
"801","Humptulips River","Beaver",22918,720772,0,5.34054595243741,27764.4595748584
"802","Humptulips River","Current",13210,415464,0,4.98786489212842,16393.4582851306
"803","Humptulips River","Fine.sediment",14137,444591,0,6.91133707213699,16436.2260867465
"804","Humptulips River","Floodplain",18866,593341,0,5.0561399764209,23260.1344732703
"805","Humptulips River","FP.wood.comb",20502,644785,0,5.3298709351691,25010.1402686562
"806","Humptulips River","Historical",36165,1066597,0,8.14672164037163,40795.6626488824
"807","Humptulips River","LR.bank",13212,415517,0,4.98777953553726,16395.4126080185
"808","Humptulips River","LR.length",13243,416500,0,4.98284657497993,16438.2555050698
"809","Humptulips River","Shade",13376,420670,0,5.06031212988994,16539.9465626795
"810","Humptulips River","Wood",14926,469415,0,5.45567620305696,18160.4014095472
"811","Johns River","ASRP.Current.asrp",1137,33994,0,3.31951777297219,1609.6290080169
"812","Johns River","ASRP.scenario.1.2040",939,28091,0,2.75981602473941,1454.27969448771
"813","Johns River","ASRP.scenario.1.2080",651,19482,0,2.09349032762793,1235.12225110268
"814","Johns River","ASRP.scenario.2.2040",1107,30949,0,2.98124586821681,1648.7055757876
"815","Johns River","ASRP.scenario.2.2080",786,21956,0,2.25015602288768,1400.18592180789
"816","Johns River","ASRP.scenario.3.2040",1107,30949,0,2.9810769163061,1649.15765123985
"817","Johns River","ASRP.scenario.3.2080",786,21956,0,2.25015602288768,1400.18592180789
"818","Johns River","Barriers",1331,37259,0,3.59174683091424,1825.63532774666
"819","Johns River","Beaver",4862,145673,0,4.79030609233356,5907.25994303853
"820","Johns River","Current",1134,33966,0,3.3132862069913,1606.60733255675
"821","Johns River","Fine.sediment",1345,40299,0,5.84158238982357,1614.09033745155
"822","Johns River","Floodplain",1692,50684,0,3.9082314721412,2244.68353498635
"823","Johns River","FP.wood.comb",2029,60807,0,4.11627256883845,2646.45426118071
"824","Johns River","Historical",8114,226774,0,9.64564187844439,8853.43204363592
"825","Johns River","LR.bank",1134,33966,0,3.3132862069913,1606.60733255675
"826","Johns River","LR.length",1134,33966,0,3.3132862069913,1606.60733255675
"827","Johns River","Shade",1134,33966,0,3.3132862069913,1606.60733255675
"828","Johns River","Wood",1624,48650,0,4.25754856767924,2101.77909415243
"829","Elk River","ASRP.Current.asrp",1059,31439,0,4.5758985383037,1347.80983291139
"830","Elk River","ASRP.scenario.1.2040",921,27361,0,3.91100204827988,1232.23040090734
"831","Elk River","ASRP.scenario.1.2080",715,21235,0,3.02619256344057,1065.63021616822
"832","Elk River","ASRP.scenario.2.2040",921,27361,0,3.91100204827988,1232.23040090734
"833","Elk River","ASRP.scenario.2.2080",715,21235,0,3.02619256344057,1065.63021616822
"834","Elk River","ASRP.scenario.3.2040",921,27361,0,3.91100204827988,1232.23040090734
"835","Elk River","ASRP.scenario.3.2080",715,21235,0,3.02619256344057,1065.63021616822
"836","Elk River","Barriers",1141,31942,0,4.83233606151259,1431.04008913717
"837","Elk River","Beaver",3661,108927,0,5.74592377005839,4309.29658730871
"838","Elk River","Current",1056,31422,0,4.56730843104157,1345.27965672357
"839","Elk River","Fine.sediment",1173,34890,0,7.39642992905613,1350.12822146455
"840","Elk River","Floodplain",1165,34676,0,4.73038816476583,1469.35852702129
"841","Elk River","FP.wood.comb",1378,41011,0,4.89948476955756,1719.4158090697
"842","Elk River","Historical",5177,144689,0,10.5936502209481,5616.10527725068
"843","Elk River","LR.bank",1056,31422,0,4.56730843104157,1345.27965672357
"844","Elk River","LR.length",1056,31422,0,4.56730843104157,1345.27965672357
"845","Elk River","Shade",1056,31422,0,4.56730843104157,1345.27965672357
"846","Elk River","Wood",1358,40398,0,5.35132068124923,1659.03680046515
"847","Andrews","ASRP.Current.asrp",203,5662,0,3.21640247531532,292.726044862945
"848","Andrews","ASRP.scenario.1.2040",163,4549,0,2.62567462835762,262.392710278621
"849","Andrews","ASRP.scenario.1.2080",103,2882,0,1.88492846824054,220.851381930337
"850","Andrews","ASRP.scenario.2.2040",163,4549,0,2.62567462835762,262.392710278621
"851","Andrews","ASRP.scenario.2.2080",103,2882,0,1.88492846824054,220.851381930337
"852","Andrews","ASRP.scenario.3.2040",163,4549,0,2.62567462835762,262.392710278621
"853","Andrews","ASRP.scenario.3.2080",103,2882,0,1.88492846824054,220.851381930337
"854","Andrews","Barriers",202,5657,0,3.21036448296146,292.17652496144
"855","Andrews","Beaver",830,23246,0,4.83741118769254,1009.44833172894
"856","Andrews","Current",202,5657,0,3.21036448296146,292.17652496144
"857","Andrews","Fine.sediment",242,6785,0,5.61222660542329,293.670462540057
"858","Andrews","Floodplain",202,5657,0,3.21036448296146,292.17652496144
"859","Andrews","FP.wood.comb",261,7320,0,3.48989939216885,363.837605091402
"860","Andrews","Historical",1141,31877,0,9.39106269041729,1250.70265425781
"861","Andrews","LR.bank",202,5657,0,3.21036448296146,292.17652496144
"862","Andrews","LR.length",202,5657,0,3.21036448296146,292.17652496144
"863","Andrews","Shade",202,5657,0,3.21036448296146,292.17652496144
"864","Andrews","Wood",298,8353,0,4.3096251973448,385.975140194578
"865","Upper Chehalis Estuary","ASRP.Current.asrp",141,5153,0,1.53085125680664,384.9904483486
"866","Upper Chehalis Estuary","ASRP.scenario.1.2040",202,5651,0,1.57368447719369,522.617359426392
"867","Upper Chehalis Estuary","ASRP.scenario.1.2080",52,1442,0,1.1277261019195,433.415964510423
"868","Upper Chehalis Estuary","ASRP.scenario.2.2040",202,5651,0,1.57368447719369,522.617359426392
"869","Upper Chehalis Estuary","ASRP.scenario.2.2080",52,1442,0,1.1277261019195,433.415964510423
"870","Upper Chehalis Estuary","ASRP.scenario.3.2040",25,916,0,1.08099903677658,321.823655210677
"871","Upper Chehalis Estuary","ASRP.scenario.3.2080",0,0,0,NA,NA
"872","Upper Chehalis Estuary","Barriers",305,8548,0,2.34721234196179,514.708815037563
"873","Upper Chehalis Estuary","Beaver",536,19571,0,2.10413632332335,904.520096545621
"874","Upper Chehalis Estuary","Current",142,5166,0,1.52982762388313,385.27612545226
"875","Upper Chehalis Estuary","Fine.sediment",233,8512,0,2.33343539694922,393.404723956163
"876","Upper Chehalis Estuary","Floodplain",195,7120,0,1.66920363737468,458.086115145097
"877","Upper Chehalis Estuary","FP.wood.comb",272,9939,0,1.99710099704917,518.503028758798
"878","Upper Chehalis Estuary","Historical",1411,39428,0,6.31858126404813,1616.06554396721
"879","Upper Chehalis Estuary","LR.bank",142,5166,0,1.52982762388313,385.27612545226
"880","Upper Chehalis Estuary","LR.length",142,5166,0,1.52982762388313,385.27612545226
"881","Upper Chehalis Estuary","Shade",142,5166,0,1.52982762388313,385.27612545226
"882","Upper Chehalis Estuary","Wood",265,9661,0,2.1906319639041,468.197758562439
"883","Lower Chehalis Estuary","ASRP.Current.asrp",0,0,0,NA,NA
"884","Lower Chehalis Estuary","ASRP.scenario.1.2040",0,0,0,NA,NA
"885","Lower Chehalis Estuary","ASRP.scenario.1.2080",0,0,0,NA,NA
"886","Lower Chehalis Estuary","ASRP.scenario.2.2040",0,0,0,NA,NA
"887","Lower Chehalis Estuary","ASRP.scenario.2.2080",0,0,0,NA,NA
"888","Lower Chehalis Estuary","ASRP.scenario.3.2040",0,0,0,NA,NA
"889","Lower Chehalis Estuary","ASRP.scenario.3.2080",0,0,0,NA,NA
"890","Lower Chehalis Estuary","Barriers",0,0,0,NA,NA
"891","Lower Chehalis Estuary","Beaver",0,0,0,NA,NA
"892","Lower Chehalis Estuary","Current",0,0,0,NA,NA
"893","Lower Chehalis Estuary","Fine.sediment",0,0,0,NA,NA
"894","Lower Chehalis Estuary","Floodplain",0,0,0,NA,NA
"895","Lower Chehalis Estuary","FP.wood.comb",0,0,0,NA,NA
"896","Lower Chehalis Estuary","Historical",0,0,0,NA,NA
"897","Lower Chehalis Estuary","LR.bank",0,0,0,NA,NA
"898","Lower Chehalis Estuary","LR.length",0,0,0,NA,NA
"899","Lower Chehalis Estuary","Shade",0,0,0,NA,NA
"900","Lower Chehalis Estuary","Wood",0,0,0,NA,NA
"901","Upper Skookumchuck","ASRP.Current.asrp",0,0,0,NA,NA
"902","Upper Skookumchuck","ASRP.scenario.1.2040",0,0,0,NA,NA
"903","Upper Skookumchuck","ASRP.scenario.1.2080",0,0,0,NA,NA
"904","Upper Skookumchuck","ASRP.scenario.2.2040",0,0,0,NA,NA
"905","Upper Skookumchuck","ASRP.scenario.2.2080",0,0,0,NA,NA
"906","Upper Skookumchuck","ASRP.scenario.3.2040",0,0,0,NA,NA
"907","Upper Skookumchuck","ASRP.scenario.3.2080",0,0,0,NA,NA
"908","Upper Skookumchuck","Barriers",0,0,0,NA,NA
"909","Upper Skookumchuck","Beaver",0,0,0,NA,NA
"910","Upper Skookumchuck","Current",0,0,0,NA,NA
"911","Upper Skookumchuck","Fine.sediment",0,0,0,NA,NA
"912","Upper Skookumchuck","Floodplain",0,0,0,NA,NA
"913","Upper Skookumchuck","FP.wood.comb",0,0,0,NA,NA
"914","Upper Skookumchuck","Historical",0,0,0,NA,NA
"915","Upper Skookumchuck","LR.bank",0,0,0,NA,NA
"916","Upper Skookumchuck","LR.length",0,0,0,NA,NA
"917","Upper Skookumchuck","Shade",0,0,0,NA,NA
"918","Upper Skookumchuck","Wood",0,0,0,NA,NA
"919","Mainstem: Upper Chehalis 1","ASRP.Current.asrp",0,0,0,NA,NA
"920","Mainstem: Upper Chehalis 1","ASRP.scenario.1.2040",0,0,0,NA,NA
"921","Mainstem: Upper Chehalis 1","ASRP.scenario.1.2080",0,0,0,NA,NA
"922","Mainstem: Upper Chehalis 1","ASRP.scenario.2.2040",0,0,0,NA,NA
"923","Mainstem: Upper Chehalis 1","ASRP.scenario.2.2080",0,0,0,NA,NA
"924","Mainstem: Upper Chehalis 1","ASRP.scenario.3.2040",0,0,0,NA,NA
"925","Mainstem: Upper Chehalis 1","ASRP.scenario.3.2080",0,0,0,NA,NA
"926","Mainstem: Upper Chehalis 1","Barriers",0,0,0,NA,NA
"927","Mainstem: Upper Chehalis 1","Beaver",0,0,0,NA,NA
"928","Mainstem: Upper Chehalis 1","Current",0,0,0,NA,NA
"929","Mainstem: Upper Chehalis 1","Fine.sediment",0,0,0,NA,NA
"930","Mainstem: Upper Chehalis 1","Floodplain",0,0,0,NA,NA
"931","Mainstem: Upper Chehalis 1","FP.wood.comb",0,0,0,NA,NA
"932","Mainstem: Upper Chehalis 1","Historical",0,0,0,NA,NA
"933","Mainstem: Upper Chehalis 1","LR.bank",0,0,0,NA,NA
"934","Mainstem: Upper Chehalis 1","LR.length",0,0,0,NA,NA
"935","Mainstem: Upper Chehalis 1","Shade",0,0,0,NA,NA
"936","Mainstem: Upper Chehalis 1","Wood",0,0,0,NA,NA
"937","Mainstem: Upper Chehalis 2","ASRP.Current.asrp",0,0,0,NA,NA
"938","Mainstem: Upper Chehalis 2","ASRP.scenario.1.2040",0,0,0,NA,NA
"939","Mainstem: Upper Chehalis 2","ASRP.scenario.1.2080",0,0,0,NA,NA
"940","Mainstem: Upper Chehalis 2","ASRP.scenario.2.2040",0,0,0,NA,NA
"941","Mainstem: Upper Chehalis 2","ASRP.scenario.2.2080",0,0,0,NA,NA
"942","Mainstem: Upper Chehalis 2","ASRP.scenario.3.2040",0,0,0,NA,NA
"943","Mainstem: Upper Chehalis 2","ASRP.scenario.3.2080",0,0,0,NA,NA
"944","Mainstem: Upper Chehalis 2","Barriers",0,0,0,NA,NA
"945","Mainstem: Upper Chehalis 2","Beaver",0,0,0,NA,NA
"946","Mainstem: Upper Chehalis 2","Current",0,0,0,NA,NA
"947","Mainstem: Upper Chehalis 2","Fine.sediment",0,0,0,NA,NA
"948","Mainstem: Upper Chehalis 2","Floodplain",0,0,0,NA,NA
"949","Mainstem: Upper Chehalis 2","FP.wood.comb",0,0,0,NA,NA
"950","Mainstem: Upper Chehalis 2","Historical",0,0,0,NA,NA
"951","Mainstem: Upper Chehalis 2","LR.bank",0,0,0,NA,NA
"952","Mainstem: Upper Chehalis 2","LR.length",0,0,0,NA,NA
"953","Mainstem: Upper Chehalis 2","Shade",0,0,0,NA,NA
"954","Mainstem: Upper Chehalis 2","Wood",0,0,0,NA,NA
"955","Mainstem: Middle Chehalis 1","ASRP.Current.asrp",0,0,0,NA,NA
"956","Mainstem: Middle Chehalis 1","ASRP.scenario.1.2040",0,0,0,NA,NA
"957","Mainstem: Middle Chehalis 1","ASRP.scenario.1.2080",0,4,0,NA,NA
"958","Mainstem: Middle Chehalis 1","ASRP.scenario.2.2040",0,0,0,NA,NA
"959","Mainstem: Middle Chehalis 1","ASRP.scenario.2.2080",0,4,0,NA,NA
"960","Mainstem: Middle Chehalis 1","ASRP.scenario.3.2040",1,20,0,1.98453952031149,14.8138855673352
"961","Mainstem: Middle Chehalis 1","ASRP.scenario.3.2080",11,319,0,2.74818111203778,11.997472598324
"962","Mainstem: Middle Chehalis 1","Barriers",0,0,0,NA,NA
"963","Mainstem: Middle Chehalis 1","Beaver",0,0,0,NA,NA
"964","Mainstem: Middle Chehalis 1","Current",0,0,0,NA,NA
"965","Mainstem: Middle Chehalis 1","Fine.sediment",0,0,0,NA,NA
"966","Mainstem: Middle Chehalis 1","Floodplain",123,3458,0,3.61304804877819,63.3442536499327
"967","Mainstem: Middle Chehalis 1","FP.wood.comb",147,4128,0,3.91463366551625,70.6240468643177
"968","Mainstem: Middle Chehalis 1","Historical",161,4489,0,9.8855666769679,103.187358321145
"969","Mainstem: Middle Chehalis 1","LR.bank",0,0,0,NA,NA
"970","Mainstem: Middle Chehalis 1","LR.length",0,0,0,NA,NA
"971","Mainstem: Middle Chehalis 1","Shade",0,2,0,NA,NA
"972","Mainstem: Middle Chehalis 1","Wood",0,2,0,NA,NA
"973","Mainstem: Middle Chehalis 2","ASRP.Current.asrp",0,0,0,NA,NA
"974","Mainstem: Middle Chehalis 2","ASRP.scenario.1.2040",0,1,0,NA,NA
"975","Mainstem: Middle Chehalis 2","ASRP.scenario.1.2080",21,581,0,45.6133465164817,11.5514146578716
"976","Mainstem: Middle Chehalis 2","ASRP.scenario.2.2040",0,1,0,NA,NA
"977","Mainstem: Middle Chehalis 2","ASRP.scenario.2.2080",21,588,0,50.3949603292047,11.5363654395104
"978","Mainstem: Middle Chehalis 2","ASRP.scenario.3.2040",324,9066,0,5.27468512451577,86.6237558121374
"979","Mainstem: Middle Chehalis 2","ASRP.scenario.3.2080",365,10209,0,5.30592038514943,84.5642756245245
"980","Mainstem: Middle Chehalis 2","Barriers",0,0,0,NA,NA
"981","Mainstem: Middle Chehalis 2","Beaver",0,0,0,NA,NA
"982","Mainstem: Middle Chehalis 2","Current",0,0,0,NA,NA
"983","Mainstem: Middle Chehalis 2","Fine.sediment",0,0,0,NA,NA
"984","Mainstem: Middle Chehalis 2","Floodplain",335,9372,0,1.72976699361277,271.644065572259
"985","Mainstem: Middle Chehalis 2","FP.wood.comb",250,6998,0,1.96051286044605,238.159272026405
"986","Mainstem: Middle Chehalis 2","Historical",0,0,0,NA,NA
"987","Mainstem: Middle Chehalis 2","LR.bank",0,0,0,NA,NA
"988","Mainstem: Middle Chehalis 2","LR.length",0,0,0,NA,NA
"989","Mainstem: Middle Chehalis 2","Shade",0,0,0,NA,NA
"990","Mainstem: Middle Chehalis 2","Wood",0,0,0,NA,NA
"991","Mainstem: Middle Chehalis 3","ASRP.Current.asrp",0,0,0,NA,NA
"992","Mainstem: Middle Chehalis 3","ASRP.scenario.1.2040",0,0,0,NA,NA
"993","Mainstem: Middle Chehalis 3","ASRP.scenario.1.2080",0,0,0,NA,NA
"994","Mainstem: Middle Chehalis 3","ASRP.scenario.2.2040",0,0,0,NA,NA
"995","Mainstem: Middle Chehalis 3","ASRP.scenario.2.2080",0,0,0,NA,NA
"996","Mainstem: Middle Chehalis 3","ASRP.scenario.3.2040",0,0,0,NA,NA
"997","Mainstem: Middle Chehalis 3","ASRP.scenario.3.2080",0,0,0,NA,NA
"998","Mainstem: Middle Chehalis 3","Barriers",0,0,0,NA,NA
"999","Mainstem: Middle Chehalis 3","Beaver",0,0,0,NA,NA
"1000","Mainstem: Middle Chehalis 3","Current",0,0,0,NA,NA
"1001","Mainstem: Middle Chehalis 3","Fine.sediment",0,0,0,NA,NA
"1002","Mainstem: Middle Chehalis 3","Floodplain",0,0,0,NA,NA
"1003","Mainstem: Middle Chehalis 3","FP.wood.comb",0,0,0,NA,NA
"1004","Mainstem: Middle Chehalis 3","Historical",0,0,0,NA,NA
"1005","Mainstem: Middle Chehalis 3","LR.bank",0,0,0,NA,NA
"1006","Mainstem: Middle Chehalis 3","LR.length",0,0,0,NA,NA
"1007","Mainstem: Middle Chehalis 3","Shade",0,0,0,NA,NA
"1008","Mainstem: Middle Chehalis 3","Wood",0,0,0,NA,NA
"1009","Mainstem: Lower Chehalis 1","ASRP.Current.asrp",0,0,0,NA,NA
"1010","Mainstem: Lower Chehalis 1","ASRP.scenario.1.2040",178,4977,0,1,23.9563275291296
"1011","Mainstem: Lower Chehalis 1","ASRP.scenario.1.2080",190,5318,0,1,20.7969605884941
"1012","Mainstem: Lower Chehalis 1","ASRP.scenario.2.2040",178,4976,0,1,23.9563275291296
"1013","Mainstem: Lower Chehalis 1","ASRP.scenario.2.2080",190,5319,0,1,20.7858407887758
"1014","Mainstem: Lower Chehalis 1","ASRP.scenario.3.2040",298,8333,0,1,60.9579176376248
"1015","Mainstem: Lower Chehalis 1","ASRP.scenario.3.2080",318,8893,0,1,56.5191875251216
"1016","Mainstem: Lower Chehalis 1","Barriers",0,0,0,NA,NA
"1017","Mainstem: Lower Chehalis 1","Beaver",0,0,0,NA,NA
"1018","Mainstem: Lower Chehalis 1","Current",0,0,0,NA,NA
"1019","Mainstem: Lower Chehalis 1","Fine.sediment",0,0,0,NA,NA
"1020","Mainstem: Lower Chehalis 1","Floodplain",137,3839,0,1,94.976815777891
"1021","Mainstem: Lower Chehalis 1","FP.wood.comb",9,250,0,1,71.4558846354044
"1022","Mainstem: Lower Chehalis 1","Historical",0,0,0,NA,NA
"1023","Mainstem: Lower Chehalis 1","LR.bank",0,0,0,NA,NA
"1024","Mainstem: Lower Chehalis 1","LR.length",0,0,0,NA,NA
"1025","Mainstem: Lower Chehalis 1","Shade",0,0,0,NA,NA
"1026","Mainstem: Lower Chehalis 1","Wood",0,0,0,NA,NA
"1027","Mainstem: Lower Chehalis 2","ASRP.Current.asrp",179,4994,0,6.58242311701429,68.8381965855582
"1028","Mainstem: Lower Chehalis 2","ASRP.scenario.1.2040",560,15664,0,7.48600714725031,271.287095341957
"1029","Mainstem: Lower Chehalis 2","ASRP.scenario.1.2080",573,16004,0,8.3240469226742,265.338355178588
"1030","Mainstem: Lower Chehalis 2","ASRP.scenario.2.2040",554,15470,0,7.66512383416247,254.73620806761
"1031","Mainstem: Lower Chehalis 2","ASRP.scenario.2.2080",567,15854,0,8.54493184389985,248.995894392184
"1032","Mainstem: Lower Chehalis 2","ASRP.scenario.3.2040",769,21503,0,7.81423245294612,413.156131293631
"1033","Mainstem: Lower Chehalis 2","ASRP.scenario.3.2080",779,21777,0,8.49876736371612,402.173531194203
"1034","Mainstem: Lower Chehalis 2","Barriers",156,4372,0,6.75088483361881,63.5395156715528
"1035","Mainstem: Lower Chehalis 2","Beaver",157,4384,0,7.21790626178994,103.360924752388
"1036","Mainstem: Lower Chehalis 2","Current",175,4898,0,6.4168722242352,68.4474351395945
"1037","Mainstem: Lower Chehalis 2","Fine.sediment",135,3781,0,6.72249659669584,54.9420423295819
"1038","Mainstem: Lower Chehalis 2","Floodplain",907,25397,0,2.05798154941311,697.496558675699
"1039","Mainstem: Lower Chehalis 2","FP.wood.comb",756,21183,0,2.09607591897885,465.849526477474
"1040","Mainstem: Lower Chehalis 2","Historical",525,14686,0,3.03254118894489,541.93478038763
"1041","Mainstem: Lower Chehalis 2","LR.bank",179,5005,0,6.4326197683058,70.686166820874
"1042","Mainstem: Lower Chehalis 2","LR.length",180,5048,0,6.39386936179964,71.8846034744157
"1043","Mainstem: Lower Chehalis 2","Shade",167,4684,0,6.79376986126563,71.3928988271767
"1044","Mainstem: Lower Chehalis 2","Wood",185,5190,0,6.904609663984,71.11842829834
"1045","Mainstem: Lower Chehalis 3","ASRP.Current.asrp",37,1033,0,5.03932783463287,18.6092781945674
"1046","Mainstem: Lower Chehalis 3","ASRP.scenario.1.2040",518,14477,0,8.30729030610481,208.447138744664
"1047","Mainstem: Lower Chehalis 3","ASRP.scenario.1.2080",556,15541,0,8.41604696797307,220.626920214143
"1048","Mainstem: Lower Chehalis 3","ASRP.scenario.2.2040",529,14779,0,8.24931068285035,210.504490976454
"1049","Mainstem: Lower Chehalis 3","ASRP.scenario.2.2080",569,15898,0,8.3757177270988,222.829883091041
"1050","Mainstem: Lower Chehalis 3","ASRP.scenario.3.2040",571,15965,0,8.34209968600751,245.432241971169
"1051","Mainstem: Lower Chehalis 3","ASRP.scenario.3.2080",613,17123,0,8.58195552314561,257.956952365424
"1052","Mainstem: Lower Chehalis 3","Barriers",1,18,0,5.88240888201109,16.6461104927733
"1053","Mainstem: Lower Chehalis 3","Beaver",12,337,0,4.38933493487161,32.2988767450718
"1054","Mainstem: Lower Chehalis 3","Current",33,933,0,5.02870968612216,18.5720557887509
"1055","Mainstem: Lower Chehalis 3","Fine.sediment",0,0,0,NA,NA
"1056","Mainstem: Lower Chehalis 3","Floodplain",222,6208,0,7.23112338858618,96.2380867902766
"1057","Mainstem: Lower Chehalis 3","FP.wood.comb",241,6754,0,7.29029359744754,97.8959271342578
"1058","Mainstem: Lower Chehalis 3","Historical",177,4939,0,7.5031448158629,129.1720586853
"1059","Mainstem: Lower Chehalis 3","LR.bank",36,1003,0,5.02409696738305,18.6016778564613
"1060","Mainstem: Lower Chehalis 3","LR.length",33,929,0,5.00443321932992,18.5409974324034
"1061","Mainstem: Lower Chehalis 3","Shade",1,28,0,4.73238593327326,22.4799420072404
"1062","Mainstem: Lower Chehalis 3","Wood",26,721,0,4.81178709911773,24.1042697542424
"1063","Mainstem: Lower Chehalis 4","ASRP.Current.asrp",0,0,0,NA,NA
"1064","Mainstem: Lower Chehalis 4","ASRP.scenario.1.2040",42,1163,0,4.41667270166248,34.2248984544311
"1065","Mainstem: Lower Chehalis 4","ASRP.scenario.1.2080",223,6233,0,4.26508205056407,37.9813686149331
"1066","Mainstem: Lower Chehalis 4","ASRP.scenario.2.2040",5,128,0,4.56315706549486,33.6569563522372
"1067","Mainstem: Lower Chehalis 4","ASRP.scenario.2.2080",191,5334,0,4.4964286422615,36.8955996914327
"1068","Mainstem: Lower Chehalis 4","ASRP.scenario.3.2040",143,3995,0,4.78828030088648,46.7617520823821
"1069","Mainstem: Lower Chehalis 4","ASRP.scenario.3.2080",297,8299,0,4.6134847615278,51.4517725405139
"1070","Mainstem: Lower Chehalis 4","Barriers",0,0,0,NA,NA
"1071","Mainstem: Lower Chehalis 4","Beaver",0,0,0,NA,NA
"1072","Mainstem: Lower Chehalis 4","Current",0,0,0,NA,NA
"1073","Mainstem: Lower Chehalis 4","Fine.sediment",0,0,0,NA,NA
"1074","Mainstem: Lower Chehalis 4","Floodplain",2,48,0,4.71563632068881,71.3280261319656
"1075","Mainstem: Lower Chehalis 4","FP.wood.comb",0,1,0,NA,NA
"1076","Mainstem: Lower Chehalis 4","Historical",0,0,0,NA,NA
"1077","Mainstem: Lower Chehalis 4","LR.bank",0,0,0,NA,NA
"1078","Mainstem: Lower Chehalis 4","LR.length",0,0,0,NA,NA
"1079","Mainstem: Lower Chehalis 4","Shade",0,0,0,NA,NA
"1080","Mainstem: Lower Chehalis 4","Wood",0,0,0,NA,NA
"1081","Mainstem: Lower Chehalis 5","ASRP.Current.asrp",0,0,0,NA,NA
"1082","Mainstem: Lower Chehalis 5","ASRP.scenario.1.2040",0,0,0,NA,NA
"1083","Mainstem: Lower Chehalis 5","ASRP.scenario.1.2080",0,7,0,NA,NA
"1084","Mainstem: Lower Chehalis 5","ASRP.scenario.2.2040",0,0,0,NA,NA
"1085","Mainstem: Lower Chehalis 5","ASRP.scenario.2.2080",0,6,0,NA,NA
"1086","Mainstem: Lower Chehalis 5","ASRP.scenario.3.2040",0,0,0,NA,NA
"1087","Mainstem: Lower Chehalis 5","ASRP.scenario.3.2080",1,38,0,2.16421591735953,19.9374928130816
"1088","Mainstem: Lower Chehalis 5","Barriers",0,0,0,NA,NA
"1089","Mainstem: Lower Chehalis 5","Beaver",0,0,0,NA,NA
"1090","Mainstem: Lower Chehalis 5","Current",0,0,0,NA,NA
"1091","Mainstem: Lower Chehalis 5","Fine.sediment",0,0,0,NA,NA
"1092","Mainstem: Lower Chehalis 5","Floodplain",382,10688,0,8.45205718624188,168.569023234632
"1093","Mainstem: Lower Chehalis 5","FP.wood.comb",431,12072,0,8.71448366365368,186.60905894464
"1094","Mainstem: Lower Chehalis 5","Historical",405,11316,0,12.4705093293126,286.92773527338
"1095","Mainstem: Lower Chehalis 5","LR.bank",0,0,0,NA,NA
"1096","Mainstem: Lower Chehalis 5","LR.length",0,0,0,NA,NA
"1097","Mainstem: Lower Chehalis 5","Shade",0,0,0,NA,NA
"1098","Mainstem: Lower Chehalis 5","Wood",0,0,0,NA,NA
"1099","Mainstem: Lower Chehalis 6","ASRP.Current.asrp",0,0,0,NA,NA
"1100","Mainstem: Lower Chehalis 6","ASRP.scenario.1.2040",0,0,0,NA,NA
"1101","Mainstem: Lower Chehalis 6","ASRP.scenario.1.2080",0,0,0,NA,NA
"1102","Mainstem: Lower Chehalis 6","ASRP.scenario.2.2040",0,0,0,NA,NA
"1103","Mainstem: Lower Chehalis 6","ASRP.scenario.2.2080",0,0,0,NA,NA
"1104","Mainstem: Lower Chehalis 6","ASRP.scenario.3.2040",0,0,0,NA,NA
"1105","Mainstem: Lower Chehalis 6","ASRP.scenario.3.2080",0,0,0,NA,NA
"1106","Mainstem: Lower Chehalis 6","Barriers",0,0,0,NA,NA
"1107","Mainstem: Lower Chehalis 6","Beaver",0,0,0,NA,NA
"1108","Mainstem: Lower Chehalis 6","Current",0,0,0,NA,NA
"1109","Mainstem: Lower Chehalis 6","Fine.sediment",0,0,0,NA,NA
"1110","Mainstem: Lower Chehalis 6","Floodplain",528,14786,0,6.34765206696933,240.863020306155
"1111","Mainstem: Lower Chehalis 6","FP.wood.comb",536,15018,0,6.70345857955331,229.260544031346
"1112","Mainstem: Lower Chehalis 6","Historical",210,5880,0,11.400187117495,323.710338472654
"1113","Mainstem: Lower Chehalis 6","LR.bank",0,0,0,NA,NA
"1114","Mainstem: Lower Chehalis 6","LR.length",0,0,0,NA,NA
"1115","Mainstem: Lower Chehalis 6","Shade",0,0,0,NA,NA
"1116","Mainstem: Lower Chehalis 6","Wood",0,0,0,NA,NA
"1117","Mainstem: Lower Chehalis 7","ASRP.Current.asrp",0,0,0,NA,NA
"1118","Mainstem: Lower Chehalis 7","ASRP.scenario.1.2040",0,0,0,NA,NA
"1119","Mainstem: Lower Chehalis 7","ASRP.scenario.1.2080",0,0,0,NA,NA
"1120","Mainstem: Lower Chehalis 7","ASRP.scenario.2.2040",0,0,0,NA,NA
"1121","Mainstem: Lower Chehalis 7","ASRP.scenario.2.2080",0,0,0,NA,NA
"1122","Mainstem: Lower Chehalis 7","ASRP.scenario.3.2040",0,0,0,NA,NA
"1123","Mainstem: Lower Chehalis 7","ASRP.scenario.3.2080",0,0,0,NA,NA
"1124","Mainstem: Lower Chehalis 7","Barriers",0,0,0,NA,NA
"1125","Mainstem: Lower Chehalis 7","Beaver",0,0,0,NA,NA
"1126","Mainstem: Lower Chehalis 7","Current",0,0,0,NA,NA
"1127","Mainstem: Lower Chehalis 7","Fine.sediment",0,0,0,NA,NA
"1128","Mainstem: Lower Chehalis 7","Floodplain",0,0,0,NA,NA
"1129","Mainstem: Lower Chehalis 7","FP.wood.comb",0,0,0,NA,NA
"1130","Mainstem: Lower Chehalis 7","Historical",0,0,0,NA,NA
"1131","Mainstem: Lower Chehalis 7","LR.bank",0,0,0,NA,NA
"1132","Mainstem: Lower Chehalis 7","LR.length",0,0,0,NA,NA
"1133","Mainstem: Lower Chehalis 7","Shade",0,0,0,NA,NA
"1134","Mainstem: Lower Chehalis 7","Wood",0,0,0,NA,NA
