"","hab.scenario","Subbasin_num","life.stage","capacity","survival"
"1","Barriers",1,"summer",18828.6040880249,0.310388907062204
"2","Barriers",1,"winter",0,0
"3","Beaver",1,"summer",19134.1701815687,0.313654153162079
"4","Beaver",1,"winter",0,0
"5","Current",1,"summer",18828.6040880249,0.310388907062204
"6","Current",1,"winter",0,0
"7","Fine_sediment",1,"summer",18828.6040880249,0.310388907062204
"8","Fine_sediment",1,"winter",0,0
"9","Floodplain",1,"summer",18847.8666097424,0.310541809615398
"10","Floodplain",1,"winter",0,0
"11","FP_wood_comb",1,"summer",20265.3980175638,0.341282971805526
"12","FP_wood_comb",1,"winter",0,0
"13","Historical",1,"summer",20828.8673093341,0.342605560064935
"14","Historical",1,"winter",0,0
"15","LR_bank",1,"summer",19058.7546864249,0.310384210680171
"16","LR_bank",1,"winter",0,0
"17","LR_length",1,"summer",18828.6163631313,0.31038890680866
"18","LR_length",1,"winter",0,0
"19","Shade",1,"summer",18828.6040880249,0.310388907062204
"20","Shade",1,"winter",0,0
"21","Wood",1,"summer",20246.1354958463,0.341170022381953
"22","Wood",1,"winter",0,0
"23","Barriers",5,"summer",22112.1581797933,0.312435490136013
"24","Barriers",5,"winter",0,0
"25","Beaver",5,"summer",23517.0645322201,0.323397028572609
"26","Beaver",5,"winter",0,0
"27","Current",5,"summer",22112.1581797933,0.312435490136013
"28","Current",5,"winter",0,0
"29","Fine_sediment",5,"summer",22112.1581797933,0.312435490136013
"30","Fine_sediment",5,"winter",0,0
"31","Floodplain",5,"summer",22430.1961726538,0.314527808909034
"32","Floodplain",5,"winter",0,0
"33","FP_wood_comb",5,"summer",25307.2222724595,0.370266562471654
"34","FP_wood_comb",5,"winter",0,0
"35","Historical",5,"summer",27796.6133765112,0.37347414345822
"36","Historical",5,"winter",0,0
"37","LR_bank",5,"summer",22972.2061750333,0.312344308714736
"38","LR_bank",5,"winter",0,0
"39","LR_length",5,"summer",22112.1529711721,0.312435490709704
"40","LR_length",5,"winter",0,0
"41","Shade",5,"summer",22112.1581797933,0.312435490136013
"42","Shade",5,"winter",0,0
"43","Wood",5,"summer",24989.184279599,0.369124522697779
"44","Wood",5,"winter",0,0
"45","Barriers",12,"summer",35892.5453455972,0.312703307795627
"46","Barriers",12,"winter",0,0
"47","Beaver",12,"summer",36828.4192913148,0.319092040742022
"48","Beaver",12,"winter",0,0
"49","Current",12,"summer",35892.5453455972,0.312703307795627
"50","Current",12,"winter",0,0
"51","Fine_sediment",12,"summer",35892.5453455972,0.312703307795627
"52","Fine_sediment",12,"winter",0,0
"53","Floodplain",12,"summer",37150.3649915497,0.317690410164086
"54","Floodplain",12,"winter",0,0
"55","FP_wood_comb",12,"summer",41616.5239704622,0.375530442024551
"56","FP_wood_comb",12,"winter",0,0
"57","Historical",12,"summer",43138.5127492761,0.376207655573233
"58","Historical",12,"winter",0,0
"59","LR_bank",12,"summer",36326.9544140172,0.312670980796568
"60","LR_bank",12,"winter",0,0
"61","LR_length",12,"summer",35892.5470986173,0.312703307663595
"62","LR_length",12,"winter",0,0
"63","Shade",12,"summer",35892.5453455972,0.312703307795627
"64","Shade",12,"winter",0,0
"65","Wood",12,"summer",40358.7043245097,0.372897863221918
"66","Wood",12,"winter",0,0
"67","Barriers",18,"summer",16689.6494623574,0.310009473742512
"68","Barriers",18,"winter",0,0
"69","Beaver",18,"summer",16691.632300318,0.310094726171041
"70","Beaver",18,"winter",0,0
"71","Current",18,"summer",16689.6494623574,0.310009473742512
"72","Current",18,"winter",0,0
"73","Fine_sediment",18,"summer",16689.6494623574,0.310009473742512
"74","Fine_sediment",18,"winter",0,0
"75","Floodplain",18,"summer",31426.4444819702,0.31756093795219
"76","Floodplain",18,"winter",0,0
"77","FP_wood_comb",18,"summer",35861.8635957486,0.360924923428375
"78","FP_wood_comb",18,"winter",0,0
"79","Historical",18,"summer",43549.8308048065,0.360051192178435
"80","Historical",18,"winter",0,0
"81","LR_bank",18,"summer",18068.4732128774,0.31000875079149
"82","LR_bank",18,"winter",0,0
"83","LR_length",18,"summer",21589.8485554645,0.310007323508602
"84","LR_length",18,"winter",0,0
"85","Shade",18,"summer",16689.6494623574,0.310009473742512
"86","Shade",18,"winter",0,0
"87","Wood",18,"summer",19172.1383978035,0.356604839530039
"88","Wood",18,"winter",0,0
"89","Barriers",52,"summer",7663.47190521,0.310213221704759
"90","Barriers",52,"winter",0,0
"91","Beaver",52,"summer",7663.47190521,0.310213221704759
"92","Beaver",52,"winter",0,0
"93","Current",52,"summer",7663.47190521,0.310213221704759
"94","Current",52,"winter",0,0
"95","Fine_sediment",52,"summer",7663.47190521,0.310213221704759
"96","Fine_sediment",52,"winter",0,0
"97","Floodplain",52,"summer",7682.45020569,0.310583246685111
"98","Floodplain",52,"winter",0,0
"99","FP_wood_comb",52,"summer",8384.62697260346,0.338877697685655
"100","FP_wood_comb",52,"winter",0,0
"101","Historical",52,"summer",8603.53182488867,0.338866679000338
"102","Historical",52,"winter",0,0
"103","LR_bank",52,"summer",7863.97893029,0.310224441555549
"104","LR_bank",52,"winter",0,0
"105","LR_length",52,"summer",7663.47316495839,0.310213221777093
"106","LR_length",52,"winter",0,0
"107","Shade",52,"summer",7663.47190521,0.310213221704759
"108","Shade",52,"winter",0,0
"109","Wood",52,"summer",8365.64867212346,0.338602919776823
"110","Wood",52,"winter",0,0
"111","Barriers",53,"summer",3550.98886558,0.31
"112","Barriers",53,"winter",0,0
"113","Beaver",53,"summer",3550.98886558,0.31
"114","Beaver",53,"winter",0,0
"115","Current",53,"summer",3550.98886558,0.31
"116","Current",53,"winter",0,0
"117","Fine_sediment",53,"summer",3550.98886558,0.31
"118","Fine_sediment",53,"winter",0,0
"119","Floodplain",53,"summer",3629.63470032,0.313250154956354
"120","Floodplain",53,"winter",0,0
"121","FP_wood_comb",53,"summer",3979.85682728065,0.342934229263414
"122","FP_wood_comb",53,"winter",0,0
"123","Historical",53,"summer",4299.33497825571,0.342758862981577
"124","Historical",53,"winter",0,0
"125","LR_bank",53,"summer",3841.78410574,0.31
"126","LR_bank",53,"winter",0,0
"127","LR_length",53,"summer",3550.99053810075,0.31
"128","LR_length",53,"winter",0,0
"129","Shade",53,"summer",3550.98886558,0.31
"130","Shade",53,"winter",0,0
"131","Wood",53,"summer",3901.21099254064,0.340574260710915
"132","Wood",53,"winter",0,0
"133","Barriers",54,"summer",9389.24655356,0.310254973021141
"134","Barriers",54,"winter",0,0
"135","Beaver",54,"summer",9389.24655356,0.310254973021141
"136","Beaver",54,"winter",0,0
"137","Current",54,"summer",9389.24655356,0.310254973021141
"138","Current",54,"winter",0,0
"139","Fine_sediment",54,"summer",9389.24655356,0.310254973021141
"140","Fine_sediment",54,"winter",0,0
"141","Floodplain",54,"summer",9389.24655356,0.310254973021141
"142","Floodplain",54,"winter",0,0
"143","FP_wood_comb",54,"summer",10394.3357231545,0.343420302136398
"144","FP_wood_comb",54,"winter",0,0
"145","Historical",54,"summer",12088.1416772569,0.34339518145789
"146","Historical",54,"winter",0,0
"147","LR_bank",54,"summer",10919.01682248,0.31032869077345
"148","LR_bank",54,"winter",0,0
"149","LR_length",54,"summer",9389.24623558543,0.310254973003326
"150","LR_length",54,"winter",0,0
"151","Shade",54,"summer",9389.24655356,0.310254973021141
"152","Shade",54,"winter",0,0
"153","Wood",54,"summer",10394.3357231545,0.343420302136398
"154","Wood",54,"winter",0,0
"155","Barriers",55,"summer",18360.89705605,0.310013235597763
"156","Barriers",55,"winter",0,0
"157","Beaver",55,"summer",18360.89705605,0.310013235597763
"158","Beaver",55,"winter",0,0
"159","Current",55,"summer",18360.89705605,0.310013235597763
"160","Current",55,"winter",0,0
"161","Fine_sediment",55,"summer",18360.89705605,0.310013235597763
"162","Fine_sediment",55,"winter",0,0
"163","Floodplain",55,"summer",23365.0150514601,0.320071695325829
"164","Floodplain",55,"winter",0,0
"165","FP_wood_comb",55,"summer",25403.84912112,0.346470273478808
"166","FP_wood_comb",55,"winter",0,0
"167","Historical",55,"summer",28552.8366342501,0.345646148173779
"168","Historical",55,"winter",0,0
"169","LR_bank",55,"summer",19943.54280307,0.310015406099407
"170","LR_bank",55,"winter",0,0
"171","LR_length",55,"summer",19528.4704232252,0.310014870884504
"172","LR_length",55,"winter",0,0
"173","Shade",55,"summer",18360.89705605,0.310013235597763
"174","Shade",55,"winter",0,0
"175","Wood",55,"summer",20078.2401845523,0.339007439998226
"176","Wood",55,"winter",0,0
"177","Barriers",56,"summer",11921.64827883,0.31
"178","Barriers",56,"winter",0,0
"179","Beaver",56,"summer",11921.64827883,0.31
"180","Beaver",56,"winter",0,0
"181","Current",56,"summer",11921.64827883,0.31
"182","Current",56,"winter",0,0
"183","Fine_sediment",56,"summer",11921.64827883,0.31
"184","Fine_sediment",56,"winter",0,0
"185","Floodplain",56,"summer",13057.7330434372,0.318229577531722
"186","Floodplain",56,"winter",0,0
"187","FP_wood_comb",56,"summer",14676.7515231061,0.356004551755887
"188","FP_wood_comb",56,"winter",0,0
"189","Historical",56,"summer",17322.3398720804,0.355189495319819
"190","Historical",56,"winter",0,0
"191","LR_bank",56,"summer",13087.91801171,0.31
"192","LR_bank",56,"winter",0,0
"193","LR_length",56,"summer",12983.7090365254,0.31
"194","LR_length",56,"winter",0,0
"195","Shade",56,"summer",11921.64827883,0.31
"196","Shade",56,"winter",0,0
"197","Wood",56,"summer",13485.609393,0.350667861863838
"198","Wood",56,"winter",0,0
"199","Barriers",57,"summer",16235.09990465,0.310200420979982
"200","Barriers",57,"winter",0,0
"201","Beaver",57,"summer",16235.09990465,0.310200420979982
"202","Beaver",57,"winter",0,0
"203","Current",57,"summer",16235.09990465,0.310200420979982
"204","Current",57,"winter",0,0
"205","Fine_sediment",57,"summer",16235.09990465,0.310200420979982
"206","Fine_sediment",57,"winter",0,0
"207","Floodplain",57,"summer",20764.2169151949,0.325117741673332
"208","Floodplain",57,"winter",0,0
"209","FP_wood_comb",57,"summer",22966.5592598884,0.356901373734192
"210","FP_wood_comb",57,"winter",0,0
"211","Historical",57,"summer",25681.2356432141,0.355808766881354
"212","Historical",57,"winter",0,0
"213","LR_bank",57,"summer",16396.62047215,0.310204495835
"214","LR_bank",57,"winter",0,0
"215","LR_length",57,"summer",18453.3812484232,0.310250153843438
"216","LR_length",57,"winter",0,0
"217","Shade",57,"summer",16235.09990465,0.310200420979982
"218","Shade",57,"winter",0,0
"219","Wood",57,"summer",18147.5054819428,0.346700745839489
"220","Wood",57,"winter",0,0
"221","Barriers",58,"summer",14610.42560492,0.313454542038187
"222","Barriers",58,"winter",0,0
"223","Beaver",58,"summer",14610.42560492,0.313454542038187
"224","Beaver",58,"winter",0,0
"225","Current",58,"summer",14610.42560492,0.313454542038187
"226","Current",58,"winter",0,0
"227","Fine_sediment",58,"summer",14610.42560492,0.313454542038187
"228","Fine_sediment",58,"winter",0,0
"229","Floodplain",58,"summer",19363.0148409335,0.324400171270955
"230","Floodplain",58,"winter",0,0
"231","FP_wood_comb",58,"summer",21063.338225332,0.350693104390687
"232","FP_wood_comb",58,"winter",0,0
"233","Historical",58,"summer",25847.8534520642,0.348734673981262
"234","Historical",58,"winter",0,0
"235","LR_bank",58,"summer",16261.27770508,0.31416433814722
"236","LR_bank",58,"winter",0,0
"237","LR_length",58,"summer",16825.2236597817,0.314375544660083
"238","LR_length",58,"winter",0,0
"239","Shade",58,"summer",14610.42560492,0.313454542038187
"240","Shade",58,"winter",0,0
"241","Wood",58,"summer",15996.9727405903,0.342634604309025
"242","Wood",58,"winter",0,0
"243","Barriers",59,"summer",18066.8197124275,0.311898135205198
"244","Barriers",59,"winter",0,0
"245","Beaver",59,"summer",18066.8197124275,0.311898135205198
"246","Beaver",59,"winter",0,0
"247","Current",59,"summer",18066.8197124275,0.311898135205198
"248","Current",59,"winter",0,0
"249","Fine_sediment",59,"summer",18066.8197124275,0.311898135205198
"250","Fine_sediment",59,"winter",0,0
"251","Floodplain",59,"summer",18351.2705364275,0.314193763586524
"252","Floodplain",59,"winter",0,0
"253","FP_wood_comb",59,"summer",19981.4331999054,0.341453864940164
"254","FP_wood_comb",59,"winter",0,0
"255","Historical",59,"summer",21790.3670149539,0.341194509732467
"256","Historical",59,"winter",0,0
"257","LR_bank",59,"summer",19724.2870391675,0.3122239553906
"258","LR_bank",59,"winter",0,0
"259","LR_length",59,"summer",18066.820314798,0.311898135334335
"260","LR_length",59,"winter",0,0
"261","Shade",59,"summer",18066.8197124275,0.311898135205198
"262","Shade",59,"winter",0,0
"263","Wood",59,"summer",19696.9823759054,0.339741899870782
"264","Wood",59,"winter",0,0
"265","Barriers",60,"summer",15220.6020426935,0.312317830227942
"266","Barriers",60,"winter",0,0
"267","Beaver",60,"summer",15220.6020426935,0.312317830227942
"268","Beaver",60,"winter",0,0
"269","Current",60,"summer",15220.6020426935,0.312317830227942
"270","Current",60,"winter",0,0
"271","Fine_sediment",60,"summer",15220.6020426935,0.312317830227942
"272","Fine_sediment",60,"winter",0,0
"273","Floodplain",60,"summer",16616.2085486935,0.324721754766448
"274","Floodplain",60,"winter",0,0
"275","FP_wood_comb",60,"summer",17830.3444964719,0.346538656053536
"276","FP_wood_comb",60,"winter",0,0
"277","Historical",60,"summer",19004.5600194122,0.34583293133797
"278","Historical",60,"winter",0,0
"279","LR_bank",60,"summer",16306.8098544935,0.312632305547585
"280","LR_bank",60,"winter",0,0
"281","LR_length",60,"summer",15220.6037761292,0.312317830765053
"282","LR_length",60,"winter",0,0
"283","Shade",60,"summer",15220.6020426935,0.312317830227942
"284","Shade",60,"winter",0,0
"285","Wood",60,"summer",16434.7379904719,0.3369037358082
"286","Wood",60,"winter",0,0
"287","Barriers",61,"summer",18045.282718266,0.310360068981896
"288","Barriers",61,"winter",0,0
"289","Beaver",61,"summer",18045.282718266,0.310360068981896
"290","Beaver",61,"winter",0,0
"291","Current",61,"summer",18045.282718266,0.310360068981896
"292","Current",61,"winter",0,0
"293","Fine_sediment",61,"summer",18045.282718266,0.310360068981896
"294","Fine_sediment",61,"winter",0,0
"295","Floodplain",61,"summer",18045.282718266,0.310360068981896
"296","Floodplain",61,"winter",0,0
"297","FP_wood_comb",61,"summer",19649.2695887025,0.337890986944159
"298","FP_wood_comb",61,"winter",0,0
"299","Historical",61,"summer",20445.1777585408,0.33788048450954
"300","Historical",61,"winter",0,0
"301","LR_bank",61,"summer",18776.075395006,0.310388965294277
"302","LR_bank",61,"winter",0,0
"303","LR_length",61,"summer",18045.2827739869,0.310360068984189
"304","LR_length",61,"winter",0,0
"305","Shade",61,"summer",18045.282718266,0.310360068981896
"306","Shade",61,"winter",0,0
"307","Wood",61,"summer",19649.2695887025,0.337890986944159
"308","Wood",61,"winter",0,0
"309","Barriers",62,"summer",27157.745750063,0.310564954616066
"310","Barriers",62,"winter",0,0
"311","Beaver",62,"summer",27157.745750063,0.310564954616066
"312","Beaver",62,"winter",0,0
"313","Current",62,"summer",27157.745750063,0.310564954616066
"314","Current",62,"winter",0,0
"315","Fine_sediment",62,"summer",27157.745750063,0.310564954616066
"316","Fine_sediment",62,"winter",0,0
"317","Floodplain",62,"summer",28302.0206843135,0.316606741477815
"318","Floodplain",62,"winter",0,0
"319","FP_wood_comb",62,"summer",31137.4371613972,0.347192540470388
"320","FP_wood_comb",62,"winter",0,0
"321","Historical",62,"summer",33727.2005212767,0.346831303278457
"322","Historical",62,"winter",0,0
"323","LR_bank",62,"summer",29501.846176603,0.310657403709244
"324","LR_bank",62,"winter",0,0
"325","LR_length",62,"summer",27157.7487664592,0.310564954745259
"326","LR_length",62,"winter",0,0
"327","Shade",62,"summer",27157.745750063,0.310564954616066
"328","Shade",62,"winter",0,0
"329","Wood",62,"summer",29993.1622271467,0.342888801259476
"330","Wood",62,"winter",0,0
"331","Barriers",63,"summer",40227.8284146055,0.311287208585078
"332","Barriers",63,"winter",0,0
"333","Beaver",63,"summer",40227.8284146055,0.311287208585078
"334","Beaver",63,"winter",0,0
"335","Current",63,"summer",40227.8284146055,0.311287208585078
"336","Current",63,"winter",0,0
"337","Fine_sediment",63,"summer",40227.8284146055,0.311287208585078
"338","Fine_sediment",63,"winter",0,0
"339","Floodplain",63,"summer",41196.9966991255,0.314785709264494
"340","Floodplain",63,"winter",0,0
"341","FP_wood_comb",63,"summer",45435.7009649124,0.346332800144843
"342","FP_wood_comb",63,"winter",0,0
"343","Historical",63,"summer",47560.5521703259,0.346181517576281
"344","Historical",63,"winter",0,0
"345","LR_bank",63,"summer",42148.5488349655,0.311407443119464
"346","LR_bank",63,"winter",0,0
"347","LR_length",63,"summer",40227.825789523,0.311287208412973
"348","LR_length",63,"winter",0,0
"349","Shade",63,"summer",40227.8284146055,0.311287208585078
"350","Shade",63,"winter",0,0
"351","Wood",63,"summer",44466.5326803924,0.343855371875775
"352","Wood",63,"winter",0,0
"353","Barriers",1,"eggs",25059885.4856804,NA
"354","Barriers",5,"eggs",37229847.0688904,NA
"355","Barriers",12,"eggs",47187227.6180491,NA
"356","Barriers",18,"eggs",33488224.2707425,NA
"357","Barriers",52,"eggs",18692290.494,NA
"358","Barriers",53,"eggs",11379335.2621277,NA
"359","Barriers",54,"eggs",28141181.6049915,NA
"360","Barriers",55,"eggs",1194180.14948936,NA
"361","Barriers",59,"eggs",4183.32425640593,NA
"362","Barriers",60,"eggs",27517.3664387944,NA
"363","Barriers",61,"eggs",5227.18133694828,NA
"364","Barriers",62,"eggs",21856.8062249181,NA
"365","Barriers",63,"eggs",27524.3932321523,NA
"366","Beaver",1,"eggs",25051245.1832866,NA
"367","Beaver",5,"eggs",37194949.9060759,NA
"368","Beaver",12,"eggs",47098362.4562785,NA
"369","Beaver",18,"eggs",33487604.4711058,NA
"370","Beaver",52,"eggs",18692290.494,NA
"371","Beaver",53,"eggs",11379335.2621277,NA
"372","Beaver",54,"eggs",28141181.6049915,NA
"373","Beaver",55,"eggs",1194180.14948936,NA
"374","Beaver",59,"eggs",4183.32425640593,NA
"375","Beaver",60,"eggs",27517.3664387944,NA
"376","Beaver",61,"eggs",5227.18133694828,NA
"377","Beaver",62,"eggs",21856.8062249181,NA
"378","Beaver",63,"eggs",27524.3932321523,NA
"379","Current",1,"eggs",25059885.4856804,NA
"380","Current",5,"eggs",37229847.0688904,NA
"381","Current",12,"eggs",47187227.6180491,NA
"382","Current",18,"eggs",33488224.2707425,NA
"383","Current",52,"eggs",18692290.494,NA
"384","Current",53,"eggs",11379335.2621277,NA
"385","Current",54,"eggs",28141181.6049915,NA
"386","Current",55,"eggs",1194180.14948936,NA
"387","Current",59,"eggs",4183.32425640593,NA
"388","Current",60,"eggs",27517.3664387944,NA
"389","Current",61,"eggs",5227.18133694828,NA
"390","Current",62,"eggs",21856.8062249181,NA
"391","Current",63,"eggs",27524.3932321523,NA
"392","Fine_sediment",1,"eggs",25059885.4856804,NA
"393","Fine_sediment",5,"eggs",37229847.0688904,NA
"394","Fine_sediment",12,"eggs",47187227.6180491,NA
"395","Fine_sediment",18,"eggs",33488224.2707425,NA
"396","Fine_sediment",52,"eggs",18692290.494,NA
"397","Fine_sediment",53,"eggs",11379335.2621277,NA
"398","Fine_sediment",54,"eggs",28141181.6049915,NA
"399","Fine_sediment",55,"eggs",1194180.14948936,NA
"400","Fine_sediment",59,"eggs",4183.32425640593,NA
"401","Fine_sediment",60,"eggs",27517.3664387944,NA
"402","Fine_sediment",61,"eggs",5227.18133694828,NA
"403","Fine_sediment",62,"eggs",21856.8062249181,NA
"404","Fine_sediment",63,"eggs",27524.3932321523,NA
"405","Floodplain",1,"eggs",25059885.4856804,NA
"406","Floodplain",5,"eggs",37229847.0688904,NA
"407","Floodplain",12,"eggs",47187227.6180491,NA
"408","Floodplain",18,"eggs",34502948.4059865,NA
"409","Floodplain",52,"eggs",18692290.494,NA
"410","Floodplain",53,"eggs",11379335.2621277,NA
"411","Floodplain",54,"eggs",28141181.6049915,NA
"412","Floodplain",55,"eggs",1459314.08581801,NA
"413","Floodplain",56,"eggs",32376.0501387224,NA
"414","Floodplain",57,"eggs",189625.034805897,NA
"415","Floodplain",58,"eggs",249188.205461538,NA
"416","Floodplain",59,"eggs",4183.32425640593,NA
"417","Floodplain",60,"eggs",27517.3664387944,NA
"418","Floodplain",61,"eggs",5227.18133694828,NA
"419","Floodplain",62,"eggs",21856.8062249181,NA
"420","Floodplain",63,"eggs",27524.3932321523,NA
"421","FP_wood_comb",1,"eggs",32559088.199489,NA
"422","FP_wood_comb",5,"eggs",48317395.0535647,NA
"423","FP_wood_comb",12,"eggs",61302017.7235393,NA
"424","FP_wood_comb",18,"eggs",44548069.7553376,NA
"425","FP_wood_comb",52,"eggs",24299977.6422,NA
"426","FP_wood_comb",53,"eggs",14793135.840766,NA
"427","FP_wood_comb",54,"eggs",36582971.7689574,NA
"428","FP_wood_comb",55,"eggs",1817568.13066482,NA
"429","FP_wood_comb",56,"eggs",32376.0501387224,NA
"430","FP_wood_comb",57,"eggs",189625.034805897,NA
"431","FP_wood_comb",58,"eggs",249188.205461538,NA
"432","FP_wood_comb",59,"eggs",4183.32425640593,NA
"433","FP_wood_comb",60,"eggs",27517.3664387944,NA
"434","FP_wood_comb",61,"eggs",5227.18133694828,NA
"435","FP_wood_comb",62,"eggs",21856.8062249181,NA
"436","FP_wood_comb",63,"eggs",27524.3932321523,NA
"437","Historical",1,"eggs",32550447.8970951,NA
"438","Historical",5,"eggs",48281177.8339731,NA
"439","Historical",12,"eggs",61191366.4516571,NA
"440","Historical",18,"eggs",44547449.9557009,NA
"441","Historical",52,"eggs",24299977.6422,NA
"442","Historical",53,"eggs",14793135.840766,NA
"443","Historical",54,"eggs",36582971.7689574,NA
"444","Historical",55,"eggs",1817568.13066482,NA
"445","Historical",56,"eggs",32376.0501387224,NA
"446","Historical",57,"eggs",189625.034805897,NA
"447","Historical",58,"eggs",249188.205461538,NA
"448","Historical",59,"eggs",4183.32425640593,NA
"449","Historical",60,"eggs",27517.3664387944,NA
"450","Historical",61,"eggs",5227.18133694828,NA
"451","Historical",62,"eggs",21856.8062249181,NA
"452","Historical",63,"eggs",27524.3932321523,NA
"453","LR_bank",1,"eggs",25059885.4856804,NA
"454","LR_bank",5,"eggs",37229847.0688904,NA
"455","LR_bank",12,"eggs",47187227.6180491,NA
"456","LR_bank",18,"eggs",33488224.2707425,NA
"457","LR_bank",52,"eggs",18692290.494,NA
"458","LR_bank",53,"eggs",11379335.2621277,NA
"459","LR_bank",54,"eggs",28141181.6049915,NA
"460","LR_bank",55,"eggs",1194180.14948936,NA
"461","LR_bank",59,"eggs",4183.32425640593,NA
"462","LR_bank",60,"eggs",27517.3664387944,NA
"463","LR_bank",61,"eggs",5227.18133694828,NA
"464","LR_bank",62,"eggs",21856.8062249181,NA
"465","LR_bank",63,"eggs",27524.3932321523,NA
"466","LR_length",1,"eggs",25059885.4856804,NA
"467","LR_length",5,"eggs",37229847.0688904,NA
"468","LR_length",12,"eggs",47187227.6180491,NA
"469","LR_length",18,"eggs",33488224.2707425,NA
"470","LR_length",52,"eggs",18692290.494,NA
"471","LR_length",53,"eggs",11379335.2621277,NA
"472","LR_length",54,"eggs",28141181.6049915,NA
"473","LR_length",55,"eggs",1194180.14948936,NA
"474","LR_length",59,"eggs",4183.32425640593,NA
"475","LR_length",60,"eggs",27517.3664387944,NA
"476","LR_length",61,"eggs",5227.18133694828,NA
"477","LR_length",62,"eggs",21856.8062249181,NA
"478","LR_length",63,"eggs",27524.3932321523,NA
"479","Shade",1,"eggs",25059885.4856804,NA
"480","Shade",5,"eggs",37229847.0688904,NA
"481","Shade",12,"eggs",47187227.6180491,NA
"482","Shade",18,"eggs",33488224.2707425,NA
"483","Shade",52,"eggs",18692290.494,NA
"484","Shade",53,"eggs",11379335.2621277,NA
"485","Shade",54,"eggs",28141181.6049915,NA
"486","Shade",55,"eggs",1194180.14948936,NA
"487","Shade",59,"eggs",4183.32425640593,NA
"488","Shade",60,"eggs",27517.3664387944,NA
"489","Shade",61,"eggs",5227.18133694828,NA
"490","Shade",62,"eggs",21856.8062249181,NA
"491","Shade",63,"eggs",27524.3932321523,NA
"492","Wood",1,"eggs",32559088.199489,NA
"493","Wood",5,"eggs",48317395.0535647,NA
"494","Wood",12,"eggs",61302017.7235393,NA
"495","Wood",18,"eggs",43533345.6200936,NA
"496","Wood",52,"eggs",24299977.6422,NA
"497","Wood",53,"eggs",14793135.840766,NA
"498","Wood",54,"eggs",36582971.7689574,NA
"499","Wood",55,"eggs",1552434.19433617,NA
"500","Wood",59,"eggs",4183.32425640593,NA
"501","Wood",60,"eggs",27517.3664387944,NA
"502","Wood",61,"eggs",5227.18133694828,NA
"503","Wood",62,"eggs",21856.8062249181,NA
"504","Wood",63,"eggs",27524.3932321523,NA
"505","Barriers",1,"adults",8817.36711533201,NA
"506","Barriers",5,"adults",13099.3906353503,NA
"507","Barriers",12,"adults",16602.9134211654,NA
"508","Barriers",18,"adults",11782.8937248909,NA
"509","Barriers",52,"adults",6576.91702566667,NA
"510","Barriers",53,"adults",4003.84018482269,NA
"511","Barriers",54,"adults",9901.52686101552,NA
"512","Barriers",55,"adults",420.174497042553,NA
"513","Barriers",59,"adults",1.4719103865132,NA
"514","Barriers",60,"adults",9.6820363395758,NA
"515","Barriers",61,"adults",1.83919343337069,NA
"516","Barriers",62,"adults",7.6903577458045,NA
"517","Barriers",63,"adults",9.68450872983135,NA
"518","Beaver",1,"adults",8814.32700893417,NA
"519","Beaver",5,"adults",13087.1120039897,NA
"520","Beaver",12,"adults",16571.6460494313,NA
"521","Beaver",18,"adults",11782.6756472409,NA
"522","Beaver",52,"adults",6576.91702566667,NA
"523","Beaver",53,"adults",4003.84018482269,NA
"524","Beaver",54,"adults",9901.52686101552,NA
"525","Beaver",55,"adults",420.174497042553,NA
"526","Beaver",59,"adults",1.4719103865132,NA
"527","Beaver",60,"adults",9.6820363395758,NA
"528","Beaver",61,"adults",1.83919343337069,NA
"529","Beaver",62,"adults",7.6903577458045,NA
"530","Beaver",63,"adults",9.68450872983135,NA
"531","Current",1,"adults",8817.36711533201,NA
"532","Current",5,"adults",13099.3906353503,NA
"533","Current",12,"adults",16602.9134211654,NA
"534","Current",18,"adults",11782.8937248909,NA
"535","Current",52,"adults",6576.91702566667,NA
"536","Current",53,"adults",4003.84018482269,NA
"537","Current",54,"adults",9901.52686101552,NA
"538","Current",55,"adults",420.174497042553,NA
"539","Current",59,"adults",1.4719103865132,NA
"540","Current",60,"adults",9.6820363395758,NA
"541","Current",61,"adults",1.83919343337069,NA
"542","Current",62,"adults",7.6903577458045,NA
"543","Current",63,"adults",9.68450872983135,NA
"544","Fine_sediment",1,"adults",8817.36711533201,NA
"545","Fine_sediment",5,"adults",13099.3906353503,NA
"546","Fine_sediment",12,"adults",16602.9134211654,NA
"547","Fine_sediment",18,"adults",11782.8937248909,NA
"548","Fine_sediment",52,"adults",6576.91702566667,NA
"549","Fine_sediment",53,"adults",4003.84018482269,NA
"550","Fine_sediment",54,"adults",9901.52686101552,NA
"551","Fine_sediment",55,"adults",420.174497042553,NA
"552","Fine_sediment",59,"adults",1.4719103865132,NA
"553","Fine_sediment",60,"adults",9.6820363395758,NA
"554","Fine_sediment",61,"adults",1.83919343337069,NA
"555","Fine_sediment",62,"adults",7.6903577458045,NA
"556","Fine_sediment",63,"adults",9.68450872983135,NA
"557","Floodplain",1,"adults",8817.36711533201,NA
"558","Floodplain",5,"adults",13099.3906353503,NA
"559","Floodplain",12,"adults",16602.9134211654,NA
"560","Floodplain",18,"adults",12139.9262909953,NA
"561","Floodplain",52,"adults",6576.91702566667,NA
"562","Floodplain",53,"adults",4003.84018482269,NA
"563","Floodplain",54,"adults",9901.52686101552,NA
"564","Floodplain",55,"adults",513.462363528558,NA
"565","Floodplain",56,"adults",11.3915731969579,NA
"566","Floodplain",57,"adults",66.7199196539268,NA
"567","Floodplain",58,"adults",87.677331551282,NA
"568","Floodplain",59,"adults",1.4719103865132,NA
"569","Floodplain",60,"adults",9.6820363395758,NA
"570","Floodplain",61,"adults",1.83919343337069,NA
"571","Floodplain",62,"adults",7.6903577458045,NA
"572","Floodplain",63,"adults",9.68450872983135,NA
"573","FP_wood_comb",1,"adults",11455.975477598,NA
"574","FP_wood_comb",5,"adults",17000.5649262542,NA
"575","FP_wood_comb",12,"adults",21569.2284582823,NA
"576","FP_wood_comb",18,"adults",15674.320839841,NA
"577","FP_wood_comb",52,"adults",8549.99213336667,NA
"578","FP_wood_comb",53,"adults",5204.9922402695,NA
"579","FP_wood_comb",54,"adults",12871.7863631517,NA
"580","FP_wood_comb",55,"adults",639.514712641324,NA
"581","FP_wood_comb",56,"adults",11.3915731969579,NA
"582","FP_wood_comb",57,"adults",66.7199196539268,NA
"583","FP_wood_comb",58,"adults",87.677331551282,NA
"584","FP_wood_comb",59,"adults",1.4719103865132,NA
"585","FP_wood_comb",60,"adults",9.6820363395758,NA
"586","FP_wood_comb",61,"adults",1.83919343337069,NA
"587","FP_wood_comb",62,"adults",7.6903577458045,NA
"588","FP_wood_comb",63,"adults",9.68450872983135,NA
"589","Historical",1,"adults",11452.9353712001,NA
"590","Historical",5,"adults",16987.821830472,NA
"591","Historical",12,"adults",21530.2956033608,NA
"592","Historical",18,"adults",15674.102762191,NA
"593","Historical",52,"adults",8549.99213336667,NA
"594","Historical",53,"adults",5204.9922402695,NA
"595","Historical",54,"adults",12871.7863631517,NA
"596","Historical",55,"adults",639.514712641324,NA
"597","Historical",56,"adults",11.3915731969579,NA
"598","Historical",57,"adults",66.7199196539268,NA
"599","Historical",58,"adults",87.677331551282,NA
"600","Historical",59,"adults",1.4719103865132,NA
"601","Historical",60,"adults",9.6820363395758,NA
"602","Historical",61,"adults",1.83919343337069,NA
"603","Historical",62,"adults",7.6903577458045,NA
"604","Historical",63,"adults",9.68450872983135,NA
"605","LR_bank",1,"adults",8817.36711533201,NA
"606","LR_bank",5,"adults",13099.3906353503,NA
"607","LR_bank",12,"adults",16602.9134211654,NA
"608","LR_bank",18,"adults",11782.8937248909,NA
"609","LR_bank",52,"adults",6576.91702566667,NA
"610","LR_bank",53,"adults",4003.84018482269,NA
"611","LR_bank",54,"adults",9901.52686101552,NA
"612","LR_bank",55,"adults",420.174497042553,NA
"613","LR_bank",59,"adults",1.4719103865132,NA
"614","LR_bank",60,"adults",9.6820363395758,NA
"615","LR_bank",61,"adults",1.83919343337069,NA
"616","LR_bank",62,"adults",7.6903577458045,NA
"617","LR_bank",63,"adults",9.68450872983135,NA
"618","LR_length",1,"adults",8817.36711533201,NA
"619","LR_length",5,"adults",13099.3906353503,NA
"620","LR_length",12,"adults",16602.9134211654,NA
"621","LR_length",18,"adults",11782.8937248909,NA
"622","LR_length",52,"adults",6576.91702566667,NA
"623","LR_length",53,"adults",4003.84018482269,NA
"624","LR_length",54,"adults",9901.52686101552,NA
"625","LR_length",55,"adults",420.174497042553,NA
"626","LR_length",59,"adults",1.4719103865132,NA
"627","LR_length",60,"adults",9.6820363395758,NA
"628","LR_length",61,"adults",1.83919343337069,NA
"629","LR_length",62,"adults",7.6903577458045,NA
"630","LR_length",63,"adults",9.68450872983135,NA
"631","Shade",1,"adults",8817.36711533201,NA
"632","Shade",5,"adults",13099.3906353503,NA
"633","Shade",12,"adults",16602.9134211654,NA
"634","Shade",18,"adults",11782.8937248909,NA
"635","Shade",52,"adults",6576.91702566667,NA
"636","Shade",53,"adults",4003.84018482269,NA
"637","Shade",54,"adults",9901.52686101552,NA
"638","Shade",55,"adults",420.174497042553,NA
"639","Shade",59,"adults",1.4719103865132,NA
"640","Shade",60,"adults",9.6820363395758,NA
"641","Shade",61,"adults",1.83919343337069,NA
"642","Shade",62,"adults",7.6903577458045,NA
"643","Shade",63,"adults",9.68450872983135,NA
"644","Wood",1,"adults",11455.975477598,NA
"645","Wood",5,"adults",17000.5649262542,NA
"646","Wood",12,"adults",21569.2284582823,NA
"647","Wood",18,"adults",15317.2882737366,NA
"648","Wood",52,"adults",8549.99213336667,NA
"649","Wood",53,"adults",5204.9922402695,NA
"650","Wood",54,"adults",12871.7863631517,NA
"651","Wood",55,"adults",546.226846155319,NA
"652","Wood",59,"adults",1.4719103865132,NA
"653","Wood",60,"adults",9.6820363395758,NA
"654","Wood",61,"adults",1.83919343337069,NA
"655","Wood",62,"adults",7.6903577458045,NA
"656","Wood",63,"adults",9.68450872983135,NA
"657","Current",1,"prespawn",NA,0.91802573832946
"658","Current",2,"prespawn",NA,1
"659","Current",5,"prespawn",NA,0.501238870373113
"660","Current",12,"prespawn",NA,0.595614753986395
"661","Current",18,"prespawn",NA,0.677129025386748
"662","Current",52,"prespawn",NA,0.446177699466904
"663","Current",53,"prespawn",NA,0.580673418972333
"664","Current",54,"prespawn",NA,0.373019057029927
"665","Current",55,"prespawn",NA,0.184824799771167
"666","Current",56,"prespawn",NA,0.391407411333724
"667","Current",57,"prespawn",NA,0.280605915065721
"668","Current",58,"prespawn",NA,0.288619563628936
"669","Current",59,"prespawn",NA,0.146812975597133
"670","Current",60,"prespawn",NA,0.140697112264764
"671","Current",61,"prespawn",NA,0.650690533367037
"672","Current",62,"prespawn",NA,0.59983226955501
"673","Current",63,"prespawn",NA,0.671755425222579
"674","Barriers",1,"prespawn",NA,0.91802573832946
"675","Barriers",2,"prespawn",NA,1
"676","Barriers",5,"prespawn",NA,0.501238870373113
"677","Barriers",12,"prespawn",NA,0.595614753986395
"678","Barriers",18,"prespawn",NA,0.677129025386748
"679","Barriers",52,"prespawn",NA,0.446177699466904
"680","Barriers",53,"prespawn",NA,0.580673418972333
"681","Barriers",54,"prespawn",NA,0.373019057029927
"682","Barriers",55,"prespawn",NA,0.184824799771167
"683","Barriers",56,"prespawn",NA,0.391407411333724
"684","Barriers",57,"prespawn",NA,0.280605915065721
"685","Barriers",58,"prespawn",NA,0.288619563628936
"686","Barriers",59,"prespawn",NA,0.146812975597133
"687","Barriers",60,"prespawn",NA,0.140697112264764
"688","Barriers",61,"prespawn",NA,0.650690533367037
"689","Barriers",62,"prespawn",NA,0.59983226955501
"690","Barriers",63,"prespawn",NA,0.677216851443901
"691","Fine_sediment",1,"prespawn",NA,0.91802573832946
"692","Fine_sediment",2,"prespawn",NA,1
"693","Fine_sediment",5,"prespawn",NA,0.501238870373113
"694","Fine_sediment",12,"prespawn",NA,0.595614753986395
"695","Fine_sediment",18,"prespawn",NA,0.677129025386748
"696","Fine_sediment",52,"prespawn",NA,0.446177699466904
"697","Fine_sediment",53,"prespawn",NA,0.580673418972333
"698","Fine_sediment",54,"prespawn",NA,0.373019057029927
"699","Fine_sediment",55,"prespawn",NA,0.184824799771167
"700","Fine_sediment",56,"prespawn",NA,0.391407411333724
"701","Fine_sediment",57,"prespawn",NA,0.280605915065721
"702","Fine_sediment",58,"prespawn",NA,0.288619563628936
"703","Fine_sediment",59,"prespawn",NA,0.146812975597133
"704","Fine_sediment",60,"prespawn",NA,0.140697112264764
"705","Fine_sediment",61,"prespawn",NA,0.650690533367037
"706","Fine_sediment",62,"prespawn",NA,0.59983226955501
"707","Fine_sediment",63,"prespawn",NA,0.671755425222579
"708","Wood",1,"prespawn",NA,0.91802573832946
"709","Wood",2,"prespawn",NA,1
"710","Wood",5,"prespawn",NA,0.501238870373113
"711","Wood",12,"prespawn",NA,0.595614753986395
"712","Wood",18,"prespawn",NA,0.677129025386748
"713","Wood",52,"prespawn",NA,0.446177699466904
"714","Wood",53,"prespawn",NA,0.580673418972333
"715","Wood",54,"prespawn",NA,0.373019057029927
"716","Wood",55,"prespawn",NA,0.184824799771167
"717","Wood",56,"prespawn",NA,0.391407411333724
"718","Wood",57,"prespawn",NA,0.280605915065721
"719","Wood",58,"prespawn",NA,0.288619563628936
"720","Wood",59,"prespawn",NA,0.146812975597133
"721","Wood",60,"prespawn",NA,0.140697112264764
"722","Wood",61,"prespawn",NA,0.650690533367037
"723","Wood",62,"prespawn",NA,0.59983226955501
"724","Wood",63,"prespawn",NA,0.671755425222579
"725","Shade",1,"prespawn",NA,1
"726","Shade",2,"prespawn",NA,1
"727","Shade",5,"prespawn",NA,0.694461254711093
"728","Shade",12,"prespawn",NA,0.769789966398982
"729","Shade",18,"prespawn",NA,0.837672943128684
"730","Shade",52,"prespawn",NA,0.575760843496754
"731","Shade",53,"prespawn",NA,0.705441143063242
"732","Shade",54,"prespawn",NA,0.523935757094862
"733","Shade",55,"prespawn",NA,0.372454240429062
"734","Shade",56,"prespawn",NA,0.617417832414805
"735","Shade",57,"prespawn",NA,0.447812186228512
"736","Shade",58,"prespawn",NA,0.436253417335833
"737","Shade",59,"prespawn",NA,0.271675019039756
"738","Shade",60,"prespawn",NA,0.300748407861778
"739","Shade",61,"prespawn",NA,0.839939681971688
"740","Shade",62,"prespawn",NA,0.789133056989793
"741","Shade",63,"prespawn",NA,0.87264894377747
"742","LR_bank",1,"prespawn",NA,0.91802573832946
"743","LR_bank",2,"prespawn",NA,1
"744","LR_bank",5,"prespawn",NA,0.501238870373113
"745","LR_bank",12,"prespawn",NA,0.595614753986395
"746","LR_bank",18,"prespawn",NA,0.677129025386748
"747","LR_bank",52,"prespawn",NA,0.446177699466904
"748","LR_bank",53,"prespawn",NA,0.580673418972333
"749","LR_bank",54,"prespawn",NA,0.373019057029927
"750","LR_bank",55,"prespawn",NA,0.184824799771167
"751","LR_bank",56,"prespawn",NA,0.391407411333724
"752","LR_bank",57,"prespawn",NA,0.280605915065721
"753","LR_bank",58,"prespawn",NA,0.288619563628936
"754","LR_bank",59,"prespawn",NA,0.146812975597133
"755","LR_bank",60,"prespawn",NA,0.140697112264764
"756","LR_bank",61,"prespawn",NA,0.650690533367037
"757","LR_bank",62,"prespawn",NA,0.59983226955501
"758","LR_bank",63,"prespawn",NA,0.671755425222579
"759","LR_length",1,"prespawn",NA,0.91802573832946
"760","LR_length",2,"prespawn",NA,1
"761","LR_length",5,"prespawn",NA,0.501238870373113
"762","LR_length",12,"prespawn",NA,0.595614753986395
"763","LR_length",18,"prespawn",NA,0.677129025386748
"764","LR_length",52,"prespawn",NA,0.446177699466904
"765","LR_length",53,"prespawn",NA,0.580673418972333
"766","LR_length",54,"prespawn",NA,0.373019057029927
"767","LR_length",55,"prespawn",NA,0.184824799771167
"768","LR_length",56,"prespawn",NA,0.391407411333724
"769","LR_length",57,"prespawn",NA,0.280605915065721
"770","LR_length",58,"prespawn",NA,0.288619563628936
"771","LR_length",59,"prespawn",NA,0.146812975597133
"772","LR_length",60,"prespawn",NA,0.140697112264764
"773","LR_length",61,"prespawn",NA,0.650690533367037
"774","LR_length",62,"prespawn",NA,0.59983226955501
"775","LR_length",63,"prespawn",NA,0.671755425222579
"776","Beaver",1,"prespawn",NA,0.91802573832946
"777","Beaver",2,"prespawn",NA,1
"778","Beaver",5,"prespawn",NA,0.501238870373113
"779","Beaver",12,"prespawn",NA,0.595614753986395
"780","Beaver",18,"prespawn",NA,0.677129025386748
"781","Beaver",52,"prespawn",NA,0.446177699466904
"782","Beaver",53,"prespawn",NA,0.580673418972333
"783","Beaver",54,"prespawn",NA,0.373019057029927
"784","Beaver",55,"prespawn",NA,0.184824799771167
"785","Beaver",56,"prespawn",NA,0.391407411333724
"786","Beaver",57,"prespawn",NA,0.280605915065721
"787","Beaver",58,"prespawn",NA,0.288619563628936
"788","Beaver",59,"prespawn",NA,0.146812975597133
"789","Beaver",60,"prespawn",NA,0.140697112264764
"790","Beaver",61,"prespawn",NA,0.650690533367037
"791","Beaver",62,"prespawn",NA,0.59983226955501
"792","Beaver",63,"prespawn",NA,0.671755425222579
"793","Floodplain",1,"prespawn",NA,0.91802573832946
"794","Floodplain",2,"prespawn",NA,1
"795","Floodplain",5,"prespawn",NA,0.501238870373113
"796","Floodplain",12,"prespawn",NA,0.595614753986395
"797","Floodplain",18,"prespawn",NA,0.677129025386748
"798","Floodplain",52,"prespawn",NA,0.446177699466904
"799","Floodplain",53,"prespawn",NA,0.580673418972333
"800","Floodplain",54,"prespawn",NA,0.373019057029927
"801","Floodplain",55,"prespawn",NA,0.184824799771167
"802","Floodplain",56,"prespawn",NA,0.391407411333724
"803","Floodplain",57,"prespawn",NA,0.280605915065721
"804","Floodplain",58,"prespawn",NA,0.288619563628936
"805","Floodplain",59,"prespawn",NA,0.146812975597133
"806","Floodplain",60,"prespawn",NA,0.140697112264764
"807","Floodplain",61,"prespawn",NA,0.650690533367037
"808","Floodplain",62,"prespawn",NA,0.59983226955501
"809","Floodplain",63,"prespawn",NA,0.671755425222579
"810","FP_wood_comb",1,"prespawn",NA,0.91802573832946
"811","FP_wood_comb",2,"prespawn",NA,1
"812","FP_wood_comb",5,"prespawn",NA,0.501238870373113
"813","FP_wood_comb",12,"prespawn",NA,0.595614753986395
"814","FP_wood_comb",18,"prespawn",NA,0.677129025386748
"815","FP_wood_comb",52,"prespawn",NA,0.446177699466904
"816","FP_wood_comb",53,"prespawn",NA,0.580673418972333
"817","FP_wood_comb",54,"prespawn",NA,0.373019057029927
"818","FP_wood_comb",55,"prespawn",NA,0.184824799771167
"819","FP_wood_comb",56,"prespawn",NA,0.391407411333724
"820","FP_wood_comb",57,"prespawn",NA,0.280605915065721
"821","FP_wood_comb",58,"prespawn",NA,0.288619563628936
"822","FP_wood_comb",59,"prespawn",NA,0.146812975597133
"823","FP_wood_comb",60,"prespawn",NA,0.140697112264764
"824","FP_wood_comb",61,"prespawn",NA,0.650690533367037
"825","FP_wood_comb",62,"prespawn",NA,0.59983226955501
"826","FP_wood_comb",63,"prespawn",NA,0.671755425222579
"827","Historical",1,"prespawn",NA,1
"828","Historical",2,"prespawn",NA,1
"829","Historical",5,"prespawn",NA,0.694461254711093
"830","Historical",12,"prespawn",NA,0.769789966398982
"831","Historical",18,"prespawn",NA,0.837672943128684
"832","Historical",52,"prespawn",NA,0.575760843496754
"833","Historical",53,"prespawn",NA,0.705441143063242
"834","Historical",54,"prespawn",NA,0.523935757094862
"835","Historical",55,"prespawn",NA,0.372454240429062
"836","Historical",56,"prespawn",NA,0.617417832414805
"837","Historical",57,"prespawn",NA,0.447812186228512
"838","Historical",58,"prespawn",NA,0.436253417335833
"839","Historical",59,"prespawn",NA,0.271675019039756
"840","Historical",60,"prespawn",NA,0.300748407861778
"841","Historical",61,"prespawn",NA,0.839939681971688
"842","Historical",62,"prespawn",NA,0.789133056989793
"843","Historical",63,"prespawn",NA,0.87974365063745
"844","ASRP_scenario_1_2040",1,"prespawn",NA,NA
"845","ASRP_scenario_1_2040",2,"prespawn",NA,NA
"846","ASRP_scenario_1_2040",5,"prespawn",NA,NA
"847","ASRP_scenario_1_2040",12,"prespawn",NA,NA
"848","ASRP_scenario_1_2040",18,"prespawn",NA,NA
"849","ASRP_scenario_1_2040",52,"prespawn",NA,NA
"850","ASRP_scenario_1_2040",53,"prespawn",NA,NA
"851","ASRP_scenario_1_2040",54,"prespawn",NA,NA
"852","ASRP_scenario_1_2040",55,"prespawn",NA,NA
"853","ASRP_scenario_1_2040",56,"prespawn",NA,NA
"854","ASRP_scenario_1_2040",57,"prespawn",NA,NA
"855","ASRP_scenario_1_2040",58,"prespawn",NA,NA
"856","ASRP_scenario_1_2040",59,"prespawn",NA,NA
"857","ASRP_scenario_1_2040",60,"prespawn",NA,NA
"858","ASRP_scenario_1_2040",61,"prespawn",NA,NA
"859","ASRP_scenario_1_2040",62,"prespawn",NA,NA
"860","ASRP_scenario_1_2040",63,"prespawn",NA,NA
"861","ASRP_scenario_1_2080",1,"prespawn",NA,NA
"862","ASRP_scenario_1_2080",2,"prespawn",NA,NA
"863","ASRP_scenario_1_2080",5,"prespawn",NA,NA
"864","ASRP_scenario_1_2080",12,"prespawn",NA,NA
"865","ASRP_scenario_1_2080",18,"prespawn",NA,NA
"866","ASRP_scenario_1_2080",52,"prespawn",NA,NA
"867","ASRP_scenario_1_2080",53,"prespawn",NA,NA
"868","ASRP_scenario_1_2080",54,"prespawn",NA,NA
"869","ASRP_scenario_1_2080",55,"prespawn",NA,NA
"870","ASRP_scenario_1_2080",56,"prespawn",NA,NA
"871","ASRP_scenario_1_2080",57,"prespawn",NA,NA
"872","ASRP_scenario_1_2080",58,"prespawn",NA,NA
"873","ASRP_scenario_1_2080",59,"prespawn",NA,NA
"874","ASRP_scenario_1_2080",60,"prespawn",NA,NA
"875","ASRP_scenario_1_2080",61,"prespawn",NA,NA
"876","ASRP_scenario_1_2080",62,"prespawn",NA,NA
"877","ASRP_scenario_1_2080",63,"prespawn",NA,NA
"878","ASRP_scenario_2_2040",1,"prespawn",NA,NA
"879","ASRP_scenario_2_2040",2,"prespawn",NA,NA
"880","ASRP_scenario_2_2040",5,"prespawn",NA,NA
"881","ASRP_scenario_2_2040",12,"prespawn",NA,NA
"882","ASRP_scenario_2_2040",18,"prespawn",NA,NA
"883","ASRP_scenario_2_2040",52,"prespawn",NA,NA
"884","ASRP_scenario_2_2040",53,"prespawn",NA,NA
"885","ASRP_scenario_2_2040",54,"prespawn",NA,NA
"886","ASRP_scenario_2_2040",55,"prespawn",NA,NA
"887","ASRP_scenario_2_2040",56,"prespawn",NA,NA
"888","ASRP_scenario_2_2040",57,"prespawn",NA,NA
"889","ASRP_scenario_2_2040",58,"prespawn",NA,NA
"890","ASRP_scenario_2_2040",59,"prespawn",NA,NA
"891","ASRP_scenario_2_2040",60,"prespawn",NA,NA
"892","ASRP_scenario_2_2040",61,"prespawn",NA,NA
"893","ASRP_scenario_2_2040",62,"prespawn",NA,NA
"894","ASRP_scenario_2_2040",63,"prespawn",NA,NA
"895","ASRP_scenario_2_2080",1,"prespawn",NA,NA
"896","ASRP_scenario_2_2080",2,"prespawn",NA,NA
"897","ASRP_scenario_2_2080",5,"prespawn",NA,NA
"898","ASRP_scenario_2_2080",12,"prespawn",NA,NA
"899","ASRP_scenario_2_2080",18,"prespawn",NA,NA
"900","ASRP_scenario_2_2080",52,"prespawn",NA,NA
"901","ASRP_scenario_2_2080",53,"prespawn",NA,NA
"902","ASRP_scenario_2_2080",54,"prespawn",NA,NA
"903","ASRP_scenario_2_2080",55,"prespawn",NA,NA
"904","ASRP_scenario_2_2080",56,"prespawn",NA,NA
"905","ASRP_scenario_2_2080",57,"prespawn",NA,NA
"906","ASRP_scenario_2_2080",58,"prespawn",NA,NA
"907","ASRP_scenario_2_2080",59,"prespawn",NA,NA
"908","ASRP_scenario_2_2080",60,"prespawn",NA,NA
"909","ASRP_scenario_2_2080",61,"prespawn",NA,NA
"910","ASRP_scenario_2_2080",62,"prespawn",NA,NA
"911","ASRP_scenario_2_2080",63,"prespawn",NA,NA
"912","ASRP_scenario_3_2040",1,"prespawn",NA,NA
"913","ASRP_scenario_3_2040",2,"prespawn",NA,NA
"914","ASRP_scenario_3_2040",5,"prespawn",NA,NA
"915","ASRP_scenario_3_2040",12,"prespawn",NA,NA
"916","ASRP_scenario_3_2040",18,"prespawn",NA,NA
"917","ASRP_scenario_3_2040",52,"prespawn",NA,NA
"918","ASRP_scenario_3_2040",53,"prespawn",NA,NA
"919","ASRP_scenario_3_2040",54,"prespawn",NA,NA
"920","ASRP_scenario_3_2040",55,"prespawn",NA,NA
"921","ASRP_scenario_3_2040",56,"prespawn",NA,NA
"922","ASRP_scenario_3_2040",57,"prespawn",NA,NA
"923","ASRP_scenario_3_2040",58,"prespawn",NA,NA
"924","ASRP_scenario_3_2040",59,"prespawn",NA,NA
"925","ASRP_scenario_3_2040",60,"prespawn",NA,NA
"926","ASRP_scenario_3_2040",61,"prespawn",NA,NA
"927","ASRP_scenario_3_2040",62,"prespawn",NA,NA
"928","ASRP_scenario_3_2040",63,"prespawn",NA,NA
"929","ASRP_scenario_3_2080",1,"prespawn",NA,NA
"930","ASRP_scenario_3_2080",2,"prespawn",NA,NA
"931","ASRP_scenario_3_2080",5,"prespawn",NA,NA
"932","ASRP_scenario_3_2080",12,"prespawn",NA,NA
"933","ASRP_scenario_3_2080",18,"prespawn",NA,NA
"934","ASRP_scenario_3_2080",52,"prespawn",NA,NA
"935","ASRP_scenario_3_2080",53,"prespawn",NA,NA
"936","ASRP_scenario_3_2080",54,"prespawn",NA,NA
"937","ASRP_scenario_3_2080",55,"prespawn",NA,NA
"938","ASRP_scenario_3_2080",56,"prespawn",NA,NA
"939","ASRP_scenario_3_2080",57,"prespawn",NA,NA
"940","ASRP_scenario_3_2080",58,"prespawn",NA,NA
"941","ASRP_scenario_3_2080",59,"prespawn",NA,NA
"942","ASRP_scenario_3_2080",60,"prespawn",NA,NA
"943","ASRP_scenario_3_2080",61,"prespawn",NA,NA
"944","ASRP_scenario_3_2080",62,"prespawn",NA,NA
"945","ASRP_scenario_3_2080",63,"prespawn",NA,NA
"946","Barriers",1,"egg.to.fry",NA,0.179948888809479
"947","Barriers",5,"egg.to.fry",NA,0.228021436441133
"948","Barriers",12,"egg.to.fry",NA,0.258057591175042
"949","Barriers",18,"egg.to.fry",NA,0.181922432830022
"950","Barriers",52,"egg.to.fry",NA,0.127439296144538
"951","Barriers",53,"egg.to.fry",NA,0.200457007505131
"952","Barriers",54,"egg.to.fry",NA,0.170836641824707
"953","Barriers",55,"egg.to.fry",NA,0.163551634740419
"954","Barriers",59,"egg.to.fry",NA,0.042495076700084
"955","Barriers",60,"egg.to.fry",NA,0.160829384498387
"956","Barriers",61,"egg.to.fry",NA,0.461903615917088
"957","Barriers",62,"egg.to.fry",NA,0.313641797606705
"958","Barriers",63,"egg.to.fry",NA,0.042495076700084
"959","Beaver",1,"egg.to.fry",NA,0.17993533337027
"960","Beaver",5,"egg.to.fry",NA,0.227906407635137
"961","Beaver",12,"egg.to.fry",NA,0.258033528812354
"962","Beaver",18,"egg.to.fry",NA,0.18191948000175
"963","Beaver",52,"egg.to.fry",NA,0.127439296144538
"964","Beaver",53,"egg.to.fry",NA,0.200457007505131
"965","Beaver",54,"egg.to.fry",NA,0.170836641824707
"966","Beaver",55,"egg.to.fry",NA,0.163551634740419
"967","Beaver",59,"egg.to.fry",NA,0.042495076700084
"968","Beaver",60,"egg.to.fry",NA,0.160829384498387
"969","Beaver",61,"egg.to.fry",NA,0.461903615917088
"970","Beaver",62,"egg.to.fry",NA,0.313641797606705
"971","Beaver",63,"egg.to.fry",NA,0.042495076700084
"972","Current",1,"egg.to.fry",NA,0.179948888809479
"973","Current",5,"egg.to.fry",NA,0.228021436441133
"974","Current",12,"egg.to.fry",NA,0.258057591175042
"975","Current",18,"egg.to.fry",NA,0.181922432830022
"976","Current",52,"egg.to.fry",NA,0.127439296144538
"977","Current",53,"egg.to.fry",NA,0.200457007505131
"978","Current",54,"egg.to.fry",NA,0.170836641824707
"979","Current",55,"egg.to.fry",NA,0.163551634740419
"980","Current",59,"egg.to.fry",NA,0.042495076700084
"981","Current",60,"egg.to.fry",NA,0.160829384498387
"982","Current",61,"egg.to.fry",NA,0.461903615917088
"983","Current",62,"egg.to.fry",NA,0.313641797606705
"984","Current",63,"egg.to.fry",NA,0.042495076700084
"985","Fine_sediment",1,"egg.to.fry",NA,0.422655319925863
"986","Fine_sediment",5,"egg.to.fry",NA,0.441944017933954
"987","Fine_sediment",12,"egg.to.fry",NA,0.419423885435141
"988","Fine_sediment",18,"egg.to.fry",NA,0.366148254518964
"989","Fine_sediment",52,"egg.to.fry",NA,0.24160418394627
"990","Fine_sediment",53,"egg.to.fry",NA,0.387992512015848
"991","Fine_sediment",54,"egg.to.fry",NA,0.315890080845247
"992","Fine_sediment",55,"egg.to.fry",NA,0.284646951403463
"993","Fine_sediment",59,"egg.to.fry",NA,0.042495076700084
"994","Fine_sediment",60,"egg.to.fry",NA,0.233776693798741
"995","Fine_sediment",61,"egg.to.fry",NA,0.716952730922604
"996","Fine_sediment",62,"egg.to.fry",NA,0.488965863107351
"997","Fine_sediment",63,"egg.to.fry",NA,0.042495076700084
"998","Floodplain",1,"egg.to.fry",NA,0.179948888809479
"999","Floodplain",5,"egg.to.fry",NA,0.228021436441133
"1000","Floodplain",12,"egg.to.fry",NA,0.258057591175042
"1001","Floodplain",18,"egg.to.fry",NA,0.181923250796292
"1002","Floodplain",52,"egg.to.fry",NA,0.127439296144538
"1003","Floodplain",53,"egg.to.fry",NA,0.200457007505131
"1004","Floodplain",54,"egg.to.fry",NA,0.170836641824707
"1005","Floodplain",55,"egg.to.fry",NA,0.15837029404115
"1006","Floodplain",56,"egg.to.fry",NA,0.0638842547659591
"1007","Floodplain",57,"egg.to.fry",NA,0.150578223310762
"1008","Floodplain",58,"egg.to.fry",NA,0.157254430693382
"1009","Floodplain",59,"egg.to.fry",NA,0.042495076700084
"1010","Floodplain",60,"egg.to.fry",NA,0.160829384498387
"1011","Floodplain",61,"egg.to.fry",NA,0.461903615917088
"1012","Floodplain",62,"egg.to.fry",NA,0.313641797606705
"1013","Floodplain",63,"egg.to.fry",NA,0.042495076700084
"1014","FP_wood_comb",1,"egg.to.fry",NA,0.1799262401534
"1015","FP_wood_comb",5,"egg.to.fry",NA,0.227845655506553
"1016","FP_wood_comb",12,"egg.to.fry",NA,0.258244855088727
"1017","FP_wood_comb",18,"egg.to.fry",NA,0.181918246152583
"1018","FP_wood_comb",52,"egg.to.fry",NA,0.127439296144538
"1019","FP_wood_comb",53,"egg.to.fry",NA,0.200457007505131
"1020","FP_wood_comb",54,"egg.to.fry",NA,0.170833763242274
"1021","FP_wood_comb",55,"egg.to.fry",NA,0.159391568694862
"1022","FP_wood_comb",56,"egg.to.fry",NA,0.0638842547659591
"1023","FP_wood_comb",57,"egg.to.fry",NA,0.150578223310762
"1024","FP_wood_comb",58,"egg.to.fry",NA,0.157254430693382
"1025","FP_wood_comb",59,"egg.to.fry",NA,0.042495076700084
"1026","FP_wood_comb",60,"egg.to.fry",NA,0.160829384498387
"1027","FP_wood_comb",61,"egg.to.fry",NA,0.461903615917088
"1028","FP_wood_comb",62,"egg.to.fry",NA,0.313641797606705
"1029","FP_wood_comb",63,"egg.to.fry",NA,0.042495076700084
"1030","Historical",1,"egg.to.fry",NA,0.422536125786386
"1031","Historical",5,"egg.to.fry",NA,0.441378400186913
"1032","Historical",12,"egg.to.fry",NA,0.419362548838314
"1033","Historical",18,"egg.to.fry",NA,0.366182054834435
"1034","Historical",52,"egg.to.fry",NA,0.24160418394627
"1035","Historical",53,"egg.to.fry",NA,0.387992512015848
"1036","Historical",54,"egg.to.fry",NA,0.315883894177688
"1037","Historical",55,"egg.to.fry",NA,0.276078460327762
"1038","Historical",56,"egg.to.fry",NA,0.0804743320675442
"1039","Historical",57,"egg.to.fry",NA,0.235177851037061
"1040","Historical",58,"egg.to.fry",NA,0.243551369089212
"1041","Historical",59,"egg.to.fry",NA,0.042495076700084
"1042","Historical",60,"egg.to.fry",NA,0.233776693798741
"1043","Historical",61,"egg.to.fry",NA,0.716952730922604
"1044","Historical",62,"egg.to.fry",NA,0.488965863107351
"1045","Historical",63,"egg.to.fry",NA,0.042495076700084
"1046","LR_bank",1,"egg.to.fry",NA,0.179948888809479
"1047","LR_bank",5,"egg.to.fry",NA,0.228021436441133
"1048","LR_bank",12,"egg.to.fry",NA,0.258057591175042
"1049","LR_bank",18,"egg.to.fry",NA,0.181922432830022
"1050","LR_bank",52,"egg.to.fry",NA,0.127439296144538
"1051","LR_bank",53,"egg.to.fry",NA,0.200457007505131
"1052","LR_bank",54,"egg.to.fry",NA,0.170836641824707
"1053","LR_bank",55,"egg.to.fry",NA,0.163551634740419
"1054","LR_bank",59,"egg.to.fry",NA,0.042495076700084
"1055","LR_bank",60,"egg.to.fry",NA,0.160829384498387
"1056","LR_bank",61,"egg.to.fry",NA,0.461903615917088
"1057","LR_bank",62,"egg.to.fry",NA,0.313641797606705
"1058","LR_bank",63,"egg.to.fry",NA,0.042495076700084
"1059","LR_length",1,"egg.to.fry",NA,0.179948888809479
"1060","LR_length",5,"egg.to.fry",NA,0.228021436441133
"1061","LR_length",12,"egg.to.fry",NA,0.258057591175042
"1062","LR_length",18,"egg.to.fry",NA,0.181922432830022
"1063","LR_length",52,"egg.to.fry",NA,0.127439296144538
"1064","LR_length",53,"egg.to.fry",NA,0.200457007505131
"1065","LR_length",54,"egg.to.fry",NA,0.170836641824707
"1066","LR_length",55,"egg.to.fry",NA,0.163551634740419
"1067","LR_length",59,"egg.to.fry",NA,0.042495076700084
"1068","LR_length",60,"egg.to.fry",NA,0.160829384498387
"1069","LR_length",61,"egg.to.fry",NA,0.461903615917088
"1070","LR_length",62,"egg.to.fry",NA,0.313641797606705
"1071","LR_length",63,"egg.to.fry",NA,0.042495076700084
"1072","Shade",1,"egg.to.fry",NA,0.179948888809479
"1073","Shade",5,"egg.to.fry",NA,0.228021436441133
"1074","Shade",12,"egg.to.fry",NA,0.258057591175042
"1075","Shade",18,"egg.to.fry",NA,0.181922432830022
"1076","Shade",52,"egg.to.fry",NA,0.127439296144538
"1077","Shade",53,"egg.to.fry",NA,0.200457007505131
"1078","Shade",54,"egg.to.fry",NA,0.170836641824707
"1079","Shade",55,"egg.to.fry",NA,0.163551634740419
"1080","Shade",59,"egg.to.fry",NA,0.042495076700084
"1081","Shade",60,"egg.to.fry",NA,0.160829384498387
"1082","Shade",61,"egg.to.fry",NA,0.461903615917088
"1083","Shade",62,"egg.to.fry",NA,0.313641797606705
"1084","Shade",63,"egg.to.fry",NA,0.042495076700084
"1085","Wood",1,"egg.to.fry",NA,0.1799262401534
"1086","Wood",5,"egg.to.fry",NA,0.227845655506553
"1087","Wood",12,"egg.to.fry",NA,0.258244855088727
"1088","Wood",18,"egg.to.fry",NA,0.181917500274447
"1089","Wood",52,"egg.to.fry",NA,0.127439296144538
"1090","Wood",53,"egg.to.fry",NA,0.200457007505131
"1091","Wood",54,"egg.to.fry",NA,0.170833763242274
"1092","Wood",55,"egg.to.fry",NA,0.163551634740419
"1093","Wood",59,"egg.to.fry",NA,0.042495076700084
"1094","Wood",60,"egg.to.fry",NA,0.160829384498387
"1095","Wood",61,"egg.to.fry",NA,0.461903615917088
"1096","Wood",62,"egg.to.fry",NA,0.313641797606705
"1097","Wood",63,"egg.to.fry",NA,0.042495076700084
"1098","scenario_1_2040",1,"summer",18962.1171914482,0.313628013513937
"1099","scenario_1_2040",1,"winter",0,0
"1100","scenario_1_2040",5,"summer",22325.3779208299,0.317973365541271
"1101","scenario_1_2040",5,"winter",0,0
"1102","scenario_1_2040",12,"summer",36656.8725092143,0.324594929931863
"1103","scenario_1_2040",12,"winter",0,0
"1104","scenario_1_2040",18,"summer",19028.2956126764,0.312120282245212
"1105","scenario_1_2040",18,"winter",0,0
"1106","scenario_1_2040",52,"summer",7721.06057308006,0.312476206394762
"1107","scenario_1_2040",52,"winter",0,0
"1108","scenario_1_2040",53,"summer",3581.03938445271,0.312678354393905
"1109","scenario_1_2040",53,"winter",0,0
"1110","scenario_1_2040",54,"summer",9389.24655356,0.310254973021141
"1111","scenario_1_2040",54,"winter",0,0
"1112","scenario_1_2040",55,"summer",18360.89705605,0.310013235597763
"1113","scenario_1_2040",55,"winter",0,0
"1114","scenario_1_2040",56,"summer",11921.64827883,0.31
"1115","scenario_1_2040",56,"winter",0,0
"1116","scenario_1_2040",57,"summer",17051.1176979774,0.316567122063665
"1117","scenario_1_2040",57,"winter",0,0
"1118","scenario_1_2040",58,"summer",15394.8184014726,0.318980127584923
"1119","scenario_1_2040",58,"winter",0,0
"1120","scenario_1_2040",59,"summer",19966.4415892818,0.326780862441417
"1121","scenario_1_2040",59,"winter",0,0
"1122","scenario_1_2040",60,"summer",15980.7563229591,0.319923532752226
"1123","scenario_1_2040",60,"winter",0,0
"1124","scenario_1_2040",61,"summer",18239.9355047499,0.312980169316712
"1125","scenario_1_2040",61,"winter",0,0
"1126","scenario_1_2040",62,"summer",27333.9682388062,0.312105687574597
"1127","scenario_1_2040",62,"winter",0,0
"1128","scenario_1_2040",63,"summer",40598.7105916607,0.314143515821104
"1129","scenario_1_2040",63,"winter",0,0
"1130","scenario_1_2040",1,"eggs",27083050.3942039,NA
"1131","scenario_1_2040",5,"eggs",38248314.2581463,NA
"1132","scenario_1_2040",12,"eggs",51415741.1860924,NA
"1133","scenario_1_2040",18,"eggs",36673095.8779281,NA
"1134","scenario_1_2040",52,"eggs",20374596.63846,NA
"1135","scenario_1_2040",53,"eggs",12302001.1953881,NA
"1136","scenario_1_2040",54,"eggs",28141181.6049915,NA
"1137","scenario_1_2040",55,"eggs",1194180.14948936,NA
"1138","scenario_1_2040",56,"eggs",0,NA
"1139","scenario_1_2040",57,"eggs",17607.2197044834,NA
"1140","scenario_1_2040",58,"eggs",21235.7126585927,NA
"1141","scenario_1_2040",59,"eggs",4183.32425640593,NA
"1142","scenario_1_2040",60,"eggs",27517.3664387944,NA
"1143","scenario_1_2040",61,"eggs",5227.18133694828,NA
"1144","scenario_1_2040",62,"eggs",21856.8062249181,NA
"1145","scenario_1_2040",63,"eggs",27524.3932321523,NA
"1146","scenario_1_2040",1,"adults",9529.22143499767,NA
"1147","scenario_1_2040",5,"adults",13457.7402019404,NA
"1148","scenario_1_2040",12,"adults",18090.7237506621,NA
"1149","scenario_1_2040",18,"adults",12903.4966977895,NA
"1150","scenario_1_2040",52,"adults",7168.83955797667,NA
"1151","scenario_1_2040",53,"adults",4328.48190208099,NA
"1152","scenario_1_2040",54,"adults",9901.52686101552,NA
"1153","scenario_1_2040",55,"adults",420.174497042553,NA
"1154","scenario_1_2040",56,"adults",0,NA
"1155","scenario_1_2040",57,"adults",6.19513285898489,NA
"1156","scenario_1_2040",58,"adults",7.47182482431964,NA
"1157","scenario_1_2040",59,"adults",1.4719103865132,NA
"1158","scenario_1_2040",60,"adults",9.6820363395758,NA
"1159","scenario_1_2040",61,"adults",1.83919343337069,NA
"1160","scenario_1_2040",62,"adults",7.6903577458045,NA
"1161","scenario_1_2040",63,"adults",9.68450872983135,NA
"1162","scenario_1_2040",1,"prespawn",NA,0.766970826515629
"1163","scenario_1_2040",2,"prespawn",NA,0.992135169220553
"1164","scenario_1_2040",5,"prespawn",NA,0.39765693179459
"1165","scenario_1_2040",12,"prespawn",NA,0.469254435948578
"1166","scenario_1_2040",18,"prespawn",NA,0.558889117964251
"1167","scenario_1_2040",52,"prespawn",NA,0.298295904984214
"1168","scenario_1_2040",53,"prespawn",NA,0.424909933688257
"1169","scenario_1_2040",54,"prespawn",NA,0.23369366748728
"1170","scenario_1_2040",55,"prespawn",NA,0.0707272831896173
"1171","scenario_1_2040",56,"prespawn",NA,0.288973860541102
"1172","scenario_1_2040",57,"prespawn",NA,0.149404335988825
"1173","scenario_1_2040",58,"prespawn",NA,0.142022160664586
"1174","scenario_1_2040",59,"prespawn",NA,0.01
"1175","scenario_1_2040",60,"prespawn",NA,0.01
"1176","scenario_1_2040",61,"prespawn",NA,0.536855863720515
"1177","scenario_1_2040",62,"prespawn",NA,0.482302073173728
"1178","scenario_1_2040",63,"prespawn",NA,0.561268342774299
"1179","scenario_1_2040",1,"egg.to.fry",NA,0.179948888809479
"1180","scenario_1_2040",5,"egg.to.fry",NA,0.228021436441133
"1181","scenario_1_2040",12,"egg.to.fry",NA,0.258057591175042
"1182","scenario_1_2040",18,"egg.to.fry",NA,0.181922432830022
"1183","scenario_1_2040",52,"egg.to.fry",NA,0.127439296144538
"1184","scenario_1_2040",53,"egg.to.fry",NA,0.200457007505131
"1185","scenario_1_2040",54,"egg.to.fry",NA,0.170836641824707
"1186","scenario_1_2040",55,"egg.to.fry",NA,0.163551634740419
"1187","scenario_1_2040",59,"egg.to.fry",NA,0.042495076700084
"1188","scenario_1_2040",60,"egg.to.fry",NA,0.160829384498387
"1189","scenario_1_2040",61,"egg.to.fry",NA,0.461903615917088
"1190","scenario_1_2040",62,"egg.to.fry",NA,0.313641797606705
"1191","scenario_1_2040",63,"egg.to.fry",NA,0.042495076700084
"1192","scenario_2_2040",1,"summer",19010.7273323901,0.314977584430626
"1193","scenario_2_2040",1,"winter",0,0
"1194","scenario_2_2040",5,"summer",22389.3948283568,0.32065997197047
"1195","scenario_2_2040",5,"winter",0,0
"1196","scenario_2_2040",12,"summer",36656.8725092143,0.324594929931863
"1197","scenario_2_2040",12,"winter",0,0
"1198","scenario_2_2040",18,"summer",19028.1340289934,0.312112969164954
"1199","scenario_2_2040",18,"winter",0,0
"1200","scenario_2_2040",52,"summer",7721.06057308006,0.312476206394762
"1201","scenario_2_2040",52,"winter",0,0
"1202","scenario_2_2040",53,"summer",3581.03938445271,0.312678354393905
"1203","scenario_2_2040",53,"winter",0,0
"1204","scenario_2_2040",54,"summer",9389.24655356,0.310254973021141
"1205","scenario_2_2040",54,"winter",0,0
"1206","scenario_2_2040",55,"summer",18360.89705605,0.310013235597763
"1207","scenario_2_2040",55,"winter",0,0
"1208","scenario_2_2040",56,"summer",11921.64827883,0.31
"1209","scenario_2_2040",56,"winter",0,0
"1210","scenario_2_2040",57,"summer",17051.1176979774,0.316567122063665
"1211","scenario_2_2040",57,"winter",0,0
"1212","scenario_2_2040",58,"summer",15394.8184014726,0.318980127584923
"1213","scenario_2_2040",58,"winter",0,0
"1214","scenario_2_2040",59,"summer",19966.4415892818,0.326780862441417
"1215","scenario_2_2040",59,"winter",0,0
"1216","scenario_2_2040",60,"summer",15980.7563229591,0.319923532752226
"1217","scenario_2_2040",60,"winter",0,0
"1218","scenario_2_2040",61,"summer",18239.9355047499,0.312980169316712
"1219","scenario_2_2040",61,"winter",0,0
"1220","scenario_2_2040",62,"summer",27333.9682388062,0.312105687574597
"1221","scenario_2_2040",62,"winter",0,0
"1222","scenario_2_2040",63,"summer",40598.7105916607,0.314143515821104
"1223","scenario_2_2040",63,"winter",0,0
"1224","scenario_2_2040",1,"eggs",27309646.299823,NA
"1225","scenario_2_2040",5,"eggs",38665911.8705759,NA
"1226","scenario_2_2040",12,"eggs",51415741.1860924,NA
"1227","scenario_2_2040",18,"eggs",36673198.2301617,NA
"1228","scenario_2_2040",52,"eggs",20374596.63846,NA
"1229","scenario_2_2040",53,"eggs",12302001.1953881,NA
"1230","scenario_2_2040",54,"eggs",28141181.6049915,NA
"1231","scenario_2_2040",55,"eggs",1194180.14948936,NA
"1232","scenario_2_2040",56,"eggs",0,NA
"1233","scenario_2_2040",57,"eggs",17607.2197044834,NA
"1234","scenario_2_2040",58,"eggs",21235.7126585927,NA
"1235","scenario_2_2040",59,"eggs",4183.32425640593,NA
"1236","scenario_2_2040",60,"eggs",27517.3664387944,NA
"1237","scenario_2_2040",61,"eggs",5227.18133694828,NA
"1238","scenario_2_2040",62,"eggs",21856.8062249181,NA
"1239","scenario_2_2040",63,"eggs",27524.3932321523,NA
"1240","scenario_2_2040",1,"adults",9608.9496240118,NA
"1241","scenario_2_2040",5,"adults",13604.6726952026,NA
"1242","scenario_2_2040",12,"adults",18090.7237506621,NA
"1243","scenario_2_2040",18,"adults",12903.5327106124,NA
"1244","scenario_2_2040",52,"adults",7168.83955797667,NA
"1245","scenario_2_2040",53,"adults",4328.48190208099,NA
"1246","scenario_2_2040",54,"adults",9901.52686101552,NA
"1247","scenario_2_2040",55,"adults",420.174497042553,NA
"1248","scenario_2_2040",56,"adults",0,NA
"1249","scenario_2_2040",57,"adults",6.19513285898489,NA
"1250","scenario_2_2040",58,"adults",7.47182482431964,NA
"1251","scenario_2_2040",59,"adults",1.4719103865132,NA
"1252","scenario_2_2040",60,"adults",9.6820363395758,NA
"1253","scenario_2_2040",61,"adults",1.83919343337069,NA
"1254","scenario_2_2040",62,"adults",7.6903577458045,NA
"1255","scenario_2_2040",63,"adults",9.68450872983135,NA
"1256","scenario_2_2040",1,"prespawn",NA,0.766970826515629
"1257","scenario_2_2040",2,"prespawn",NA,0.992135169220553
"1258","scenario_2_2040",5,"prespawn",NA,0.39765693179459
"1259","scenario_2_2040",12,"prespawn",NA,0.469254435948578
"1260","scenario_2_2040",18,"prespawn",NA,0.558889117964251
"1261","scenario_2_2040",52,"prespawn",NA,0.298295904984214
"1262","scenario_2_2040",53,"prespawn",NA,0.424909933688257
"1263","scenario_2_2040",54,"prespawn",NA,0.23369366748728
"1264","scenario_2_2040",55,"prespawn",NA,0.0707272831896173
"1265","scenario_2_2040",56,"prespawn",NA,0.288973860541102
"1266","scenario_2_2040",57,"prespawn",NA,0.149404335988825
"1267","scenario_2_2040",58,"prespawn",NA,0.142022160664586
"1268","scenario_2_2040",59,"prespawn",NA,0.01
"1269","scenario_2_2040",60,"prespawn",NA,0.01
"1270","scenario_2_2040",61,"prespawn",NA,0.536855863720515
"1271","scenario_2_2040",62,"prespawn",NA,0.482302073173728
"1272","scenario_2_2040",63,"prespawn",NA,0.561268342774299
"1273","scenario_2_2040",1,"egg.to.fry",NA,0.179948888809479
"1274","scenario_2_2040",5,"egg.to.fry",NA,0.228021436441133
"1275","scenario_2_2040",12,"egg.to.fry",NA,0.258057591175042
"1276","scenario_2_2040",18,"egg.to.fry",NA,0.181922432830022
"1277","scenario_2_2040",52,"egg.to.fry",NA,0.127439296144538
"1278","scenario_2_2040",53,"egg.to.fry",NA,0.200457007505131
"1279","scenario_2_2040",54,"egg.to.fry",NA,0.170836641824707
"1280","scenario_2_2040",55,"egg.to.fry",NA,0.163551634740419
"1281","scenario_2_2040",59,"egg.to.fry",NA,0.042495076700084
"1282","scenario_2_2040",60,"egg.to.fry",NA,0.160829384498387
"1283","scenario_2_2040",61,"egg.to.fry",NA,0.461903615917088
"1284","scenario_2_2040",62,"egg.to.fry",NA,0.313641797606705
"1285","scenario_2_2040",63,"egg.to.fry",NA,0.042495076700084
"1286","scenario_3_2040",1,"summer",19102.3939280254,0.317322167195281
"1287","scenario_3_2040",1,"winter",0,0
"1288","scenario_3_2040",5,"summer",22663.8579788181,0.322834691257536
"1289","scenario_3_2040",5,"winter",0,0
"1290","scenario_3_2040",12,"summer",36656.8725092143,0.324594929931863
"1291","scenario_3_2040",12,"winter",0,0
"1292","scenario_3_2040",18,"summer",19028.1340289934,0.312112969164954
"1293","scenario_3_2040",18,"winter",0,0
"1294","scenario_3_2040",52,"summer",7721.06057308006,0.312476206394762
"1295","scenario_3_2040",52,"winter",0,0
"1296","scenario_3_2040",53,"summer",3581.97190262394,0.312759937448019
"1297","scenario_3_2040",53,"winter",0,0
"1298","scenario_3_2040",54,"summer",9509.18487949848,0.313131522949649
"1299","scenario_3_2040",54,"winter",0,0
"1300","scenario_3_2040",55,"summer",19045.4358010888,0.312052459043508
"1301","scenario_3_2040",55,"winter",0,0
"1302","scenario_3_2040",56,"summer",12015.8846676059,0.310686867772403
"1303","scenario_3_2040",56,"winter",0,0
"1304","scenario_3_2040",57,"summer",17594.9102256704,0.320480649969424
"1305","scenario_3_2040",57,"winter",0,0
"1306","scenario_3_2040",58,"summer",15908.1151415532,0.322362170028003
"1307","scenario_3_2040",58,"winter",0,0
"1308","scenario_3_2040",59,"summer",20379.439077233,0.330002419741591
"1309","scenario_3_2040",59,"winter",0,0
"1310","scenario_3_2040",60,"summer",16362.6854728444,0.323573162671947
"1311","scenario_3_2040",60,"winter",0,0
"1312","scenario_3_2040",61,"summer",18366.4598159644,0.314675570661437
"1313","scenario_3_2040",61,"winter",0,0
"1314","scenario_3_2040",62,"summer",27448.5128564892,0.313111221786898
"1315","scenario_3_2040",62,"winter",0,0
"1316","scenario_3_2040",63,"summer",40227.8284146055,0.311287208585078
"1317","scenario_3_2040",63,"winter",0,0
"1318","scenario_3_2040",1,"eggs",28429079.6861587,NA
"1319","scenario_3_2040",5,"eggs",39379164.7867636,NA
"1320","scenario_3_2040",12,"eggs",51415741.1860924,NA
"1321","scenario_3_2040",18,"eggs",36673198.2301617,NA
"1322","scenario_3_2040",52,"eggs",20374596.63846,NA
"1323","scenario_3_2040",53,"eggs",12368974.1940066,NA
"1324","scenario_3_2040",54,"eggs",29812656.0574567,NA
"1325","scenario_3_2040",55,"eggs",1308343.51029051,NA
"1326","scenario_3_2040",56,"eggs",5267.86772353816,NA
"1327","scenario_3_2040",57,"eggs",29799.420802889,NA
"1328","scenario_3_2040",58,"eggs",35038.9258866779,NA
"1329","scenario_3_2040",59,"eggs",4183.32425640593,NA
"1330","scenario_3_2040",60,"eggs",27517.3664387944,NA
"1331","scenario_3_2040",61,"eggs",5227.18133694828,NA
"1332","scenario_3_2040",62,"eggs",21856.8062249181,NA
"1333","scenario_3_2040",63,"eggs",27524.3932321523,NA
"1334","scenario_3_2040",1,"adults",10002.8243340188,NA
"1335","scenario_3_2040",5,"adults",13855.632054602,NA
"1336","scenario_3_2040",12,"adults",18090.7237506621,NA
"1337","scenario_3_2040",18,"adults",12903.5327106124,NA
"1338","scenario_3_2040",52,"adults",7168.83955797667,NA
"1339","scenario_3_2040",53,"adults",4352.04647566898,NA
"1340","scenario_3_2040",54,"adults",10489.6382424385,NA
"1341","scenario_3_2040",55,"adults",460.34308695407,NA
"1342","scenario_3_2040",56,"adults",1.8535090138375,NA
"1343","scenario_3_2040",57,"adults",10.4849813936091,NA
"1344","scenario_3_2040",58,"adults",12.3285109601274,NA
"1345","scenario_3_2040",59,"adults",1.4719103865132,NA
"1346","scenario_3_2040",60,"adults",9.6820363395758,NA
"1347","scenario_3_2040",61,"adults",1.83919343337069,NA
"1348","scenario_3_2040",62,"adults",7.6903577458045,NA
"1349","scenario_3_2040",63,"adults",9.68450872983135,NA
"1350","scenario_3_2040",1,"prespawn",NA,0.766970826515629
"1351","scenario_3_2040",2,"prespawn",NA,0.992135169220553
"1352","scenario_3_2040",5,"prespawn",NA,0.403170776899726
"1353","scenario_3_2040",12,"prespawn",NA,0.469254435948578
"1354","scenario_3_2040",18,"prespawn",NA,0.558889117964251
"1355","scenario_3_2040",52,"prespawn",NA,0.298295904984214
"1356","scenario_3_2040",53,"prespawn",NA,0.424909933688257
"1357","scenario_3_2040",54,"prespawn",NA,0.23369366748728
"1358","scenario_3_2040",55,"prespawn",NA,0.0707272831896173
"1359","scenario_3_2040",56,"prespawn",NA,0.305138542120464
"1360","scenario_3_2040",57,"prespawn",NA,0.149404335988825
"1361","scenario_3_2040",58,"prespawn",NA,0.142022160664586
"1362","scenario_3_2040",59,"prespawn",NA,0.01
"1363","scenario_3_2040",60,"prespawn",NA,0.01
"1364","scenario_3_2040",61,"prespawn",NA,0.536855863720515
"1365","scenario_3_2040",62,"prespawn",NA,0.482302073173728
"1366","scenario_3_2040",63,"prespawn",NA,0.543775353700245
"1367","scenario_3_2040",1,"egg.to.fry",NA,0.179948888809479
"1368","scenario_3_2040",5,"egg.to.fry",NA,0.228021436441133
"1369","scenario_3_2040",12,"egg.to.fry",NA,0.258057591175042
"1370","scenario_3_2040",18,"egg.to.fry",NA,0.181922432830022
"1371","scenario_3_2040",52,"egg.to.fry",NA,0.127439296144538
"1372","scenario_3_2040",53,"egg.to.fry",NA,0.200457007505131
"1373","scenario_3_2040",54,"egg.to.fry",NA,0.170836641824707
"1374","scenario_3_2040",55,"egg.to.fry",NA,0.163551634740419
"1375","scenario_3_2040",59,"egg.to.fry",NA,0.042495076700084
"1376","scenario_3_2040",60,"egg.to.fry",NA,0.160829384498387
"1377","scenario_3_2040",61,"egg.to.fry",NA,0.461903615917088
"1378","scenario_3_2040",62,"egg.to.fry",NA,0.313641797606705
"1379","scenario_3_2040",63,"egg.to.fry",NA,0.042495076700084
"1380","scenario_1_2080",1,"summer",18962.1171914482,0.313628013513937
"1381","scenario_1_2080",1,"winter",0,0
"1382","scenario_1_2080",5,"summer",22325.3779208299,0.317973365541271
"1383","scenario_1_2080",5,"winter",0,0
"1384","scenario_1_2080",12,"summer",36656.8725092143,0.324594929931863
"1385","scenario_1_2080",12,"winter",0,0
"1386","scenario_1_2080",18,"summer",19028.2956126764,0.312120282245212
"1387","scenario_1_2080",18,"winter",0,0
"1388","scenario_1_2080",52,"summer",7721.06057308006,0.312476206394762
"1389","scenario_1_2080",52,"winter",0,0
"1390","scenario_1_2080",53,"summer",3581.03938445271,0.312678354393905
"1391","scenario_1_2080",53,"winter",0,0
"1392","scenario_1_2080",54,"summer",9389.24655356,0.310254973021141
"1393","scenario_1_2080",54,"winter",0,0
"1394","scenario_1_2080",55,"summer",18360.89705605,0.310013235597763
"1395","scenario_1_2080",55,"winter",0,0
"1396","scenario_1_2080",56,"summer",11921.64827883,0.31
"1397","scenario_1_2080",56,"winter",0,0
"1398","scenario_1_2080",57,"summer",17051.1176979774,0.316567122063665
"1399","scenario_1_2080",57,"winter",0,0
"1400","scenario_1_2080",58,"summer",15394.8184014726,0.318980127584923
"1401","scenario_1_2080",58,"winter",0,0
"1402","scenario_1_2080",59,"summer",19966.4415892818,0.326780862441417
"1403","scenario_1_2080",59,"winter",0,0
"1404","scenario_1_2080",60,"summer",15980.7563229591,0.319923532752226
"1405","scenario_1_2080",60,"winter",0,0
"1406","scenario_1_2080",61,"summer",18239.9355047499,0.312980169316712
"1407","scenario_1_2080",61,"winter",0,0
"1408","scenario_1_2080",62,"summer",27333.9682388062,0.312105687574597
"1409","scenario_1_2080",62,"winter",0,0
"1410","scenario_1_2080",63,"summer",40598.7105916607,0.314143515821104
"1411","scenario_1_2080",63,"winter",0,0
"1412","scenario_1_2080",1,"eggs",27083050.3942039,NA
"1413","scenario_1_2080",5,"eggs",38248314.2581463,NA
"1414","scenario_1_2080",12,"eggs",51415741.1860924,NA
"1415","scenario_1_2080",18,"eggs",36673095.8779281,NA
"1416","scenario_1_2080",52,"eggs",20374596.63846,NA
"1417","scenario_1_2080",53,"eggs",12302001.1953881,NA
"1418","scenario_1_2080",54,"eggs",28141181.6049915,NA
"1419","scenario_1_2080",55,"eggs",1194180.14948936,NA
"1420","scenario_1_2080",56,"eggs",0,NA
"1421","scenario_1_2080",57,"eggs",17607.2197044834,NA
"1422","scenario_1_2080",58,"eggs",21235.7126585927,NA
"1423","scenario_1_2080",59,"eggs",4183.32425640593,NA
"1424","scenario_1_2080",60,"eggs",27517.3664387944,NA
"1425","scenario_1_2080",61,"eggs",5227.18133694828,NA
"1426","scenario_1_2080",62,"eggs",21856.8062249181,NA
"1427","scenario_1_2080",63,"eggs",27524.3932321523,NA
"1428","scenario_1_2080",1,"adults",9529.22143499767,NA
"1429","scenario_1_2080",5,"adults",13457.7402019404,NA
"1430","scenario_1_2080",12,"adults",18090.7237506621,NA
"1431","scenario_1_2080",18,"adults",12903.4966977895,NA
"1432","scenario_1_2080",52,"adults",7168.83955797667,NA
"1433","scenario_1_2080",53,"adults",4328.48190208099,NA
"1434","scenario_1_2080",54,"adults",9901.52686101552,NA
"1435","scenario_1_2080",55,"adults",420.174497042553,NA
"1436","scenario_1_2080",56,"adults",0,NA
"1437","scenario_1_2080",57,"adults",6.19513285898489,NA
"1438","scenario_1_2080",58,"adults",7.47182482431964,NA
"1439","scenario_1_2080",59,"adults",1.4719103865132,NA
"1440","scenario_1_2080",60,"adults",9.6820363395758,NA
"1441","scenario_1_2080",61,"adults",1.83919343337069,NA
"1442","scenario_1_2080",62,"adults",7.6903577458045,NA
"1443","scenario_1_2080",63,"adults",9.68450872983135,NA
"1444","scenario_1_2080",1,"prespawn",NA,0.633657965594718
"1445","scenario_1_2080",2,"prespawn",NA,0.856972867538991
"1446","scenario_1_2080",5,"prespawn",NA,0.265838199458311
"1447","scenario_1_2080",12,"prespawn",NA,0.343528143306373
"1448","scenario_1_2080",18,"prespawn",NA,0.421188095283497
"1449","scenario_1_2080",52,"prespawn",NA,0.151958723476525
"1450","scenario_1_2080",53,"prespawn",NA,0.292986208692274
"1451","scenario_1_2080",54,"prespawn",NA,0.106631981590098
"1452","scenario_1_2080",55,"prespawn",NA,0.01
"1453","scenario_1_2080",56,"prespawn",NA,0.169094565166452
"1454","scenario_1_2080",57,"prespawn",NA,0.0270737068079646
"1455","scenario_1_2080",58,"prespawn",NA,0.0174517657403842
"1456","scenario_1_2080",59,"prespawn",NA,0.01
"1457","scenario_1_2080",60,"prespawn",NA,0.01
"1458","scenario_1_2080",61,"prespawn",NA,0.416699416845933
"1459","scenario_1_2080",62,"prespawn",NA,0.36338832733113
"1460","scenario_1_2080",63,"prespawn",NA,0.446729860194131
"1461","scenario_1_2080",1,"egg.to.fry",NA,0.179948888809479
"1462","scenario_1_2080",5,"egg.to.fry",NA,0.228021436441133
"1463","scenario_1_2080",12,"egg.to.fry",NA,0.258057591175042
"1464","scenario_1_2080",18,"egg.to.fry",NA,0.181922432830022
"1465","scenario_1_2080",52,"egg.to.fry",NA,0.127439296144538
"1466","scenario_1_2080",53,"egg.to.fry",NA,0.200457007505131
"1467","scenario_1_2080",54,"egg.to.fry",NA,0.170836641824707
"1468","scenario_1_2080",55,"egg.to.fry",NA,0.163551634740419
"1469","scenario_1_2080",59,"egg.to.fry",NA,0.042495076700084
"1470","scenario_1_2080",60,"egg.to.fry",NA,0.160829384498387
"1471","scenario_1_2080",61,"egg.to.fry",NA,0.461903615917088
"1472","scenario_1_2080",62,"egg.to.fry",NA,0.313641797606705
"1473","scenario_1_2080",63,"egg.to.fry",NA,0.042495076700084
"1474","scenario_2_2080",1,"summer",19010.7273323901,0.314977584430626
"1475","scenario_2_2080",1,"winter",0,0
"1476","scenario_2_2080",5,"summer",22389.3948283568,0.32065997197047
"1477","scenario_2_2080",5,"winter",0,0
"1478","scenario_2_2080",12,"summer",36656.8725092143,0.324594929931863
"1479","scenario_2_2080",12,"winter",0,0
"1480","scenario_2_2080",18,"summer",19028.1340289934,0.312112969164954
"1481","scenario_2_2080",18,"winter",0,0
"1482","scenario_2_2080",52,"summer",7721.06057308006,0.312476206394762
"1483","scenario_2_2080",52,"winter",0,0
"1484","scenario_2_2080",53,"summer",3581.03938445271,0.312678354393905
"1485","scenario_2_2080",53,"winter",0,0
"1486","scenario_2_2080",54,"summer",9389.24655356,0.310254973021141
"1487","scenario_2_2080",54,"winter",0,0
"1488","scenario_2_2080",55,"summer",18360.89705605,0.310013235597763
"1489","scenario_2_2080",55,"winter",0,0
"1490","scenario_2_2080",56,"summer",11921.64827883,0.31
"1491","scenario_2_2080",56,"winter",0,0
"1492","scenario_2_2080",57,"summer",17051.1176979774,0.316567122063665
"1493","scenario_2_2080",57,"winter",0,0
"1494","scenario_2_2080",58,"summer",15394.8184014726,0.318980127584923
"1495","scenario_2_2080",58,"winter",0,0
"1496","scenario_2_2080",59,"summer",19966.4415892818,0.326780862441417
"1497","scenario_2_2080",59,"winter",0,0
"1498","scenario_2_2080",60,"summer",15980.7563229591,0.319923532752226
"1499","scenario_2_2080",60,"winter",0,0
"1500","scenario_2_2080",61,"summer",18239.9355047499,0.312980169316712
"1501","scenario_2_2080",61,"winter",0,0
"1502","scenario_2_2080",62,"summer",27333.9682388062,0.312105687574597
"1503","scenario_2_2080",62,"winter",0,0
"1504","scenario_2_2080",63,"summer",40598.7105916607,0.314143515821104
"1505","scenario_2_2080",63,"winter",0,0
"1506","scenario_2_2080",1,"eggs",27309646.299823,NA
"1507","scenario_2_2080",5,"eggs",38665911.8705759,NA
"1508","scenario_2_2080",12,"eggs",51415741.1860924,NA
"1509","scenario_2_2080",18,"eggs",36673198.2301617,NA
"1510","scenario_2_2080",52,"eggs",20374596.63846,NA
"1511","scenario_2_2080",53,"eggs",12302001.1953881,NA
"1512","scenario_2_2080",54,"eggs",28141181.6049915,NA
"1513","scenario_2_2080",55,"eggs",1194180.14948936,NA
"1514","scenario_2_2080",56,"eggs",0,NA
"1515","scenario_2_2080",57,"eggs",17607.2197044834,NA
"1516","scenario_2_2080",58,"eggs",21235.7126585927,NA
"1517","scenario_2_2080",59,"eggs",4183.32425640593,NA
"1518","scenario_2_2080",60,"eggs",27517.3664387944,NA
"1519","scenario_2_2080",61,"eggs",5227.18133694828,NA
"1520","scenario_2_2080",62,"eggs",21856.8062249181,NA
"1521","scenario_2_2080",63,"eggs",27524.3932321523,NA
"1522","scenario_2_2080",1,"adults",9608.9496240118,NA
"1523","scenario_2_2080",5,"adults",13604.6726952026,NA
"1524","scenario_2_2080",12,"adults",18090.7237506621,NA
"1525","scenario_2_2080",18,"adults",12903.5327106124,NA
"1526","scenario_2_2080",52,"adults",7168.83955797667,NA
"1527","scenario_2_2080",53,"adults",4328.48190208099,NA
"1528","scenario_2_2080",54,"adults",9901.52686101552,NA
"1529","scenario_2_2080",55,"adults",420.174497042553,NA
"1530","scenario_2_2080",56,"adults",0,NA
"1531","scenario_2_2080",57,"adults",6.19513285898489,NA
"1532","scenario_2_2080",58,"adults",7.47182482431964,NA
"1533","scenario_2_2080",59,"adults",1.4719103865132,NA
"1534","scenario_2_2080",60,"adults",9.6820363395758,NA
"1535","scenario_2_2080",61,"adults",1.83919343337069,NA
"1536","scenario_2_2080",62,"adults",7.6903577458045,NA
"1537","scenario_2_2080",63,"adults",9.68450872983135,NA
"1538","scenario_2_2080",1,"prespawn",NA,0.633657965594718
"1539","scenario_2_2080",2,"prespawn",NA,0.856972867538991
"1540","scenario_2_2080",5,"prespawn",NA,0.265838199458311
"1541","scenario_2_2080",12,"prespawn",NA,0.343528143306373
"1542","scenario_2_2080",18,"prespawn",NA,0.421188095283497
"1543","scenario_2_2080",52,"prespawn",NA,0.151958723476525
"1544","scenario_2_2080",53,"prespawn",NA,0.292986208692274
"1545","scenario_2_2080",54,"prespawn",NA,0.106631981590098
"1546","scenario_2_2080",55,"prespawn",NA,0.01
"1547","scenario_2_2080",56,"prespawn",NA,0.169094565166452
"1548","scenario_2_2080",57,"prespawn",NA,0.0270737068079646
"1549","scenario_2_2080",58,"prespawn",NA,0.0174517657403842
"1550","scenario_2_2080",59,"prespawn",NA,0.01
"1551","scenario_2_2080",60,"prespawn",NA,0.01
"1552","scenario_2_2080",61,"prespawn",NA,0.416699416845933
"1553","scenario_2_2080",62,"prespawn",NA,0.36338832733113
"1554","scenario_2_2080",63,"prespawn",NA,0.446729860194131
"1555","scenario_2_2080",1,"egg.to.fry",NA,0.179948888809479
"1556","scenario_2_2080",5,"egg.to.fry",NA,0.228021436441133
"1557","scenario_2_2080",12,"egg.to.fry",NA,0.258057591175042
"1558","scenario_2_2080",18,"egg.to.fry",NA,0.181922432830022
"1559","scenario_2_2080",52,"egg.to.fry",NA,0.127439296144538
"1560","scenario_2_2080",53,"egg.to.fry",NA,0.200457007505131
"1561","scenario_2_2080",54,"egg.to.fry",NA,0.170836641824707
"1562","scenario_2_2080",55,"egg.to.fry",NA,0.163551634740419
"1563","scenario_2_2080",59,"egg.to.fry",NA,0.042495076700084
"1564","scenario_2_2080",60,"egg.to.fry",NA,0.160829384498387
"1565","scenario_2_2080",61,"egg.to.fry",NA,0.461903615917088
"1566","scenario_2_2080",62,"egg.to.fry",NA,0.313641797606705
"1567","scenario_2_2080",63,"egg.to.fry",NA,0.042495076700084
"1568","scenario_3_2080",1,"summer",19102.3939280254,0.317322167195281
"1569","scenario_3_2080",1,"winter",0,0
"1570","scenario_3_2080",5,"summer",22663.8579788181,0.322834691257536
"1571","scenario_3_2080",5,"winter",0,0
"1572","scenario_3_2080",12,"summer",36656.8725092143,0.324594929931863
"1573","scenario_3_2080",12,"winter",0,0
"1574","scenario_3_2080",18,"summer",19028.1340289934,0.312112969164954
"1575","scenario_3_2080",18,"winter",0,0
"1576","scenario_3_2080",52,"summer",7721.06057308006,0.312476206394762
"1577","scenario_3_2080",52,"winter",0,0
"1578","scenario_3_2080",53,"summer",3581.97190262394,0.312759937448019
"1579","scenario_3_2080",53,"winter",0,0
"1580","scenario_3_2080",54,"summer",9509.18487949848,0.313131522949649
"1581","scenario_3_2080",54,"winter",0,0
"1582","scenario_3_2080",55,"summer",19045.4358010888,0.312052459043508
"1583","scenario_3_2080",55,"winter",0,0
"1584","scenario_3_2080",56,"summer",12015.8846676059,0.310686867772403
"1585","scenario_3_2080",56,"winter",0,0
"1586","scenario_3_2080",57,"summer",17594.9102256704,0.320480649969424
"1587","scenario_3_2080",57,"winter",0,0
"1588","scenario_3_2080",58,"summer",15908.1151415532,0.322362170028003
"1589","scenario_3_2080",58,"winter",0,0
"1590","scenario_3_2080",59,"summer",20379.439077233,0.330002419741591
"1591","scenario_3_2080",59,"winter",0,0
"1592","scenario_3_2080",60,"summer",16362.6854728444,0.323573162671947
"1593","scenario_3_2080",60,"winter",0,0
"1594","scenario_3_2080",61,"summer",18366.4598159644,0.314675570661437
"1595","scenario_3_2080",61,"winter",0,0
"1596","scenario_3_2080",62,"summer",27448.5128564892,0.313111221786898
"1597","scenario_3_2080",62,"winter",0,0
"1598","scenario_3_2080",63,"summer",40227.8284146055,0.311287208585078
"1599","scenario_3_2080",63,"winter",0,0
"1600","scenario_3_2080",1,"eggs",28429079.6861587,NA
"1601","scenario_3_2080",5,"eggs",39379164.7867636,NA
"1602","scenario_3_2080",12,"eggs",51415741.1860924,NA
"1603","scenario_3_2080",18,"eggs",36673198.2301617,NA
"1604","scenario_3_2080",52,"eggs",20374596.63846,NA
"1605","scenario_3_2080",53,"eggs",12368974.1940066,NA
"1606","scenario_3_2080",54,"eggs",29812656.0574567,NA
"1607","scenario_3_2080",55,"eggs",1308343.51029051,NA
"1608","scenario_3_2080",56,"eggs",5267.86772353816,NA
"1609","scenario_3_2080",57,"eggs",29799.420802889,NA
"1610","scenario_3_2080",58,"eggs",35038.9258866779,NA
"1611","scenario_3_2080",59,"eggs",4183.32425640593,NA
"1612","scenario_3_2080",60,"eggs",27517.3664387944,NA
"1613","scenario_3_2080",61,"eggs",5227.18133694828,NA
"1614","scenario_3_2080",62,"eggs",21856.8062249181,NA
"1615","scenario_3_2080",63,"eggs",27524.3932321523,NA
"1616","scenario_3_2080",1,"adults",10002.8243340188,NA
"1617","scenario_3_2080",5,"adults",13855.632054602,NA
"1618","scenario_3_2080",12,"adults",18090.7237506621,NA
"1619","scenario_3_2080",18,"adults",12903.5327106124,NA
"1620","scenario_3_2080",52,"adults",7168.83955797667,NA
"1621","scenario_3_2080",53,"adults",4352.04647566898,NA
"1622","scenario_3_2080",54,"adults",10489.6382424385,NA
"1623","scenario_3_2080",55,"adults",460.34308695407,NA
"1624","scenario_3_2080",56,"adults",1.8535090138375,NA
"1625","scenario_3_2080",57,"adults",10.4849813936091,NA
"1626","scenario_3_2080",58,"adults",12.3285109601274,NA
"1627","scenario_3_2080",59,"adults",1.4719103865132,NA
"1628","scenario_3_2080",60,"adults",9.6820363395758,NA
"1629","scenario_3_2080",61,"adults",1.83919343337069,NA
"1630","scenario_3_2080",62,"adults",7.6903577458045,NA
"1631","scenario_3_2080",63,"adults",9.68450872983135,NA
"1632","scenario_3_2080",1,"prespawn",NA,0.633657965594718
"1633","scenario_3_2080",2,"prespawn",NA,0.856972867538991
"1634","scenario_3_2080",5,"prespawn",NA,0.272399320420871
"1635","scenario_3_2080",12,"prespawn",NA,0.343528143306373
"1636","scenario_3_2080",18,"prespawn",NA,0.421188095283497
"1637","scenario_3_2080",52,"prespawn",NA,0.151958723476525
"1638","scenario_3_2080",53,"prespawn",NA,0.292986208692274
"1639","scenario_3_2080",54,"prespawn",NA,0.106631981590098
"1640","scenario_3_2080",55,"prespawn",NA,0.01
"1641","scenario_3_2080",56,"prespawn",NA,0.189739105047918
"1642","scenario_3_2080",57,"prespawn",NA,0.0270737068079646
"1643","scenario_3_2080",58,"prespawn",NA,0.0174517657403842
"1644","scenario_3_2080",59,"prespawn",NA,0.01
"1645","scenario_3_2080",60,"prespawn",NA,0.01
"1646","scenario_3_2080",61,"prespawn",NA,0.416699416845933
"1647","scenario_3_2080",62,"prespawn",NA,0.36338832733113
"1648","scenario_3_2080",63,"prespawn",NA,0.422245335171698
"1649","scenario_3_2080",1,"egg.to.fry",NA,0.179948888809479
"1650","scenario_3_2080",5,"egg.to.fry",NA,0.228021436441133
"1651","scenario_3_2080",12,"egg.to.fry",NA,0.258057591175042
"1652","scenario_3_2080",18,"egg.to.fry",NA,0.181922432830022
"1653","scenario_3_2080",52,"egg.to.fry",NA,0.127439296144538
"1654","scenario_3_2080",53,"egg.to.fry",NA,0.200457007505131
"1655","scenario_3_2080",54,"egg.to.fry",NA,0.170836641824707
"1656","scenario_3_2080",55,"egg.to.fry",NA,0.163551634740419
"1657","scenario_3_2080",59,"egg.to.fry",NA,0.042495076700084
"1658","scenario_3_2080",60,"egg.to.fry",NA,0.160829384498387
"1659","scenario_3_2080",61,"egg.to.fry",NA,0.461903615917088
"1660","scenario_3_2080",62,"egg.to.fry",NA,0.313641797606705
"1661","scenario_3_2080",63,"egg.to.fry",NA,0.042495076700084
"1662","Current_asrp_2019",1,"summer",18828.6040880249,0.310388907062204
"1663","Current_asrp_2019",1,"winter",0,0
"1664","Current_asrp_2019",5,"summer",22112.1581797933,0.312435490136013
"1665","Current_asrp_2019",5,"winter",0,0
"1666","Current_asrp_2019",12,"summer",35892.5453455972,0.312703307795627
"1667","Current_asrp_2019",12,"winter",0,0
"1668","Current_asrp_2019",18,"summer",16689.6494623574,0.310009473742512
"1669","Current_asrp_2019",18,"winter",0,0
"1670","Current_asrp_2019",52,"summer",7663.47190521,0.310213221704759
"1671","Current_asrp_2019",52,"winter",0,0
"1672","Current_asrp_2019",53,"summer",3550.98886558,0.31
"1673","Current_asrp_2019",53,"winter",0,0
"1674","Current_asrp_2019",54,"summer",9389.24655356,0.310254973021141
"1675","Current_asrp_2019",54,"winter",0,0
"1676","Current_asrp_2019",55,"summer",18360.89705605,0.310013235597763
"1677","Current_asrp_2019",55,"winter",0,0
"1678","Current_asrp_2019",56,"summer",11921.64827883,0.31
"1679","Current_asrp_2019",56,"winter",0,0
"1680","Current_asrp_2019",57,"summer",16235.09990465,0.310200420979982
"1681","Current_asrp_2019",57,"winter",0,0
"1682","Current_asrp_2019",58,"summer",14610.42560492,0.313454542038187
"1683","Current_asrp_2019",58,"winter",0,0
"1684","Current_asrp_2019",59,"summer",18066.8197124275,0.311898135205198
"1685","Current_asrp_2019",59,"winter",0,0
"1686","Current_asrp_2019",60,"summer",15220.6020426935,0.312317830227942
"1687","Current_asrp_2019",60,"winter",0,0
"1688","Current_asrp_2019",61,"summer",18045.282718266,0.310360068981896
"1689","Current_asrp_2019",61,"winter",0,0
"1690","Current_asrp_2019",62,"summer",27157.745750063,0.310564954616066
"1691","Current_asrp_2019",62,"winter",0,0
"1692","Current_asrp_2019",63,"summer",40227.8284146055,0.311287208585078
"1693","Current_asrp_2019",63,"winter",0,0
"1694","Current_asrp_2019",1,"eggs",25059885.4856804,NA
"1695","Current_asrp_2019",5,"eggs",37229847.0688904,NA
"1696","Current_asrp_2019",12,"eggs",47187227.6180491,NA
"1697","Current_asrp_2019",18,"eggs",33488224.2707425,NA
"1698","Current_asrp_2019",52,"eggs",18692290.494,NA
"1699","Current_asrp_2019",53,"eggs",11379335.2621277,NA
"1700","Current_asrp_2019",54,"eggs",28141181.6049915,NA
"1701","Current_asrp_2019",55,"eggs",1194180.14948936,NA
"1702","Current_asrp_2019",56,"eggs",0,NA
"1703","Current_asrp_2019",57,"eggs",0,NA
"1704","Current_asrp_2019",58,"eggs",0,NA
"1705","Current_asrp_2019",59,"eggs",4183.32425640593,NA
"1706","Current_asrp_2019",60,"eggs",27517.3664387944,NA
"1707","Current_asrp_2019",61,"eggs",5227.18133694828,NA
"1708","Current_asrp_2019",62,"eggs",21856.8062249181,NA
"1709","Current_asrp_2019",63,"eggs",27524.3932321523,NA
"1710","Current_asrp_2019",1,"adults",8817.36711533201,NA
"1711","Current_asrp_2019",5,"adults",13099.3906353503,NA
"1712","Current_asrp_2019",12,"adults",16602.9134211654,NA
"1713","Current_asrp_2019",18,"adults",11782.8937248909,NA
"1714","Current_asrp_2019",52,"adults",6576.91702566667,NA
"1715","Current_asrp_2019",53,"adults",4003.84018482269,NA
"1716","Current_asrp_2019",54,"adults",9901.52686101552,NA
"1717","Current_asrp_2019",55,"adults",420.174497042553,NA
"1718","Current_asrp_2019",56,"adults",0,NA
"1719","Current_asrp_2019",57,"adults",0,NA
"1720","Current_asrp_2019",58,"adults",0,NA
"1721","Current_asrp_2019",59,"adults",1.4719103865132,NA
"1722","Current_asrp_2019",60,"adults",9.6820363395758,NA
"1723","Current_asrp_2019",61,"adults",1.83919343337069,NA
"1724","Current_asrp_2019",62,"adults",7.6903577458045,NA
"1725","Current_asrp_2019",63,"adults",9.68450872983135,NA
"1726","Current_asrp_2019",1,"prespawn",NA,0.92732826132946
"1727","Current_asrp_2019",2,"prespawn",NA,1
"1728","Current_asrp_2019",5,"prespawn",NA,0.510541393373113
"1729","Current_asrp_2019",12,"prespawn",NA,0.604917276986395
"1730","Current_asrp_2019",18,"prespawn",NA,0.686431548386748
"1731","Current_asrp_2019",52,"prespawn",NA,0.455480222466904
"1732","Current_asrp_2019",53,"prespawn",NA,0.589975941972333
"1733","Current_asrp_2019",54,"prespawn",NA,0.382321580029927
"1734","Current_asrp_2019",55,"prespawn",NA,0.194127322771167
"1735","Current_asrp_2019",56,"prespawn",NA,0.400709934333724
"1736","Current_asrp_2019",57,"prespawn",NA,0.289908438065721
"1737","Current_asrp_2019",58,"prespawn",NA,0.297922086628936
"1738","Current_asrp_2019",59,"prespawn",NA,0.156115498597133
"1739","Current_asrp_2019",60,"prespawn",NA,0.149999635264764
"1740","Current_asrp_2019",61,"prespawn",NA,0.659993056367037
"1741","Current_asrp_2019",62,"prespawn",NA,0.60913479255501
"1742","Current_asrp_2019",63,"prespawn",NA,0.680982927875806
"1743","Current_asrp_2019",1,"egg.to.fry",NA,0.179948888809479
"1744","Current_asrp_2019",5,"egg.to.fry",NA,0.228021436441133
"1745","Current_asrp_2019",12,"egg.to.fry",NA,0.258057591175042
"1746","Current_asrp_2019",18,"egg.to.fry",NA,0.181922432830022
"1747","Current_asrp_2019",52,"egg.to.fry",NA,0.127439296144538
"1748","Current_asrp_2019",53,"egg.to.fry",NA,0.200457007505131
"1749","Current_asrp_2019",54,"egg.to.fry",NA,0.170836641824707
"1750","Current_asrp_2019",55,"egg.to.fry",NA,0.163551634740419
"1751","Current_asrp_2019",59,"egg.to.fry",NA,0.042495076700084
"1752","Current_asrp_2019",60,"egg.to.fry",NA,0.160829384498387
"1753","Current_asrp_2019",61,"egg.to.fry",NA,0.461903615917088
"1754","Current_asrp_2019",62,"egg.to.fry",NA,0.313641797606705
"1755","Current_asrp_2019",63,"egg.to.fry",NA,0.042495076700084
